timestamp_unix,timestamp_utc,lat,lon,alt_ft,groundspeed_kt,type,isolated
1780149159,2026-05-30T13:52:39+00:00,44.181713,12.10272,1325,0,,False
1780149197,2026-05-30T13:53:17+00:00,44.165787,12.141624,2425,120,,False
1780149218,2026-05-30T13:53:38+00:00,44.152042,12.171217,3100,250,,False
1780149230,2026-05-30T13:53:50+00:00,44.154045,12.172903,3600,180,,False
1780149239,2026-05-30T13:53:59+00:00,44.158482,12.169514,3875,110,,False
1780149241,2026-05-30T13:54:01+00:00,44.160545,12.167956,4000,217,,False
1780149249,2026-05-30T13:54:09+00:00,44.153152,12.185186,4225,107,,False
1780149251,2026-05-30T13:54:11+00:00,44.153164,12.187101,4300,133,,False
1780149254,2026-05-30T13:54:14+00:00,44.153599,12.189321,4375,128,,False
1780149257,2026-05-30T13:54:17+00:00,44.154507,12.192623,4450,135,,False
1780149259,2026-05-30T13:54:19+00:00,44.154591,12.194798,4550,143,,False
1780149261,2026-05-30T13:54:21+00:00,44.154758,12.196065,4625,143,,False
1780149263,2026-05-30T13:54:23+00:00,44.155598,12.19803,4700,134,,False
1780149266,2026-05-30T13:54:26+00:00,44.156017,12.199861,4800,138,,False
1780149268,2026-05-30T13:54:28+00:00,44.156784,12.201849,4875,138,,False
1780149270,2026-05-30T13:54:30+00:00,44.157047,12.203182,4950,136,,False
1780149274,2026-05-30T13:54:34+00:00,44.157829,12.206587,5075,141,,False
1780149276,2026-05-30T13:54:36+00:00,44.158566,12.208312,5125,138,,False
1780149279,2026-05-30T13:54:39+00:00,44.159367,12.210443,5175,137,,False
1780149282,2026-05-30T13:54:42+00:00,44.16008,12.212788,5250,138,,False
1780149284,2026-05-30T13:54:44+00:00,44.160671,12.214687,5325,137,,False
1780149287,2026-05-30T13:54:47+00:00,44.161816,12.217548,5450,136,,False
1780149289,2026-05-30T13:54:49+00:00,44.162395,12.219171,5525,135,,False
1780149293,2026-05-30T13:54:53+00:00,44.163433,12.221995,5650,139,,False
1780149296,2026-05-30T13:54:56+00:00,44.164238,12.224292,5700,139,,False
1780149298,2026-05-30T13:54:58+00:00,44.164856,12.226279,5800,137,,False
1780149300,2026-05-30T13:55:00+00:00,44.16547,12.227656,5850,142,,False
1780149304,2026-05-30T13:55:04+00:00,44.166584,12.231359,5975,142,,False
1780149319,2026-05-30T13:55:19+00:00,44.170368,12.243357,6450,139,,False
1780149333,2026-05-30T13:55:33+00:00,44.174595,12.256426,6875,146,,False
1780149339,2026-05-30T13:55:39+00:00,44.175358,12.259626,7125,141,,False
1780149341,2026-05-30T13:55:41+00:00,44.175846,12.261963,7200,144,,False
1780149343,2026-05-30T13:55:43+00:00,44.176434,12.264199,7300,141,,False
1780149345,2026-05-30T13:55:45+00:00,44.176891,12.266128,7375,144,,False
1780149348,2026-05-30T13:55:48+00:00,44.177418,12.267654,7450,147,,False
1780149350,2026-05-30T13:55:50+00:00,44.178131,12.269687,7525,147,,False
1780149352,2026-05-30T13:55:52+00:00,44.178909,12.272047,7625,149,,False
1780149355,2026-05-30T13:55:55+00:00,44.179546,12.274549,7700,140,,False
1780149358,2026-05-30T13:55:58+00:00,44.179817,12.275916,7750,138,,False
1780149360,2026-05-30T13:56:00+00:00,44.180508,12.27881,7850,140,,False
1780149363,2026-05-30T13:56:03+00:00,44.181042,12.280914,7925,141,,False
1780149365,2026-05-30T13:56:05+00:00,44.181576,12.282577,8025,142,,False
1780149368,2026-05-30T13:56:08+00:00,44.182167,12.285184,8100,142,,False
1780149370,2026-05-30T13:56:10+00:00,44.182442,12.286634,8175,142,,False
1780149372,2026-05-30T13:56:12+00:00,44.183247,12.289305,8250,142,,False
1780149375,2026-05-30T13:56:15+00:00,44.183739,12.290703,8350,140,,False
1780149377,2026-05-30T13:56:17+00:00,44.18446,12.293545,8425,145,,False
1780149380,2026-05-30T13:56:20+00:00,44.185013,12.29537,8525,144,,False
1780149383,2026-05-30T13:56:23+00:00,44.18565,12.297713,8600,143,,False
1780149385,2026-05-30T13:56:25+00:00,44.186192,12.299977,8675,139,,False
1780149388,2026-05-30T13:56:28+00:00,44.186642,12.301905,8750,143,,False
1780149390,2026-05-30T13:56:30+00:00,44.18737,12.304405,8850,139,,False
1780149393,2026-05-30T13:56:33+00:00,44.187904,12.306147,8925,141,,False
1780149396,2026-05-30T13:56:36+00:00,44.188744,12.309471,9050,143,,False
1780149399,2026-05-30T13:56:39+00:00,44.189304,12.311575,9175,142,,False
1780149401,2026-05-30T13:56:41+00:00,44.189869,12.313818,9250,140,,False
1780149404,2026-05-30T13:56:44+00:00,44.190575,12.316281,9350,140,,False
1780149406,2026-05-30T13:56:46+00:00,44.190971,12.317907,9400,141,,False
1780149408,2026-05-30T13:56:48+00:00,44.191437,12.319655,9500,137,,False
1780149411,2026-05-30T13:56:51+00:00,44.191967,12.321643,9575,137,,False
1780149413,2026-05-30T13:56:53+00:00,44.192551,12.323713,9650,136,,False
1780149415,2026-05-30T13:56:55+00:00,44.192837,12.325062,9700,135,,False
1780149418,2026-05-30T13:56:58+00:00,44.193382,12.32728,9800,135,,False
1780149420,2026-05-30T13:57:00+00:00,44.194004,12.329374,9875,139,,False
1780149423,2026-05-30T13:57:03+00:00,44.194637,12.331576,9975,140,,False
1780149429,2026-05-30T13:57:09+00:00,44.196037,12.336897,10175,141,,False
1780149431,2026-05-30T13:57:11+00:00,44.196621,12.339083,10225,139,,False
1780149434,2026-05-30T13:57:14+00:00,44.197079,12.340469,10300,141,,False
1780149436,2026-05-30T13:57:16+00:00,44.1978,12.343078,10350,141,,False
1780149439,2026-05-30T13:57:19+00:00,44.19825,12.344896,10450,138,,False
1780149441,2026-05-30T13:57:21+00:00,44.198734,12.346844,10500,133,,False
1780149444,2026-05-30T13:57:24+00:00,44.199516,12.349407,10575,138,,False
1780149446,2026-05-30T13:57:26+00:00,44.199894,12.351092,10650,139,,False
1780149448,2026-05-30T13:57:28+00:00,44.200451,12.35315,10725,141,,False
1780149452,2026-05-30T13:57:32+00:00,44.201248,12.356191,10825,141,,False
1780149454,2026-05-30T13:57:34+00:00,44.201679,12.35786,10900,141,,False
1780149456,2026-05-30T13:57:36+00:00,44.202271,12.359854,10975,142,,False
1780149459,2026-05-30T13:57:39+00:00,44.202877,12.36226,11050,139,,False
1780149462,2026-05-30T13:57:42+00:00,44.203388,12.364171,11150,138,,False
1780149464,2026-05-30T13:57:44+00:00,44.203815,12.365933,11225,136,,False
1780149466,2026-05-30T13:57:46+00:00,44.204399,12.368,11275,140,,False
1780149468,2026-05-30T13:57:48+00:00,44.204937,12.369873,11350,143,,False
1780149471,2026-05-30T13:57:51+00:00,44.205441,12.371916,11400,139,,False
1780149473,2026-05-30T13:57:53+00:00,44.20594,12.373783,11475,143,,False
1780149487,2026-05-30T13:58:07+00:00,44.209194,12.386384,11875,141,,False
1780149502,2026-05-30T13:58:22+00:00,44.212479,12.398515,12300,139,,False
1780149531,2026-05-30T13:58:51+00:00,44.219326,12.42417,13125,144,,False
1780149533,2026-05-30T13:58:53+00:00,44.219715,12.425591,13175,144,,False
1780149535,2026-05-30T13:58:55+00:00,44.220188,12.4273,13250,143,,False
1780149538,2026-05-30T13:58:58+00:00,44.220654,12.429236,13300,145,,False
1780149540,2026-05-30T13:59:00+00:00,44.221359,12.431814,13375,142,,False
1780149542,2026-05-30T13:59:02+00:00,44.221775,12.433537,13450,139,,False
1780149545,2026-05-30T13:59:05+00:00,44.222324,12.43564,13525,144,,False
1780149547,2026-05-30T13:59:07+00:00,44.222832,12.43747,13575,145,,False
1780149549,2026-05-30T13:59:09+00:00,44.223274,12.439054,13650,142,,False
1780149551,2026-05-30T13:59:11+00:00,44.223759,12.441038,13700,139,,False
1780149554,2026-05-30T13:59:14+00:00,44.224358,12.443212,13775,139,,False
1780149556,2026-05-30T13:59:16+00:00,44.224747,12.444756,13850,142,,False
1780149559,2026-05-30T13:59:19+00:00,44.225445,12.447327,13925,141,,False
1780149561,2026-05-30T13:59:21+00:00,44.225971,12.449181,14000,142,,False
1780149563,2026-05-30T13:59:23+00:00,44.226624,12.451642,14050,143,,False
1780149566,2026-05-30T13:59:26+00:00,44.226944,12.452964,14125,140,,False
1780149568,2026-05-30T13:59:28+00:00,44.227757,12.455797,14175,143,,False
1780149570,2026-05-30T13:59:30+00:00,44.228146,12.457399,14225,144,,False
1780149573,2026-05-30T13:59:33+00:00,44.228661,12.459394,14275,142,,False
1780149575,2026-05-30T13:59:35+00:00,44.229229,12.461642,14350,144,,False
1780149578,2026-05-30T13:59:38+00:00,44.22995,12.464238,14400,145,,False
1780149580,2026-05-30T13:59:40+00:00,44.230438,12.466228,14450,144,,False
1780149582,2026-05-30T13:59:42+00:00,44.230991,12.468276,14525,145,,False
1780149585,2026-05-30T13:59:45+00:00,44.231331,12.46957,14575,145,,False
1780149587,2026-05-30T13:59:47+00:00,44.231827,12.472074,14625,145,,False
1780149590,2026-05-30T13:59:50+00:00,44.232079,12.474169,14700,151,,False
1780149592,2026-05-30T13:59:52+00:00,44.232212,12.476998,14750,152,,False
1780149594,2026-05-30T13:59:54+00:00,44.232033,12.479033,14775,149,,False
1780149596,2026-05-30T13:59:56+00:00,44.231724,12.480873,14825,148,,False
1780149599,2026-05-30T13:59:59+00:00,44.231178,12.482943,14875,148,,False
1780149601,2026-05-30T14:00:01+00:00,44.230453,12.485103,14950,151,,False
1780149604,2026-05-30T14:00:04+00:00,44.229317,12.4878,15000,156,,False
1780149606,2026-05-30T14:00:06+00:00,44.228306,12.489343,15050,156,,False
1780149609,2026-05-30T14:00:09+00:00,44.227058,12.491014,15150,154,,False
1780149611,2026-05-30T14:00:11+00:00,44.225323,12.492807,15200,157,,False
1780149614,2026-05-30T14:00:14+00:00,44.223957,12.493641,15275,154,,False
1780149616,2026-05-30T14:00:16+00:00,44.222404,12.494569,15325,155,,False
1780149618,2026-05-30T14:00:18+00:00,44.221088,12.495175,15375,153,,False
1780149620,2026-05-30T14:00:20+00:00,44.219131,12.495653,15425,155,,False
1780149623,2026-05-30T14:00:23+00:00,44.217476,12.495872,15475,157,,False
1780149625,2026-05-30T14:00:25+00:00,44.216045,12.495831,15525,161,,False
1780149627,2026-05-30T14:00:27+00:00,44.214058,12.495488,15575,161,,False
1780149630,2026-05-30T14:00:30+00:00,44.212337,12.494925,15625,163,,False
1780149632,2026-05-30T14:00:32+00:00,44.210403,12.494039,15650,166,,False
1780149634,2026-05-30T14:00:34+00:00,44.209251,12.493251,15700,165,,False
1780149636,2026-05-30T14:00:36+00:00,44.207581,12.491979,15725,162,,False
1780149638,2026-05-30T14:00:38+00:00,44.206161,12.490671,15775,167,,False
1780149641,2026-05-30T14:00:41+00:00,44.204933,12.489013,15825,173,,False
1780149643,2026-05-30T14:00:43+00:00,44.2038,12.487478,15875,174,,False
1780149645,2026-05-30T14:00:45+00:00,44.202702,12.485585,15925,170,,False
1780149648,2026-05-30T14:00:48+00:00,44.2015,12.482876,16000,170,,False
1780149650,2026-05-30T14:00:50+00:00,44.200722,12.481034,16025,170,,False
1780149652,2026-05-30T14:00:52+00:00,44.199978,12.479107,16100,170,,False
1780149654,2026-05-30T14:00:54+00:00,44.199245,12.47677,16150,166,,False
1780149656,2026-05-30T14:00:56+00:00,44.198463,12.474363,16200,169,,False
1780149659,2026-05-30T14:00:59+00:00,44.197773,12.472275,16300,170,,False
1780149662,2026-05-30T14:01:02+00:00,44.196922,12.469374,16375,166,,False
1780149664,2026-05-30T14:01:04+00:00,44.196259,12.467337,16425,168,,False
1780149666,2026-05-30T14:01:06+00:00,44.195534,12.464997,16500,164,,False
1780149668,2026-05-30T14:01:08+00:00,44.194904,12.462742,16550,167,,False
1780149671,2026-05-30T14:01:11+00:00,44.19418,12.460457,16625,165,,False
1780149673,2026-05-30T14:01:13+00:00,44.193661,12.458534,16675,163,,False
1780149675,2026-05-30T14:01:15+00:00,44.192917,12.45615,16725,161,,False
1780149678,2026-05-30T14:01:18+00:00,44.192188,12.453567,16800,164,,False
1780149680,2026-05-30T14:01:20+00:00,44.191639,12.451773,16850,165,,False
1780149682,2026-05-30T14:01:22+00:00,44.191063,12.44974,16900,164,,False
1780149684,2026-05-30T14:01:24+00:00,44.190414,12.447602,16950,164,,False
1780149686,2026-05-30T14:01:26+00:00,44.189846,12.445638,17000,163,,False
1780149689,2026-05-30T14:01:29+00:00,44.189201,12.443422,17050,163,,False
1780149691,2026-05-30T14:01:31+00:00,44.188416,12.440875,17125,159,,False
1780149711,2026-05-30T14:01:51+00:00,44.183128,12.421718,17550,163,,False
1780149713,2026-05-30T14:01:53+00:00,44.183037,12.419202,17600,162,,False
1780149716,2026-05-30T14:01:56+00:00,44.183018,12.415974,17675,160,,False
1780149719,2026-05-30T14:01:59+00:00,44.183163,12.41326,17725,162,,False
1780149721,2026-05-30T14:02:01+00:00,44.183372,12.411066,17750,165,,False
1780149723,2026-05-30T14:02:03+00:00,44.183594,12.408348,17800,159,,False
1780149725,2026-05-30T14:02:05+00:00,44.183857,12.40589,17850,164,,False
1780149727,2026-05-30T14:02:07+00:00,44.184071,12.40454,17900,159,,False
1780149729,2026-05-30T14:02:09+00:00,44.184299,12.40204,17950,157,,False
1780149731,2026-05-30T14:02:11+00:00,44.184612,12.400129,18000,190,,False
1780149733,2026-05-30T14:02:13+00:00,44.184917,12.398009,18050,190,,False
1780149736,2026-05-30T14:02:16+00:00,44.185139,12.395938,18100,190,,False
1780149738,2026-05-30T14:02:18+00:00,44.185371,12.393727,18150,159,,False
1780149740,2026-05-30T14:02:20+00:00,44.185703,12.391573,18200,156,,False
1780149742,2026-05-30T14:02:22+00:00,44.186028,12.389259,18250,159,,False
1780149744,2026-05-30T14:02:24+00:00,44.186314,12.386951,18300,160,,False
1780149747,2026-05-30T14:02:27+00:00,44.186607,12.384767,18375,160,,False
1780149749,2026-05-30T14:02:29+00:00,44.187008,12.38186,18400,160,,False
1780149752,2026-05-30T14:02:32+00:00,44.187366,12.379324,18450,162,,False
1780149754,2026-05-30T14:02:34+00:00,44.187634,12.377043,18525,161,,False
1780149756,2026-05-30T14:02:36+00:00,44.187946,12.374736,18575,160,,False
1780149759,2026-05-30T14:02:39+00:00,44.188236,12.372321,18625,157,,False
1780149768,2026-05-30T14:02:48+00:00,44.18932,12.363475,18825,172,,False
1780149770,2026-05-30T14:02:50+00:00,44.189617,12.361279,18875,172,,False
1780149801,2026-05-30T14:03:21+00:00,44.193565,12.329372,19550,159,,False
1780149832,2026-05-30T14:03:52+00:00,44.197697,12.298433,20225,160,,False
1780149834,2026-05-30T14:03:54+00:00,44.198032,12.296283,20275,160,,False
1780149837,2026-05-30T14:03:57+00:00,44.19849,12.293292,20325,160,,False
1780149868,2026-05-30T14:04:28+00:00,44.203529,12.262453,20950,160,,False
1780149876,2026-05-30T14:04:36+00:00,44.204998,12.253918,21100,162,,False
1780149879,2026-05-30T14:04:39+00:00,44.205406,12.251647,21150,161,,False
1780149881,2026-05-30T14:04:41+00:00,44.205765,12.249553,21200,161,,False
1780149883,2026-05-30T14:04:43+00:00,44.206161,12.24741,21225,160,,False
1780149885,2026-05-30T14:04:45+00:00,44.206612,12.245162,21275,162,,False
1780149887,2026-05-30T14:04:47+00:00,44.207134,12.243055,21300,162,,False
1780149889,2026-05-30T14:04:49+00:00,44.20779,12.241082,21350,160,,False
1780149892,2026-05-30T14:04:52+00:00,44.208622,12.239089,21375,160,,False
1780149894,2026-05-30T14:04:54+00:00,44.209854,12.237,21425,160,,False
1780149896,2026-05-30T14:04:56+00:00,44.211132,12.235141,21450,158,,False
1780149899,2026-05-30T14:04:59+00:00,44.212246,12.234019,21500,158,,False
1780149901,2026-05-30T14:05:01+00:00,44.213661,12.232666,21550,158,,False
1780149903,2026-05-30T14:05:03+00:00,44.215004,12.231584,21575,158,,False
1780149905,2026-05-30T14:05:05+00:00,44.216507,12.230593,21625,158,,False
1780149907,2026-05-30T14:05:07+00:00,44.217865,12.229645,21675,158,,False
1780149909,2026-05-30T14:05:09+00:00,44.219158,12.228787,21725,156,,False
1780149911,2026-05-30T14:05:11+00:00,44.220501,12.228086,21800,156,,False
1780149913,2026-05-30T14:05:13+00:00,44.221863,12.227354,21850,154,,False
1780149916,2026-05-30T14:05:16+00:00,44.223408,12.226494,21900,154,,False
1780149918,2026-05-30T14:05:18+00:00,44.225006,12.225562,21950,154,,False
1780149920,2026-05-30T14:05:20+00:00,44.226452,12.224941,21975,154,,False
1780149922,2026-05-30T14:05:22+00:00,44.227821,12.224205,22025,154,,False
1780149924,2026-05-30T14:05:24+00:00,44.229214,12.223475,22050,154,,False
1780149927,2026-05-30T14:05:27+00:00,44.230839,12.222464,22100,154,,False
1780149929,2026-05-30T14:05:29+00:00,44.232151,12.221838,22150,154,,False
1780149931,2026-05-30T14:05:31+00:00,44.234009,12.220882,22175,154,,False
1780149933,2026-05-30T14:05:33+00:00,44.23518,12.22021,22225,156,,False
1780149936,2026-05-30T14:05:36+00:00,44.236885,12.219514,22275,156,,False
1780149938,2026-05-30T14:05:38+00:00,44.238419,12.218655,22300,156,,False
1780149940,2026-05-30T14:05:40+00:00,44.239815,12.217879,22350,156,,False
1780149942,2026-05-30T14:05:42+00:00,44.241352,12.217031,22375,156,,False
1780149945,2026-05-30T14:05:45+00:00,44.242905,12.21631,22425,156,,False
1780149947,2026-05-30T14:05:47+00:00,44.24432,12.215545,22450,156,,False
1780149949,2026-05-30T14:05:49+00:00,44.245815,12.214725,22500,156,,False
1780149951,2026-05-30T14:05:51+00:00,44.247326,12.214015,22525,156,,False
1780149953,2026-05-30T14:05:53+00:00,44.248749,12.213215,22575,156,,False
1780149956,2026-05-30T14:05:56+00:00,44.250511,12.212392,22600,158,,False
1780149958,2026-05-30T14:05:58+00:00,44.252151,12.211486,22675,158,,False
1780149960,2026-05-30T14:06:00+00:00,44.253498,12.210877,22700,158,,False
1780149962,2026-05-30T14:06:02+00:00,44.254906,12.210154,22725,158,,False
1780149965,2026-05-30T14:06:05+00:00,44.256626,12.209249,22775,158,,False
1780149967,2026-05-30T14:06:07+00:00,44.258167,12.208509,22825,158,,False
1780149969,2026-05-30T14:06:09+00:00,44.25975,12.207771,22850,158,,False
1780149971,2026-05-30T14:06:11+00:00,44.261139,12.207088,22900,158,,False
1780149974,2026-05-30T14:06:14+00:00,44.262623,12.206229,22925,158,,False
1780149976,2026-05-30T14:06:16+00:00,44.264481,12.205282,22975,158,,False
1780149978,2026-05-30T14:06:18+00:00,44.265671,12.204734,23000,158,,False
1780149980,2026-05-30T14:06:20+00:00,44.267109,12.203985,23050,156,,False
1780150011,2026-05-30T14:06:51+00:00,44.288227,12.192918,23625,156,,False
1780150025,2026-05-30T14:07:05+00:00,44.297634,12.187999,23850,158,,False
1780150030,2026-05-30T14:07:10+00:00,44.3008,12.186352,23925,158,,False
1780150032,2026-05-30T14:07:12+00:00,44.302189,12.18562,23950,158,,False
1780150034,2026-05-30T14:07:14+00:00,44.303684,12.184957,23975,158,,False
1780150037,2026-05-30T14:07:17+00:00,44.305389,12.184011,24000,158,,False
1780150039,2026-05-30T14:07:19+00:00,44.30674,12.183343,24050,158,,False
1780150041,2026-05-30T14:07:21+00:00,44.308201,12.182436,24100,158,,False
1780150043,2026-05-30T14:07:23+00:00,44.309628,12.181702,24125,158,,False
1780150045,2026-05-30T14:07:25+00:00,44.311291,12.180864,24150,158,,False
1780150047,2026-05-30T14:07:27+00:00,44.312641,12.179964,24200,158,,False
1780150049,2026-05-30T14:07:29+00:00,44.31395,12.179084,24225,160,,False
1780150051,2026-05-30T14:07:31+00:00,44.315434,12.178205,24250,160,,False
1780150054,2026-05-30T14:07:34+00:00,44.316769,12.177144,24275,160,,False
1780150056,2026-05-30T14:07:36+00:00,44.318211,12.17591,24300,160,,False
1780150058,2026-05-30T14:07:38+00:00,44.319622,12.174417,24350,162,,False
1780150060,2026-05-30T14:07:40+00:00,44.321106,12.172801,24375,162,,False
1780150063,2026-05-30T14:07:43+00:00,44.322338,12.171535,24400,162,,False
1780150065,2026-05-30T14:07:45+00:00,44.323582,12.169924,24450,162,,False
1780150067,2026-05-30T14:07:47+00:00,44.324776,12.168197,24475,162,,False
1780150069,2026-05-30T14:07:49+00:00,44.325905,12.166429,24525,164,,False
1780150071,2026-05-30T14:07:51+00:00,44.327114,12.164351,24550,164,,False
1780150074,2026-05-30T14:07:54+00:00,44.327991,12.162717,24575,164,,False
1780150076,2026-05-30T14:07:56+00:00,44.328869,12.160792,24625,164,,False
1780150078,2026-05-30T14:07:58+00:00,44.329735,12.15881,24650,166,,False
1780150080,2026-05-30T14:08:00+00:00,44.330395,12.157063,24700,166,,False
1780150082,2026-05-30T14:08:02+00:00,44.331215,12.154776,24725,166,,False
1780150085,2026-05-30T14:08:05+00:00,44.331997,12.152351,24775,168,,False
1780150087,2026-05-30T14:08:07+00:00,44.332684,12.150064,24800,168,,False
1780150089,2026-05-30T14:08:09+00:00,44.333076,12.148292,24825,170,,False
1780150092,2026-05-30T14:08:12+00:00,44.333443,12.145802,24850,170,,False
1780150094,2026-05-30T14:08:14+00:00,44.333889,12.142029,24900,172,,False
1780150097,2026-05-30T14:08:17+00:00,44.334072,12.139855,24925,172,,False
1780150099,2026-05-30T14:08:19+00:00,44.33419,12.137127,24950,172,,False
1780150101,2026-05-30T14:08:21+00:00,44.334179,12.134914,25000,172,,False
1780150103,2026-05-30T14:08:23+00:00,44.33408,12.132302,25025,174,,False
1780150105,2026-05-30T14:08:25+00:00,44.33387,12.129909,25075,175,,False
1780150108,2026-05-30T14:08:28+00:00,44.333359,12.126643,25125,179,,False
1780150110,2026-05-30T14:08:30+00:00,44.332943,12.124998,25150,176,,False
1780150112,2026-05-30T14:08:32+00:00,44.332405,12.12245,25200,177,,False
1780150114,2026-05-30T14:08:34+00:00,44.331806,12.120206,25225,179,,False
1780150116,2026-05-30T14:08:36+00:00,44.331059,12.117887,25250,172,,False
1780150119,2026-05-30T14:08:39+00:00,44.330212,12.11566,26975,190,,False
1780150121,2026-05-30T14:08:41+00:00,44.329296,12.113322,25300,183,,False
1780150123,2026-05-30T14:08:43+00:00,44.328224,12.110903,25300,184,,False
1780150125,2026-05-30T14:08:45+00:00,44.327129,12.108879,25325,187,,False
1780150127,2026-05-30T14:08:47+00:00,44.325939,12.106912,25325,188,,False
1780150129,2026-05-30T14:08:49+00:00,44.32465,12.104886,25350,194,,False
1780150132,2026-05-30T14:08:52+00:00,44.323318,12.103006,25375,195,,False
1780150134,2026-05-30T14:08:54+00:00,44.321945,12.101212,25400,195,,False
1780150136,2026-05-30T14:08:56+00:00,44.320278,12.099582,27000,191,,False
1780150138,2026-05-30T14:08:58+00:00,44.318569,12.097863,25450,197,,False
1780150140,2026-05-30T14:09:00+00:00,44.317181,12.096707,25500,188,,False
1780150142,2026-05-30T14:09:02+00:00,44.315216,12.095156,25525,200,,False
1780150145,2026-05-30T14:09:05+00:00,44.31337,12.093942,25550,200,,False
1780150147,2026-05-30T14:09:07+00:00,44.311733,12.09304,25575,196,,False
1780150149,2026-05-30T14:09:09+00:00,44.309708,12.092075,25600,206,,False
1780150151,2026-05-30T14:09:11+00:00,44.30793,12.0915,25625,200,,False
1780150153,2026-05-30T14:09:13+00:00,44.30592,12.090869,25650,206,,False
1780150155,2026-05-30T14:09:15+00:00,44.303921,12.090327,25675,202,,False
1780150157,2026-05-30T14:09:17+00:00,44.302044,12.090046,25700,199,,False
1780150159,2026-05-30T14:09:19+00:00,44.300064,12.090087,25725,201,,False
1780150162,2026-05-30T14:09:22+00:00,44.298065,12.090096,25775,202,,False
1780150164,2026-05-30T14:09:24+00:00,44.295921,12.09031,25800,172,,False
1780150166,2026-05-30T14:09:26+00:00,44.294075,12.090748,25825,202,,False
1780150168,2026-05-30T14:09:28+00:00,44.291916,12.091329,25875,202,,False
1780150170,2026-05-30T14:09:30+00:00,44.290283,12.092015,25900,202,,False
1780150172,2026-05-30T14:09:32+00:00,44.288158,12.09286,25925,202,,False
1780150174,2026-05-30T14:09:34+00:00,44.286457,12.093829,25925,202,,False
1780150177,2026-05-30T14:09:37+00:00,44.28442,12.095067,25950,204,,False
1780150179,2026-05-30T14:09:39+00:00,44.282509,12.096488,25975,204,,False
1780150181,2026-05-30T14:09:41+00:00,44.280716,12.097965,26000,204,,False
1780150183,2026-05-30T14:09:43+00:00,44.279163,12.099509,26025,204,,False
1780150185,2026-05-30T14:09:45+00:00,44.277515,12.101361,26050,202,,False
1780150188,2026-05-30T14:09:48+00:00,44.276173,12.103278,26100,202,,False
1780150190,2026-05-30T14:09:50+00:00,44.27454,12.105659,26125,202,,False
1780150192,2026-05-30T14:09:52+00:00,44.27322,12.107929,26150,200,,False
1780150194,2026-05-30T14:09:54+00:00,44.272091,12.110052,26175,200,,False
1780150197,2026-05-30T14:09:57+00:00,44.270977,12.112741,26200,200,,False
1780150199,2026-05-30T14:09:59+00:00,44.270035,12.115129,26225,200,,False
1780150201,2026-05-30T14:10:01+00:00,44.269196,12.117534,26250,198,,False
1780150203,2026-05-30T14:10:03+00:00,44.268414,12.119954,26275,198,,False
1780150205,2026-05-30T14:10:05+00:00,44.267937,12.12252,26300,198,,False
1780150207,2026-05-30T14:10:07+00:00,44.267612,12.12539,26325,198,,False
1780150209,2026-05-30T14:10:09+00:00,44.267265,12.127907,26350,196,,False
1780150212,2026-05-30T14:10:12+00:00,44.267036,12.130818,26375,194,,False
1780150214,2026-05-30T14:10:14+00:00,44.266872,12.133311,26400,194,,False
1780150216,2026-05-30T14:10:16+00:00,44.266956,12.136226,26425,192,,False
1780150218,2026-05-30T14:10:18+00:00,44.267101,12.139725,26475,192,,False
1780150221,2026-05-30T14:10:21+00:00,44.267532,12.141724,26475,190,,False
1780150223,2026-05-30T14:10:23+00:00,44.267929,12.144295,26525,190,,False
1780150225,2026-05-30T14:10:25+00:00,44.268654,12.146998,26550,190,,False
1780150227,2026-05-30T14:10:27+00:00,44.269405,12.149579,26550,190,,False
1780150229,2026-05-30T14:10:29+00:00,44.270123,12.151826,26575,188,,False
1780150231,2026-05-30T14:10:31+00:00,44.271027,12.154266,26600,186,,False
1780150234,2026-05-30T14:10:34+00:00,44.272038,12.156239,26625,186,,False
1780150236,2026-05-30T14:10:36+00:00,44.273258,12.158276,26650,184,,False
1780150238,2026-05-30T14:10:38+00:00,44.274406,12.160138,26675,184,,False
1780150240,2026-05-30T14:10:40+00:00,44.27578,12.162363,26700,184,,False
1780150242,2026-05-30T14:10:42+00:00,44.277309,12.163738,26725,184,,False
1780150244,2026-05-30T14:10:44+00:00,44.278477,12.164952,26750,182,,False
1780150246,2026-05-30T14:10:46+00:00,44.279903,12.166378,26775,182,,False
1780150248,2026-05-30T14:10:48+00:00,44.281311,12.167683,26800,180,,False
1780150250,2026-05-30T14:10:50+00:00,44.282936,12.168884,27000,180,,False
1780150253,2026-05-30T14:10:53+00:00,44.284664,12.170037,26850,180,,False
1780150255,2026-05-30T14:10:55+00:00,44.28616,12.170951,26875,180,,False
1780150257,2026-05-30T14:10:57+00:00,44.287933,12.171929,26900,178,,False
1780150259,2026-05-30T14:10:59+00:00,44.28968,12.172664,26925,178,,False
1780150262,2026-05-30T14:11:02+00:00,44.291405,12.173371,27000,180,,False
1780150264,2026-05-30T14:11:04+00:00,44.293224,12.174059,26950,180,,False
1780150266,2026-05-30T14:11:06+00:00,44.295017,12.174634,26950,182,,False
1780150268,2026-05-30T14:11:08+00:00,44.296753,12.175117,26950,182,,False
1780150270,2026-05-30T14:11:10+00:00,44.298599,12.175546,26950,184,,False
1780150272,2026-05-30T14:11:12+00:00,44.300228,12.175991,26950,188,,False
1780150274,2026-05-30T14:11:14+00:00,44.302227,12.176534,26950,188,,False
1780150277,2026-05-30T14:11:17+00:00,44.30415,12.177124,26950,190,,False
1780150279,2026-05-30T14:11:19+00:00,44.306133,12.177494,26950,190,,False
1780150281,2026-05-30T14:11:21+00:00,44.308121,12.178003,26950,192,,False
1780150283,2026-05-30T14:11:23+00:00,44.310001,12.178454,26950,192,,False
1780150285,2026-05-30T14:11:25+00:00,44.311859,12.178876,26950,194,,False
1780150288,2026-05-30T14:11:28+00:00,44.313747,12.179347,26950,194,,False
1780150290,2026-05-30T14:11:30+00:00,44.315659,12.179766,26950,196,,False
1780150292,2026-05-30T14:11:32+00:00,44.317497,12.180099,27000,196,,False
1780150296,2026-05-30T14:11:36+00:00,44.321415,12.180929,26950,196,,False
1780150298,2026-05-30T14:11:38+00:00,44.323261,12.181366,26950,196,,False
1780150300,2026-05-30T14:11:40+00:00,44.325096,12.181708,26950,196,,False
1780150302,2026-05-30T14:11:42+00:00,44.326981,12.182093,26925,196,,False
1780150305,2026-05-30T14:11:45+00:00,44.329037,12.182519,26925,196,,False
1780150307,2026-05-30T14:11:47+00:00,44.330734,12.182774,26925,196,,False
1780150309,2026-05-30T14:11:49+00:00,44.33284,12.183202,26925,196,,False
1780150311,2026-05-30T14:11:51+00:00,44.334858,12.183501,26975,204,,False
1780150313,2026-05-30T14:11:53+00:00,44.336746,12.183805,26925,196,,False
1780150315,2026-05-30T14:11:55+00:00,44.338684,12.184237,26925,196,,False
1780150318,2026-05-30T14:11:58+00:00,44.340698,12.184464,26925,194,,False
1780150320,2026-05-30T14:12:00+00:00,44.342552,12.184505,26925,194,,False
1780150322,2026-05-30T14:12:02+00:00,44.344406,12.184743,26925,194,,False
1780150324,2026-05-30T14:12:04+00:00,44.346478,12.18488,26925,192,,False
1780150326,2026-05-30T14:12:06+00:00,44.348305,12.18471,26925,192,,False
1780150329,2026-05-30T14:12:09+00:00,44.350475,12.184502,26925,190,,False
1780150331,2026-05-30T14:12:11+00:00,44.35265,12.184046,26950,190,,False
1780150334,2026-05-30T14:12:14+00:00,44.354572,12.18342,26950,190,,False
1780150336,2026-05-30T14:12:16+00:00,44.35659,12.182593,26950,188,,False
1780150338,2026-05-30T14:12:18+00:00,44.358604,12.181414,26950,188,,False
1780150340,2026-05-30T14:12:20+00:00,44.360138,12.180679,26950,188,,False
1780150342,2026-05-30T14:12:22+00:00,44.361649,12.179357,26950,188,,False
1780150344,2026-05-30T14:12:24+00:00,44.363106,12.177981,26950,186,,False
1780150347,2026-05-30T14:12:27+00:00,44.364723,12.176367,26950,186,,False
1780150349,2026-05-30T14:12:29+00:00,44.366169,12.174457,26950,186,,False
1780150351,2026-05-30T14:12:31+00:00,44.367668,12.172329,26950,186,,False
1780150353,2026-05-30T14:12:33+00:00,44.368668,12.170569,26950,186,,False
1780150355,2026-05-30T14:12:35+00:00,44.369617,12.168492,26950,186,,False
1780150357,2026-05-30T14:12:37+00:00,44.370636,12.166023,26950,186,,False
1780150359,2026-05-30T14:12:39+00:00,44.371254,12.164118,26950,186,,False
1780150361,2026-05-30T14:12:41+00:00,44.372002,12.161647,26950,186,,False
1780150364,2026-05-30T14:12:44+00:00,44.37244,12.159298,26950,186,,False
1780150366,2026-05-30T14:12:46+00:00,44.372944,12.156345,26950,186,,False
1780150368,2026-05-30T14:12:48+00:00,44.373161,12.153977,26950,188,,False
1780150370,2026-05-30T14:12:50+00:00,44.373318,12.151538,26950,188,,False
1780150372,2026-05-30T14:12:52+00:00,44.373314,12.149005,26950,188,,False
1780150374,2026-05-30T14:12:54+00:00,44.373211,12.146507,27000,188,,False
1780150377,2026-05-30T14:12:57+00:00,44.372952,12.143681,26950,188,,False
1780150379,2026-05-30T14:12:59+00:00,44.372528,12.141169,26950,194,,False
1780150381,2026-05-30T14:13:01+00:00,44.371918,12.138338,26950,194,,False
1780150383,2026-05-30T14:13:03+00:00,44.371098,12.13558,26950,188,,False
1780150385,2026-05-30T14:13:05+00:00,44.370377,12.13364,26950,185,,False
1780150387,2026-05-30T14:13:07+00:00,44.369431,12.131363,26950,192,,False
1780150389,2026-05-30T14:13:09+00:00,44.368355,12.129115,26950,200,,False
1780150392,2026-05-30T14:13:12+00:00,44.367241,12.127145,26975,197,,False
1780150394,2026-05-30T14:13:14+00:00,44.365864,12.125115,26975,193,,False
1780150396,2026-05-30T14:13:16+00:00,44.364319,12.122911,26950,195,,False
1780150398,2026-05-30T14:13:18+00:00,44.36285,12.121147,26950,198,,False
1780150400,2026-05-30T14:13:20+00:00,44.36121,12.119501,26950,200,,False
1780150402,2026-05-30T14:13:22+00:00,44.359364,12.117942,26950,206,,False
1780150405,2026-05-30T14:13:25+00:00,44.357582,12.116695,26950,196,,False
1780150407,2026-05-30T14:13:27+00:00,44.355202,12.115514,26950,202,,False
1780150409,2026-05-30T14:13:29+00:00,44.353676,12.114923,26950,201,,False
1780150412,2026-05-30T14:13:32+00:00,44.35146,12.114005,26950,211,,False
1780150414,2026-05-30T14:13:34+00:00,44.349697,12.113381,26950,203,,False
1780150416,2026-05-30T14:13:36+00:00,44.347736,12.11301,26950,206,,False
1780150418,2026-05-30T14:13:38+00:00,44.344925,12.112817,26950,209,,False
1780150421,2026-05-30T14:13:41+00:00,44.342972,12.112964,26925,208,,False
1780150423,2026-05-30T14:13:43+00:00,44.340412,12.113323,26925,208,,False
1780150425,2026-05-30T14:13:45+00:00,44.338963,12.113816,26925,208,,False
1780150427,2026-05-30T14:13:47+00:00,44.337051,12.114491,26925,208,,False
1780150429,2026-05-30T14:13:49+00:00,44.33514,12.115193,26950,208,,False
1780150431,2026-05-30T14:13:51+00:00,44.333164,12.116319,26950,208,,False
1780150433,2026-05-30T14:13:53+00:00,44.331028,12.117373,26950,210,,False
1780150436,2026-05-30T14:13:56+00:00,44.329369,12.118941,26925,210,,False
1780150438,2026-05-30T14:13:58+00:00,44.327278,12.120798,26925,210,,False
1780150440,2026-05-30T14:14:00+00:00,44.325893,12.122274,26950,206,,False
1780150442,2026-05-30T14:14:02+00:00,44.323978,12.12432,26950,210,,False
1780150444,2026-05-30T14:14:04+00:00,44.322475,12.126682,26950,208,,False
1780150446,2026-05-30T14:14:06+00:00,44.321369,12.128568,26950,208,,False
1780150449,2026-05-30T14:14:09+00:00,44.320145,12.130731,26950,208,,False
1780150451,2026-05-30T14:14:11+00:00,44.318977,12.133183,26950,208,,False
1780150453,2026-05-30T14:14:13+00:00,44.31786,12.135653,26950,208,,False
1780150455,2026-05-30T14:14:15+00:00,44.316971,12.138068,26950,208,,False
1780150457,2026-05-30T14:14:17+00:00,44.316269,12.140505,26950,206,,False
1780150459,2026-05-30T14:14:19+00:00,44.315643,12.143023,26950,206,,False
1780150461,2026-05-30T14:14:21+00:00,44.315136,12.145867,26950,206,,False
1780150463,2026-05-30T14:14:23+00:00,44.314728,12.148609,26950,206,,False
1780150465,2026-05-30T14:14:25+00:00,44.314468,12.151432,26950,204,,False
1780150468,2026-05-30T14:14:28+00:00,44.314316,12.154842,26950,204,,False
1780150470,2026-05-30T14:14:30+00:00,44.314339,12.157409,26950,202,,False
1780150472,2026-05-30T14:14:32+00:00,44.314522,12.160813,26950,202,,False
1780150474,2026-05-30T14:14:34+00:00,44.314892,12.163223,26950,200,,False
1780150476,2026-05-30T14:14:36+00:00,44.315247,12.165695,26950,198,,False
1780150479,2026-05-30T14:14:39+00:00,44.315926,12.168465,26950,198,,False
1780150481,2026-05-30T14:14:41+00:00,44.3167,12.170986,26950,196,,False
1780150483,2026-05-30T14:14:43+00:00,44.317497,12.173391,26950,196,,False
1780150485,2026-05-30T14:14:45+00:00,44.318432,12.17563,26950,194,,False
1780150487,2026-05-30T14:14:47+00:00,44.319328,12.177912,26950,194,,False
1780150489,2026-05-30T14:14:49+00:00,44.32053,12.179824,26950,194,,False
1780150491,2026-05-30T14:14:51+00:00,44.321999,12.182047,26950,190,,False
1780150493,2026-05-30T14:14:53+00:00,44.323181,12.183481,26950,190,,False
1780150495,2026-05-30T14:14:55+00:00,44.324554,12.185225,26950,188,,False
1780150498,2026-05-30T14:14:58+00:00,44.326004,12.186525,26950,188,,False
1780150500,2026-05-30T14:15:00+00:00,44.327633,12.187958,26950,186,,False
1780150502,2026-05-30T14:15:02+00:00,44.329422,12.189241,26950,186,,False
1780150504,2026-05-30T14:15:04+00:00,44.331017,12.19009,26950,184,,False
1780150506,2026-05-30T14:15:06+00:00,44.332836,12.190934,26950,184,,False
1780150508,2026-05-30T14:15:08+00:00,44.33453,12.191545,26950,182,,False
1780150510,2026-05-30T14:15:10+00:00,44.336132,12.191974,27000,182,,False
1780150512,2026-05-30T14:15:12+00:00,44.338043,12.192018,26950,180,,False
1780150515,2026-05-30T14:15:15+00:00,44.339859,12.192038,26950,180,,False
1780150517,2026-05-30T14:15:17+00:00,44.341431,12.192056,26950,178,,False
1780150519,2026-05-30T14:15:19+00:00,44.343189,12.191808,26950,178,,False
1780150521,2026-05-30T14:15:21+00:00,44.344967,12.191234,26950,178,,False
1780150523,2026-05-30T14:15:23+00:00,44.34684,12.190372,26950,178,,False
1780150525,2026-05-30T14:15:25+00:00,44.348339,12.189494,26950,178,,False
1780150528,2026-05-30T14:15:28+00:00,44.350037,12.18821,26950,178,,False
1780150530,2026-05-30T14:15:30+00:00,44.351505,12.187043,27000,176,,False
1780150532,2026-05-30T14:15:32+00:00,44.353157,12.185577,26950,176,,False
1780150534,2026-05-30T14:15:34+00:00,44.354454,12.18403,26950,176,,False
1780150536,2026-05-30T14:15:36+00:00,44.355732,12.182278,26950,176,,False
1780150538,2026-05-30T14:15:38+00:00,44.356792,12.180482,26950,178,,False
1780150541,2026-05-30T14:15:41+00:00,44.357735,12.178584,26950,178,,False
1780150543,2026-05-30T14:15:43+00:00,44.358963,12.175621,26950,178,,False
1780150546,2026-05-30T14:15:46+00:00,44.359722,12.173277,26950,178,,False
1780150548,2026-05-30T14:15:48+00:00,44.360367,12.170823,26950,178,,False
1780150550,2026-05-30T14:15:50+00:00,44.360718,12.168588,26950,180,,False
1780150552,2026-05-30T14:15:52+00:00,44.361122,12.166112,26950,180,,False
1780150554,2026-05-30T14:15:54+00:00,44.361382,12.163472,27000,180,,False
1780150556,2026-05-30T14:15:56+00:00,44.361462,12.160936,26950,180,,False
1780150559,2026-05-30T14:15:59+00:00,44.361382,12.158593,26950,180,,False
1780150561,2026-05-30T14:16:01+00:00,44.361137,12.155908,26950,180,,False
1780150563,2026-05-30T14:16:03+00:00,44.360775,12.153224,26950,184,,False
1780150565,2026-05-30T14:16:05+00:00,44.360348,12.150911,26950,186,,False
1780150568,2026-05-30T14:16:08+00:00,44.359589,12.147953,26950,186,,False
1780150570,2026-05-30T14:16:10+00:00,44.358898,12.146079,26950,182,,False
1780150572,2026-05-30T14:16:12+00:00,44.357876,12.143474,26950,195,,False
1780150574,2026-05-30T14:16:14+00:00,44.356556,12.140689,26950,193,,False
1780150576,2026-05-30T14:16:16+00:00,44.355858,12.139592,26950,188,,False
1780150578,2026-05-30T14:16:18+00:00,44.354435,12.137245,26950,190,,False
1780150581,2026-05-30T14:16:21+00:00,44.353065,12.135384,26950,194,,False
1780150583,2026-05-30T14:16:23+00:00,44.351513,12.133536,26950,192,,False
1780150585,2026-05-30T14:16:25+00:00,44.349884,12.131903,26950,199,,False
1780150587,2026-05-30T14:16:27+00:00,44.348305,12.130634,26950,197,,False
1780150589,2026-05-30T14:16:29+00:00,44.346611,12.129466,26950,194,,False
1780150591,2026-05-30T14:16:31+00:00,44.344692,12.128272,26950,198,,False
1780150593,2026-05-30T14:16:33+00:00,44.342857,12.127366,26950,197,,False
1780150596,2026-05-30T14:16:36+00:00,44.341206,12.126951,26950,191,,False
1780150598,2026-05-30T14:16:38+00:00,44.338879,12.12604,26950,203,,False
1780150600,2026-05-30T14:16:40+00:00,44.336884,12.125773,26950,203,,False
1780150602,2026-05-30T14:16:42+00:00,44.334957,12.125661,26950,205,,False
1780150604,2026-05-30T14:16:44+00:00,44.332695,12.125656,27000,203,,False
1780150607,2026-05-30T14:16:47+00:00,44.330532,12.125851,26950,204,,False
1780150609,2026-05-30T14:16:49+00:00,44.328621,12.126397,26950,206,,False
1780150611,2026-05-30T14:16:51+00:00,44.326683,12.127032,26950,206,,False
1780150613,2026-05-30T14:16:53+00:00,44.324867,12.127866,26950,206,,False
1780150615,2026-05-30T14:16:55+00:00,44.322601,12.129107,26950,206,,False
1780150617,2026-05-30T14:16:57+00:00,44.320782,12.130326,26950,208,,False
1780150620,2026-05-30T14:17:00+00:00,44.318817,12.131927,26950,208,,False
1780150622,2026-05-30T14:17:02+00:00,44.317005,12.133502,26950,208,,False
1780150624,2026-05-30T14:17:04+00:00,44.315491,12.135029,26950,208,,False
1780150626,2026-05-30T14:17:06+00:00,44.314041,12.136863,26950,208,,False
1780150628,2026-05-30T14:17:08+00:00,44.312431,12.138994,26950,208,,False
1780150630,2026-05-30T14:17:10+00:00,44.3111,12.141231,27000,208,,False
1780150632,2026-05-30T14:17:12+00:00,44.309944,12.143373,26950,206,,False
1780150635,2026-05-30T14:17:15+00:00,44.308681,12.145941,27000,210,,False
1780150637,2026-05-30T14:17:17+00:00,44.30777,12.148396,26950,208,,False
1780150639,2026-05-30T14:17:19+00:00,44.306778,12.151026,26925,208,,False
1780150641,2026-05-30T14:17:21+00:00,44.306034,12.153382,26925,206,,False
1780150643,2026-05-30T14:17:23+00:00,44.305408,12.156508,26925,206,,False
1780150645,2026-05-30T14:17:25+00:00,44.305046,12.159029,26925,204,,False
1780150648,2026-05-30T14:17:28+00:00,44.304684,12.162049,26925,204,,False
1780150650,2026-05-30T14:17:30+00:00,44.304539,12.164927,26950,204,,False
1780150652,2026-05-30T14:17:32+00:00,44.304554,12.167513,26950,205,,False
1780150654,2026-05-30T14:17:34+00:00,44.304554,12.170149,27000,202,,False
1780150656,2026-05-30T14:17:36+00:00,44.304794,12.172883,26950,200,,False
1780150658,2026-05-30T14:17:38+00:00,44.305244,12.176017,26950,200,,False
1780150661,2026-05-30T14:17:41+00:00,44.30579,12.178659,26950,198,,False
1780150663,2026-05-30T14:17:43+00:00,44.306423,12.181355,26950,198,,False
1780150665,2026-05-30T14:17:45+00:00,44.30714,12.183634,26950,196,,False
1780150667,2026-05-30T14:17:47+00:00,44.308041,12.186084,26950,196,,False
1780150669,2026-05-30T14:17:49+00:00,44.309067,12.188568,26950,194,,False
1780150671,2026-05-30T14:17:51+00:00,44.310123,12.190643,26950,194,,False
1780150673,2026-05-30T14:17:53+00:00,44.311535,12.192942,26950,192,,False
1780150676,2026-05-30T14:17:56+00:00,44.31279,12.194729,26950,190,,False
1780150678,2026-05-30T14:17:58+00:00,44.314159,12.196366,26950,190,,False
1780150680,2026-05-30T14:18:00+00:00,44.315693,12.197863,26950,190,,False
1780150682,2026-05-30T14:18:02+00:00,44.317169,12.199141,26950,188,,False
1780150684,2026-05-30T14:18:04+00:00,44.318676,12.200332,26950,186,,False
1780150686,2026-05-30T14:18:06+00:00,44.320507,12.201448,26950,186,,False
1780150688,2026-05-30T14:18:08+00:00,44.322063,12.202277,26950,184,,False
1780150690,2026-05-30T14:18:10+00:00,44.32378,12.20302,26950,184,,False
1780150692,2026-05-30T14:18:12+00:00,44.325478,12.203623,26950,182,,False
1780150694,2026-05-30T14:18:14+00:00,44.327072,12.203735,26950,182,,False
1780150696,2026-05-30T14:18:16+00:00,44.328972,12.204052,26950,180,,False
1780150699,2026-05-30T14:18:19+00:00,44.330799,12.203953,26950,180,,False
1780150701,2026-05-30T14:18:21+00:00,44.332695,12.203941,26950,180,,False
1780150703,2026-05-30T14:18:23+00:00,44.334431,12.203272,26950,180,,False
1780150705,2026-05-30T14:18:25+00:00,44.336002,12.202676,26950,178,,False
1780150707,2026-05-30T14:18:27+00:00,44.337746,12.201933,26975,178,,False
1780150709,2026-05-30T14:18:29+00:00,44.33931,12.20096,26950,178,,False
1780150712,2026-05-30T14:18:32+00:00,44.340851,12.199848,26950,178,,False
1780150714,2026-05-30T14:18:34+00:00,44.342327,12.198439,26950,178,,False
1780150716,2026-05-30T14:18:36+00:00,44.343662,12.196959,26950,178,,False
1780150718,2026-05-30T14:18:38+00:00,44.345032,12.195416,26950,178,,False
1780150720,2026-05-30T14:18:40+00:00,44.34618,12.193747,26950,178,,False
1780150722,2026-05-30T14:18:42+00:00,44.347355,12.192036,26975,178,,False
1780150724,2026-05-30T14:18:44+00:00,44.348545,12.190352,26975,178,,False
1780150726,2026-05-30T14:18:46+00:00,44.349865,12.188695,26950,178,,False
1780150728,2026-05-30T14:18:48+00:00,44.351215,12.187006,26950,180,,False
1780150730,2026-05-30T14:18:50+00:00,44.352409,12.185397,26950,180,,False
1780150733,2026-05-30T14:18:53+00:00,44.35384,12.183651,26950,180,,False
1780150735,2026-05-30T14:18:55+00:00,44.355019,12.181988,27000,180,,False
1780150737,2026-05-30T14:18:57+00:00,44.356403,12.180293,26950,180,,False
1780150739,2026-05-30T14:18:59+00:00,44.357609,12.178816,26950,180,,False
1780150741,2026-05-30T14:19:01+00:00,44.359066,12.177001,26950,180,,False
1780150743,2026-05-30T14:19:03+00:00,44.360615,12.174962,26925,180,,False
1780150745,2026-05-30T14:19:05+00:00,44.361683,12.173662,26925,180,,False
1780150747,2026-05-30T14:19:07+00:00,44.363079,12.172007,26925,180,,False
1780150750,2026-05-30T14:19:10+00:00,44.364368,12.170063,26925,180,,False
1780150752,2026-05-30T14:19:12+00:00,44.365616,12.168705,26925,180,,False
1780150754,2026-05-30T14:19:14+00:00,44.366943,12.167064,26925,182,,False
1780150756,2026-05-30T14:19:16+00:00,44.368382,12.165219,26925,182,,False
1780150758,2026-05-30T14:19:18+00:00,44.369686,12.16362,26950,182,,False
1780150760,2026-05-30T14:19:20+00:00,44.371174,12.161811,26950,182,,False
1780150764,2026-05-30T14:19:24+00:00,44.373077,12.159293,26925,180,,False
1780150766,2026-05-30T14:19:26+00:00,44.3745,12.157173,26925,182,,False
1780150768,2026-05-30T14:19:28+00:00,44.375462,12.155274,26925,182,,False
1780150770,2026-05-30T14:19:30+00:00,44.376331,12.153041,26950,174,,False
1780150772,2026-05-30T14:19:32+00:00,44.377155,12.150923,26950,182,,False
1780150774,2026-05-30T14:19:34+00:00,44.377842,12.148541,26950,182,,False
1780150777,2026-05-30T14:19:37+00:00,44.378448,12.146442,26950,182,,False
1780150779,2026-05-30T14:19:39+00:00,44.378841,12.144187,26950,182,,False
1780150781,2026-05-30T14:19:41+00:00,44.379208,12.141704,26975,182,,False
1780150783,2026-05-30T14:19:43+00:00,44.379414,12.139374,26975,182,,False
1780150785,2026-05-30T14:19:45+00:00,44.379562,12.136625,26975,182,,False
1780150787,2026-05-30T14:19:47+00:00,44.379555,12.134181,26975,182,,False
1780150789,2026-05-30T14:19:49+00:00,44.379402,12.131495,26975,182,,False
1780150792,2026-05-30T14:19:52+00:00,44.379204,12.12883,26975,182,,False
1780150794,2026-05-30T14:19:54+00:00,44.37875,12.126155,26975,182,,False
1780150796,2026-05-30T14:19:56+00:00,44.378216,12.123984,26975,188,,False
1780150798,2026-05-30T14:19:58+00:00,44.377563,12.121555,26975,190,,False
1780150800,2026-05-30T14:20:00+00:00,44.37685,12.119508,26975,184,,False
1780150802,2026-05-30T14:20:02+00:00,44.375938,12.117044,26975,190,,False
1780150804,2026-05-30T14:20:04+00:00,44.374744,12.114486,26975,193,,False
1780150806,2026-05-30T14:20:06+00:00,44.373589,12.112297,26975,193,,False
1780150808,2026-05-30T14:20:08+00:00,44.372505,12.11052,26975,195,,False
1780150811,2026-05-30T14:20:11+00:00,44.371239,12.108679,26975,192,,False
1780150813,2026-05-30T14:20:13+00:00,44.369774,12.1067,26975,200,,False
1780150815,2026-05-30T14:20:15+00:00,44.368179,12.105001,26975,197,,False
1780150817,2026-05-30T14:20:17+00:00,44.366707,12.103614,26950,198,,False
1780150819,2026-05-30T14:20:19+00:00,44.365002,12.102142,26950,202,,False
1780150821,2026-05-30T14:20:21+00:00,44.363052,12.100809,26950,198,,False
1780150823,2026-05-30T14:20:23+00:00,44.361347,12.09977,26950,202,,False
1780150825,2026-05-30T14:20:25+00:00,44.359604,12.098878,26950,199,,False
1780150828,2026-05-30T14:20:28+00:00,44.357498,12.098111,26950,200,,False
1780150830,2026-05-30T14:20:30+00:00,44.355644,12.097406,26950,203,,False
1780150832,2026-05-30T14:20:32+00:00,44.353699,12.097059,26950,205,,False
1780150834,2026-05-30T14:20:34+00:00,44.351566,12.096671,26950,205,,False
1780150836,2026-05-30T14:20:36+00:00,44.349094,12.096562,26950,204,,False
1780150838,2026-05-30T14:20:38+00:00,44.347153,12.096695,26950,208,,False
1780150840,2026-05-30T14:20:40+00:00,44.345444,12.097048,26950,208,,False
1780150842,2026-05-30T14:20:42+00:00,44.343361,12.097348,26950,208,,False
1780150845,2026-05-30T14:20:45+00:00,44.341461,12.097926,26950,208,,False
1780150847,2026-05-30T14:20:47+00:00,44.339546,12.098879,26950,212,,False
1780150849,2026-05-30T14:20:49+00:00,44.337505,12.099791,26950,210,,False
1780150851,2026-05-30T14:20:51+00:00,44.335751,12.101093,26950,210,,False
1780150853,2026-05-30T14:20:53+00:00,44.33371,12.102353,26950,210,,False
1780150855,2026-05-30T14:20:55+00:00,44.331959,12.103821,26950,210,,False
1780150858,2026-05-30T14:20:58+00:00,44.330059,12.105401,26950,210,,False
1780150860,2026-05-30T14:21:00+00:00,44.328491,12.106965,26950,210,,False
1780150862,2026-05-30T14:21:02+00:00,44.326912,12.108818,26950,210,,False
1780150864,2026-05-30T14:21:04+00:00,44.325531,12.110697,26950,210,,False
1780150866,2026-05-30T14:21:06+00:00,44.324146,12.112726,26950,210,,False
1780150868,2026-05-30T14:21:08+00:00,44.322926,12.114676,26950,210,,False
1780150870,2026-05-30T14:21:10+00:00,44.321644,12.117146,26950,210,,False
1780150872,2026-05-30T14:21:12+00:00,44.320545,12.119519,26950,210,,False
1780150874,2026-05-30T14:21:14+00:00,44.319508,12.122067,26950,210,,False
1780150876,2026-05-30T14:21:16+00:00,44.318615,12.124666,26950,208,,False
1780150878,2026-05-30T14:21:18+00:00,44.317749,12.127502,26950,208,,False
1780150880,2026-05-30T14:21:20+00:00,44.317226,12.1297,26950,208,,False
1780150882,2026-05-30T14:21:22+00:00,44.316708,12.132392,26950,208,,False
1780150885,2026-05-30T14:21:25+00:00,44.316174,12.135446,26950,206,,False
1780150887,2026-05-30T14:21:27+00:00,44.315899,12.138733,26950,206,,False
1780150889,2026-05-30T14:21:29+00:00,44.315769,12.141218,26950,204,,False
1780150891,2026-05-30T14:21:31+00:00,44.315666,12.143909,26950,204,,False
1780150893,2026-05-30T14:21:33+00:00,44.315739,12.146661,26950,204,,False
1780150896,2026-05-30T14:21:36+00:00,44.31591,12.149837,26950,202,,False
1780150898,2026-05-30T14:21:38+00:00,44.316372,12.152547,26950,202,,False
1780150900,2026-05-30T14:21:40+00:00,44.316792,12.15537,26950,200,,False
1780150902,2026-05-30T14:21:42+00:00,44.317394,12.158253,26950,200,,False
1780150904,2026-05-30T14:21:44+00:00,44.318039,12.160514,26950,198,,False
1780150906,2026-05-30T14:21:46+00:00,44.318737,12.163011,26950,198,,False
1780150909,2026-05-30T14:21:49+00:00,44.319801,12.165491,26950,196,,False
1780150911,2026-05-30T14:21:51+00:00,44.320885,12.167985,26950,196,,False
1780150913,2026-05-30T14:21:53+00:00,44.32198,12.170031,26950,196,,False
1780150915,2026-05-30T14:21:55+00:00,44.323254,12.172206,26950,194,,False
1780150917,2026-05-30T14:21:57+00:00,44.324543,12.173998,26950,194,,False
1780150919,2026-05-30T14:21:59+00:00,44.32589,12.175713,26950,192,,False
1780150921,2026-05-30T14:22:01+00:00,44.327274,12.177276,26950,192,,False
1780150923,2026-05-30T14:22:03+00:00,44.328709,12.178819,26950,192,,False
1780150925,2026-05-30T14:22:05+00:00,44.330181,12.180048,26950,190,,False
1780150928,2026-05-30T14:22:08+00:00,44.331898,12.181381,26950,190,,False
1780150930,2026-05-30T14:22:10+00:00,44.333546,12.182364,26950,186,,False
1780150932,2026-05-30T14:22:12+00:00,44.335171,12.183154,26950,186,,False
1780150934,2026-05-30T14:22:14+00:00,44.337025,12.184002,26950,186,,False
1780150936,2026-05-30T14:22:16+00:00,44.338764,12.184594,26950,184,,False
1780150938,2026-05-30T14:22:18+00:00,44.340553,12.184979,26950,184,,False
1780150940,2026-05-30T14:22:20+00:00,44.3424,12.185193,26950,182,,False
1780150942,2026-05-30T14:22:22+00:00,44.344173,12.185234,26950,182,,False
1780150945,2026-05-30T14:22:25+00:00,44.346119,12.185021,26950,180,,False
1780150947,2026-05-30T14:22:27+00:00,44.347622,12.184765,27000,180,,False
1780150949,2026-05-30T14:22:29+00:00,44.349339,12.184321,26950,180,,False
1780150951,2026-05-30T14:22:31+00:00,44.351246,12.183643,26950,180,,False
1780150953,2026-05-30T14:22:33+00:00,44.353004,12.182826,26950,178,,False
1780150955,2026-05-30T14:22:35+00:00,44.354519,12.181743,26950,178,,False
1780150957,2026-05-30T14:22:37+00:00,44.356133,12.180757,26950,178,,False
1780150960,2026-05-30T14:22:40+00:00,44.357708,12.179395,26950,178,,False
1780150962,2026-05-30T14:22:42+00:00,44.359138,12.177823,26950,178,,False
1780150964,2026-05-30T14:22:44+00:00,44.360638,12.17602,26950,178,,False
1780150967,2026-05-30T14:22:47+00:00,44.361988,12.174189,26950,178,,False
1780150969,2026-05-30T14:22:49+00:00,44.363167,12.172221,26950,178,,False
1780150971,2026-05-30T14:22:51+00:00,44.364166,12.170437,26950,178,,False
1780150973,2026-05-30T14:22:53+00:00,44.365215,12.168109,27000,178,,False
1780150975,2026-05-30T14:22:55+00:00,44.365986,12.165749,26950,178,,False
1780150977,2026-05-30T14:22:57+00:00,44.366646,12.163901,26950,178,,False
1780150979,2026-05-30T14:22:59+00:00,44.367199,12.16145,26950,178,,False
1780150982,2026-05-30T14:23:02+00:00,44.367588,12.158969,26975,178,,False
1780150984,2026-05-30T14:23:04+00:00,44.368,12.156528,26950,180,,False
1780150986,2026-05-30T14:23:06+00:00,44.368187,12.154439,26950,180,,False
1780150988,2026-05-30T14:23:08+00:00,44.368267,12.151902,26950,180,,False
1780150990,2026-05-30T14:23:10+00:00,44.368244,12.149542,26950,180,,False
1780150992,2026-05-30T14:23:12+00:00,44.368195,12.14697,26950,180,,False
1780150994,2026-05-30T14:23:14+00:00,44.367889,12.144326,26950,180,,False
1780150996,2026-05-30T14:23:16+00:00,44.367535,12.14215,26950,166,,False
1780150998,2026-05-30T14:23:18+00:00,44.367069,12.139727,26950,185,,False
1780151001,2026-05-30T14:23:21+00:00,44.366432,12.137366,26950,176,,False
1780151003,2026-05-30T14:23:23+00:00,44.36565,12.13492,26950,189,,False
1780151005,2026-05-30T14:23:25+00:00,44.364861,12.132843,26950,183,,False
1780151007,2026-05-30T14:23:27+00:00,44.363503,12.129904,26950,186,,False
1780151009,2026-05-30T14:23:29+00:00,44.362675,12.128251,26950,185,,False
1780151011,2026-05-30T14:23:31+00:00,44.361549,12.126251,26975,191,,False
1780151013,2026-05-30T14:23:33+00:00,44.360271,12.124074,26975,195,,False
1780151016,2026-05-30T14:23:36+00:00,44.359249,12.122172,26950,185,,False
1780151018,2026-05-30T14:23:38+00:00,44.358147,12.12005,26950,188,,False
1780151020,2026-05-30T14:23:40+00:00,44.356834,12.117666,26925,191,,False
1780151022,2026-05-30T14:23:42+00:00,44.35598,12.116051,26925,189,,False
1780151024,2026-05-30T14:23:44+00:00,44.354942,12.114045,26925,193,,False
1780151026,2026-05-30T14:23:46+00:00,44.353817,12.11198,26925,188,,False
1780151028,2026-05-30T14:23:48+00:00,44.352524,12.109532,26925,198,,False
1780151030,2026-05-30T14:23:50+00:00,44.351501,12.107635,26925,192,,False
1780151032,2026-05-30T14:23:52+00:00,44.350349,12.105633,26925,190,,False
1780151034,2026-05-30T14:23:54+00:00,44.349258,12.103565,26925,195,,False
1780151036,2026-05-30T14:23:56+00:00,44.348186,12.101635,26925,189,,False
1780151038,2026-05-30T14:23:58+00:00,44.347038,12.099482,26925,191,,False
1780151040,2026-05-30T14:24:00+00:00,44.345978,12.097467,26925,192,,False
1780151043,2026-05-30T14:24:03+00:00,44.344799,12.095371,26925,189,,False
1780151045,2026-05-30T14:24:05+00:00,44.343578,12.093194,26925,196,,False
1780151047,2026-05-30T14:24:07+00:00,44.342583,12.091266,26925,193,,False
1780151049,2026-05-30T14:24:09+00:00,44.341431,12.089168,26925,192,,False
1780151051,2026-05-30T14:24:11+00:00,44.340302,12.087037,26925,191,,False
1780151053,2026-05-30T14:24:13+00:00,44.339161,12.084993,26925,189,,False
1780151055,2026-05-30T14:24:15+00:00,44.337772,12.082634,26925,197,,False
1780151057,2026-05-30T14:24:17+00:00,44.336807,12.080766,26925,197,,False
1780151059,2026-05-30T14:24:19+00:00,44.335629,12.078645,26925,193,,False
1780151061,2026-05-30T14:24:21+00:00,44.334538,12.076824,26925,196,,False
1780151063,2026-05-30T14:24:23+00:00,44.333069,12.075008,26925,194,,False
1780151065,2026-05-30T14:24:25+00:00,44.3316,12.073482,26925,198,,False
1780151067,2026-05-30T14:24:27+00:00,44.330017,12.071997,26925,203,,False
1780151070,2026-05-30T14:24:30+00:00,44.328308,12.070766,26925,199,,False
1780151072,2026-05-30T14:24:32+00:00,44.326492,12.069776,26950,200,,False
1780151074,2026-05-30T14:24:34+00:00,44.324829,12.068838,26950,195,,False
1780151076,2026-05-30T14:24:36+00:00,44.322914,12.068132,26950,198,,False
1780151078,2026-05-30T14:24:38+00:00,44.32082,12.067592,26950,200,,False
1780151080,2026-05-30T14:24:40+00:00,44.318569,12.067059,26950,209,,False
1780151082,2026-05-30T14:24:42+00:00,44.316711,12.066961,26950,203,,False
1780151084,2026-05-30T14:24:44+00:00,44.314938,12.067053,27000,204,,False
1780151086,2026-05-30T14:24:46+00:00,44.312782,12.06756,26950,203,,False
1780151088,2026-05-30T14:24:48+00:00,44.310795,12.067935,26975,204,,False
1780151091,2026-05-30T14:24:51+00:00,44.309116,12.068579,26975,206,,False
1780151093,2026-05-30T14:24:53+00:00,44.307121,12.069468,26975,206,,False
1780151095,2026-05-30T14:24:55+00:00,44.305111,12.070678,26975,206,,False
1780151097,2026-05-30T14:24:57+00:00,44.303085,12.072084,26975,206,,False
1780151100,2026-05-30T14:25:00+00:00,44.301346,12.073615,27000,206,,False
1780151102,2026-05-30T14:25:02+00:00,44.299664,12.075187,26950,206,,False
1780151104,2026-05-30T14:25:04+00:00,44.298145,12.077291,26950,206,,False
1780151106,2026-05-30T14:25:06+00:00,44.296925,12.079076,26950,206,,False
1780151108,2026-05-30T14:25:08+00:00,44.295624,12.08102,26950,206,,False
1780151110,2026-05-30T14:25:10+00:00,44.294399,12.083271,26950,206,,False
1780151112,2026-05-30T14:25:12+00:00,44.293171,12.086127,26950,204,,False
1780151114,2026-05-30T14:25:14+00:00,44.292198,12.088469,26950,204,,False
1780151116,2026-05-30T14:25:16+00:00,44.291161,12.091216,26950,204,,False
1780151118,2026-05-30T14:25:18+00:00,44.29068,12.093378,26950,204,,False
1780151120,2026-05-30T14:25:20+00:00,44.29018,12.09607,26950,202,,False
1780151122,2026-05-30T14:25:22+00:00,44.289871,12.098433,26950,202,,False
1780151125,2026-05-30T14:25:25+00:00,44.289696,12.10111,26950,200,,False
1780151127,2026-05-30T14:25:27+00:00,44.28968,12.103891,26950,200,,False
1780151129,2026-05-30T14:25:29+00:00,44.289692,12.106837,26950,198,,False
1780151131,2026-05-30T14:25:31+00:00,44.289955,12.109355,26950,196,,False
1780151133,2026-05-30T14:25:33+00:00,44.29055,12.1124,26950,196,,False
1780151136,2026-05-30T14:25:36+00:00,44.291298,12.115526,26950,194,,False
1780151138,2026-05-30T14:25:38+00:00,44.291954,12.117421,26950,192,,False
1780151140,2026-05-30T14:25:40+00:00,44.292744,12.119754,26950,190,,False
1780151142,2026-05-30T14:25:42+00:00,44.293888,12.121881,26950,188,,False
1780151144,2026-05-30T14:25:44+00:00,44.294968,12.123935,26950,188,,False
1780151146,2026-05-30T14:25:46+00:00,44.296387,12.125834,27000,186,,False
1780151148,2026-05-30T14:25:48+00:00,44.297935,12.12778,26950,184,,False
1780151151,2026-05-30T14:25:51+00:00,44.29945,12.129352,26950,184,,False
1780151153,2026-05-30T14:25:53+00:00,44.300964,12.130336,26950,182,,False
1780151155,2026-05-30T14:25:55+00:00,44.302586,12.131513,26950,182,,False
1780151157,2026-05-30T14:25:57+00:00,44.304295,12.132228,26950,180,,False
1780151159,2026-05-30T14:25:59+00:00,44.306152,12.132931,26950,180,,False
1780151162,2026-05-30T14:26:02+00:00,44.307915,12.133293,26950,178,,False
1780151164,2026-05-30T14:26:04+00:00,44.310081,12.133522,26950,178,,False
1780151166,2026-05-30T14:26:06+00:00,44.311478,12.133377,26950,176,,False
1780151168,2026-05-30T14:26:08+00:00,44.31329,12.133059,26950,174,,False
1780151170,2026-05-30T14:26:10+00:00,44.31485,12.132342,26950,174,,False
1780151172,2026-05-30T14:26:12+00:00,44.316795,12.131523,26950,174,,False
1780151174,2026-05-30T14:26:14+00:00,44.318172,12.130519,26950,174,,False
1780151177,2026-05-30T14:26:17+00:00,44.319653,12.129347,26950,172,,False
1780151179,2026-05-30T14:26:19+00:00,44.321095,12.128184,26950,172,,False
1780151181,2026-05-30T14:26:21+00:00,44.322361,12.126484,26950,172,,False
1780151183,2026-05-30T14:26:23+00:00,44.32375,12.124309,26950,172,,False
1780151186,2026-05-30T14:26:26+00:00,44.324715,12.122485,26950,174,,False
1780151188,2026-05-30T14:26:28+00:00,44.325497,12.120397,26950,174,,False
1780151190,2026-05-30T14:26:30+00:00,44.326267,12.118381,26975,174,,False
1780151192,2026-05-30T14:26:32+00:00,44.327179,12.115904,26975,174,,False
1780151194,2026-05-30T14:26:34+00:00,44.328106,12.114,26975,174,,False
1780151196,2026-05-30T14:26:36+00:00,44.328968,12.111969,26950,174,,False
1780151198,2026-05-30T14:26:38+00:00,44.329788,12.110044,26950,176,,False
1780151200,2026-05-30T14:26:40+00:00,44.330742,12.107674,26950,176,,False
1780151203,2026-05-30T14:26:43+00:00,44.331596,12.105961,26950,176,,False
1780151205,2026-05-30T14:26:45+00:00,44.33252,12.103878,27000,176,,False
1780151207,2026-05-30T14:26:47+00:00,44.333542,12.101708,26925,176,,False
1780151209,2026-05-30T14:26:49+00:00,44.334541,12.099451,26925,176,,False
1780151211,2026-05-30T14:26:51+00:00,44.33548,12.097527,26925,176,,False
1780151214,2026-05-30T14:26:54+00:00,44.336647,12.095262,26925,178,,False
1780151216,2026-05-30T14:26:56+00:00,44.33749,12.093348,26925,178,,False
1780151218,2026-05-30T14:26:58+00:00,44.338535,12.09119,26925,178,,False
1780151220,2026-05-30T14:27:00+00:00,44.339333,12.089451,26925,178,,False
1780151222,2026-05-30T14:27:02+00:00,44.340397,12.087391,26925,178,,False
1780151224,2026-05-30T14:27:04+00:00,44.341431,12.085295,26925,178,,False
1780151226,2026-05-30T14:27:06+00:00,44.342361,12.08345,26925,178,,False
1780151229,2026-05-30T14:27:09+00:00,44.343529,12.081159,26925,178,,False
1780151233,2026-05-30T14:27:13+00:00,44.34565,12.077194,26925,178,,False
1780151235,2026-05-30T14:27:15+00:00,44.346733,12.075107,26925,178,,False
1780151238,2026-05-30T14:27:18+00:00,44.347935,12.07284,26925,178,,False
1780151240,2026-05-30T14:27:20+00:00,44.349312,12.070337,26925,178,,False
1780151242,2026-05-30T14:27:22+00:00,44.350243,12.068578,26925,178,,False
1780151245,2026-05-30T14:27:25+00:00,44.351299,12.06652,26925,178,,False
1780151247,2026-05-30T14:27:27+00:00,44.352497,12.064401,26925,178,,False
1780151249,2026-05-30T14:27:29+00:00,44.353374,12.062731,26925,178,,False
1780151251,2026-05-30T14:27:31+00:00,44.354591,12.060452,26925,178,,False
1780151253,2026-05-30T14:27:33+00:00,44.355564,12.058744,26925,178,,False
1780151255,2026-05-30T14:27:35+00:00,44.35672,12.056555,26925,178,,False
1780151258,2026-05-30T14:27:38+00:00,44.357758,12.054631,26925,178,,False
1780151260,2026-05-30T14:27:40+00:00,44.358841,12.052603,26950,178,,False
1780151262,2026-05-30T14:27:42+00:00,44.359791,12.050741,26950,178,,False
1780151264,2026-05-30T14:27:44+00:00,44.360989,12.048498,26950,178,,False
1780151266,2026-05-30T14:27:46+00:00,44.362114,12.046418,26950,178,,False
1780151279,2026-05-30T14:27:59+00:00,44.368008,12.033863,26950,180,,False
1780151282,2026-05-30T14:28:02+00:00,44.368423,12.031535,26950,180,,False
1780151284,2026-05-30T14:28:04+00:00,44.368778,12.029072,26950,180,,False
1780151286,2026-05-30T14:28:06+00:00,44.36911,12.026422,26975,180,,False
1780151288,2026-05-30T14:28:08+00:00,44.369152,12.023842,26975,180,,False
1780151290,2026-05-30T14:28:10+00:00,44.369049,12.021358,26975,180,,False
1780151293,2026-05-30T14:28:13+00:00,44.36871,12.018198,26975,180,,False
1780151295,2026-05-30T14:28:15+00:00,44.368359,12.015707,26975,180,,False
1780151297,2026-05-30T14:28:17+00:00,44.367889,12.014015,26975,188,,False
1780151299,2026-05-30T14:28:19+00:00,44.3671,12.011578,26975,179,,False
1780151301,2026-05-30T14:28:21+00:00,44.366241,12.009391,26975,186,,False
1780151303,2026-05-30T14:28:23+00:00,44.365326,12.007285,26975,184,,False
1780151305,2026-05-30T14:28:25+00:00,44.364105,12.004955,26975,187,,False
1780151308,2026-05-30T14:28:28+00:00,44.362823,12.003016,26975,191,,False
1780151310,2026-05-30T14:28:30+00:00,44.361423,12.001126,26975,195,,False
1780151312,2026-05-30T14:28:32+00:00,44.359638,11.999134,26975,196,,False
1780151314,2026-05-30T14:28:34+00:00,44.358337,11.997986,26975,192,,False
1780151316,2026-05-30T14:28:36+00:00,44.356575,11.996645,26975,194,,False
1780151318,2026-05-30T14:28:38+00:00,44.354816,11.995495,26975,195,,False
1780151320,2026-05-30T14:28:40+00:00,44.352867,11.994399,26975,196,,False
1780151323,2026-05-30T14:28:43+00:00,44.351025,11.993796,26950,200,,False
1780151325,2026-05-30T14:28:45+00:00,44.348896,11.993105,26950,204,,False
1780151327,2026-05-30T14:28:47+00:00,44.347034,11.99264,26950,204,,False
1780151329,2026-05-30T14:28:49+00:00,44.345142,11.992579,26950,199,,False
1780151331,2026-05-30T14:28:51+00:00,44.342651,11.99273,26950,209,,False
1780151333,2026-05-30T14:28:53+00:00,44.340668,11.993155,26950,206,,False
1780151336,2026-05-30T14:28:56+00:00,44.338413,11.993954,26950,206,,False
1780151338,2026-05-30T14:28:58+00:00,44.336945,11.994471,26950,206,,False
1780151340,2026-05-30T14:29:00+00:00,44.334984,11.995331,26950,206,,False
1780151342,2026-05-30T14:29:02+00:00,44.333157,11.996475,26950,206,,False
1780151344,2026-05-30T14:29:04+00:00,44.331181,11.997908,26950,208,,False
1780151346,2026-05-30T14:29:06+00:00,44.329525,11.999444,26950,208,,False
1780151348,2026-05-30T14:29:08+00:00,44.327686,12.001081,26950,208,,False
1780151351,2026-05-30T14:29:11+00:00,44.326038,12.003463,26950,208,,False
1780151353,2026-05-30T14:29:13+00:00,44.324806,12.005167,26950,208,,False
1780151355,2026-05-30T14:29:15+00:00,44.323631,12.00715,26950,208,,False
1780151357,2026-05-30T14:29:17+00:00,44.322323,12.009521,26950,206,,False
1780151359,2026-05-30T14:29:19+00:00,44.321274,12.012092,26950,206,,False
1780151361,2026-05-30T14:29:21+00:00,44.320293,12.01452,26950,206,,False
1780151363,2026-05-30T14:29:23+00:00,44.319561,12.01688,26950,206,,False
1780151365,2026-05-30T14:29:25+00:00,44.318794,12.01972,26950,204,,False
1780151367,2026-05-30T14:29:27+00:00,44.31834,12.02235,26950,204,,False
1780151369,2026-05-30T14:29:29+00:00,44.318027,12.024969,26950,202,,False
1780151372,2026-05-30T14:29:32+00:00,44.317772,12.027782,26975,202,,False
1780151374,2026-05-30T14:29:34+00:00,44.317768,12.030943,26950,200,,False
1780151376,2026-05-30T14:29:36+00:00,44.317753,12.033095,26950,200,,False
1780151378,2026-05-30T14:29:38+00:00,44.31786,12.036042,26950,198,,False
1780151381,2026-05-30T14:29:41+00:00,44.318451,12.0393,26975,196,,False
1780151383,2026-05-30T14:29:43+00:00,44.319038,12.042208,26975,196,,False
1780151385,2026-05-30T14:29:45+00:00,44.319653,12.044349,26950,194,,False
1780151387,2026-05-30T14:29:47+00:00,44.320587,12.04675,26950,194,,False
1780151389,2026-05-30T14:29:49+00:00,44.321552,12.049199,26950,192,,False
1780151392,2026-05-30T14:29:52+00:00,44.322842,12.051551,26950,192,,False
1780151394,2026-05-30T14:29:54+00:00,44.323917,12.053411,26950,190,,False
1780151396,2026-05-30T14:29:56+00:00,44.325329,12.055744,26975,190,,False
1780151398,2026-05-30T14:29:58+00:00,44.326569,12.057722,26975,190,,False
1780151400,2026-05-30T14:30:00+00:00,44.327824,12.059941,26950,190,,False
1780151402,2026-05-30T14:30:02+00:00,44.328949,12.061802,26950,190,,False
1780151405,2026-05-30T14:30:05+00:00,44.330399,12.064189,26925,192,,False
1780151407,2026-05-30T14:30:07+00:00,44.331593,12.066212,26925,192,,False
1780151409,2026-05-30T14:30:09+00:00,44.332691,12.068188,26925,192,,False
1780151412,2026-05-30T14:30:12+00:00,44.333923,12.070362,26925,192,,False
1780151414,2026-05-30T14:30:14+00:00,44.3354,12.072765,26925,192,,False
1780151416,2026-05-30T14:30:16+00:00,44.336788,12.075185,26925,192,,False
1780151418,2026-05-30T14:30:18+00:00,44.337902,12.077146,26925,192,,False
1780151421,2026-05-30T14:30:21+00:00,44.339046,12.079183,27000,192,,False
1780151452,2026-05-30T14:30:52+00:00,44.356487,12.108646,26925,194,,False
1780151454,2026-05-30T14:30:54+00:00,44.358383,12.111345,26925,192,,False
1780151456,2026-05-30T14:30:56+00:00,44.359875,12.112945,26925,190,,False
1780151458,2026-05-30T14:30:58+00:00,44.361294,12.114125,26925,190,,False
1780151461,2026-05-30T14:31:01+00:00,44.362999,12.115416,26925,186,,False
1780151463,2026-05-30T14:31:03+00:00,44.364838,12.11667,26925,186,,False
1780151465,2026-05-30T14:31:05+00:00,44.366917,12.117839,26950,184,,False
1780151467,2026-05-30T14:31:07+00:00,44.368519,12.118283,26950,184,,False
1780151469,2026-05-30T14:31:09+00:00,44.370209,12.118733,26950,182,,False
1780151472,2026-05-30T14:31:12+00:00,44.372272,12.118988,26950,182,,False
1780151474,2026-05-30T14:31:14+00:00,44.373852,12.119082,26950,178,,False
1780151476,2026-05-30T14:31:16+00:00,44.376026,12.118979,26950,178,,False
1780151478,2026-05-30T14:31:18+00:00,44.377312,12.118682,26950,178,,False
1780151480,2026-05-30T14:31:20+00:00,44.37915,12.118226,26950,176,,False
1780151483,2026-05-30T14:31:23+00:00,44.380909,12.117229,26950,176,,False
1780151485,2026-05-30T14:31:25+00:00,44.382576,12.116356,26950,174,,False
1780151487,2026-05-30T14:31:27+00:00,44.384274,12.115089,26950,174,,False
1780151489,2026-05-30T14:31:29+00:00,44.385624,12.113761,26950,174,,False
1780151491,2026-05-30T14:31:31+00:00,44.387005,12.11242,26950,174,,False
1780151494,2026-05-30T14:31:34+00:00,44.388519,12.110589,26950,174,,False
1780151496,2026-05-30T14:31:36+00:00,44.38974,12.108925,26950,174,,False
1780151498,2026-05-30T14:31:38+00:00,44.390675,12.10729,26950,174,,False
1780151500,2026-05-30T14:31:40+00:00,44.391685,12.10528,26950,174,,False
1780151502,2026-05-30T14:31:42+00:00,44.392529,12.102854,26950,174,,False
1780151504,2026-05-30T14:31:44+00:00,44.393269,12.100502,26950,174,,False
1780151507,2026-05-30T14:31:47+00:00,44.393795,12.098261,26950,174,,False
1780151509,2026-05-30T14:31:49+00:00,44.394142,12.095946,26950,176,,False
1780151511,2026-05-30T14:31:51+00:00,44.394535,12.093457,26950,176,,False
1780151513,2026-05-30T14:31:53+00:00,44.394653,12.091177,26950,176,,False
1780151515,2026-05-30T14:31:55+00:00,44.394638,12.088057,26950,176,,False
1780151517,2026-05-30T14:31:57+00:00,44.394508,12.08582,26950,176,,False
1780151520,2026-05-30T14:32:00+00:00,44.394218,12.083503,26950,170,,False
1780151522,2026-05-30T14:32:02+00:00,44.393749,12.080883,26950,182,,False
1780151524,2026-05-30T14:32:04+00:00,44.393307,12.078773,26975,182,,False
1780151526,2026-05-30T14:32:06+00:00,44.392727,12.075857,26975,179,,False
1780151528,2026-05-30T14:32:08+00:00,44.392357,12.073822,26975,176,,False
1780151531,2026-05-30T14:32:11+00:00,44.391853,12.071043,26950,178,,False
1780151533,2026-05-30T14:32:13+00:00,44.391376,12.068542,26950,178,,False
1780151535,2026-05-30T14:32:15+00:00,44.390903,12.065886,26950,179,,False
1780151537,2026-05-30T14:32:17+00:00,44.390423,12.063291,26950,181,,False
1780151539,2026-05-30T14:32:19+00:00,44.39003,12.061174,26950,183,,False
1780151541,2026-05-30T14:32:21+00:00,44.389648,12.058814,26950,181,,False
1780151543,2026-05-30T14:32:23+00:00,44.389233,12.056451,26925,186,,False
1780151546,2026-05-30T14:32:26+00:00,44.388866,12.054006,26925,183,,False
1780151548,2026-05-30T14:32:28+00:00,44.388397,12.051615,26925,178,,False
1780151550,2026-05-30T14:32:30+00:00,44.387932,12.048984,26925,187,,False
1780151557,2026-05-30T14:32:37+00:00,44.386623,12.041386,26925,181,,False
1780151559,2026-05-30T14:32:39+00:00,44.386158,12.038861,26925,177,,False
1780151561,2026-05-30T14:32:41+00:00,44.385704,12.036156,26925,186,,False
1780151563,2026-05-30T14:32:43+00:00,44.385174,12.033366,26925,186,,False
1780151565,2026-05-30T14:32:45+00:00,44.384796,12.031494,26925,179,,False
1780151567,2026-05-30T14:32:47+00:00,44.384327,12.028805,26925,176,,False
1780151569,2026-05-30T14:32:49+00:00,44.38398,12.02656,26925,185,,False
1780151572,2026-05-30T14:32:52+00:00,44.383507,12.023984,26925,183,,False
1780151574,2026-05-30T14:32:54+00:00,44.383064,12.021617,26925,184,,False
1780151576,2026-05-30T14:32:56+00:00,44.382626,12.018989,26925,182,,False
1780151579,2026-05-30T14:32:59+00:00,44.382084,12.016141,26925,187,,False
1780151581,2026-05-30T14:33:01+00:00,44.381405,12.013285,26925,186,,False
1780151583,2026-05-30T14:33:03+00:00,44.380581,12.011134,26925,184,,False
1780151585,2026-05-30T14:33:05+00:00,44.379696,12.008898,26925,183,,False
1780151588,2026-05-30T14:33:08+00:00,44.378532,12.006609,26950,191,,False
1780151590,2026-05-30T14:33:10+00:00,44.377357,12.004544,26950,186,,False
1780151592,2026-05-30T14:33:12+00:00,44.37611,12.002753,27075,185,,False
1780151594,2026-05-30T14:33:14+00:00,44.374664,12.000856,26950,189,,False
1780151596,2026-05-30T14:33:16+00:00,44.373104,11.99933,26950,195,,False
1780151598,2026-05-30T14:33:18+00:00,44.37149,11.997818,26950,193,,False
1780151600,2026-05-30T14:33:20+00:00,44.369984,11.99678,26950,196,,False
1780151602,2026-05-30T14:33:22+00:00,44.368198,11.995772,26950,189,,False
1780151604,2026-05-30T14:33:24+00:00,44.366478,11.994948,26950,195,,False
1780151607,2026-05-30T14:33:27+00:00,44.364563,11.994089,26950,190,,False
1780151609,2026-05-30T14:33:29+00:00,44.362633,11.993406,26950,193,,False
1780151611,2026-05-30T14:33:31+00:00,44.360672,11.993073,26950,207,,False
1780151613,2026-05-30T14:33:33+00:00,44.358501,11.992894,26950,206,,False
1780151615,2026-05-30T14:33:35+00:00,44.356487,11.99306,26950,202,,False
1780151617,2026-05-30T14:33:37+00:00,44.35434,11.993495,26950,205,,False
1780151619,2026-05-30T14:33:39+00:00,44.352524,11.994156,26950,202,,False
1780151622,2026-05-30T14:33:42+00:00,44.350567,11.994717,26950,199,,False
1780151624,2026-05-30T14:33:44+00:00,44.348717,11.995559,26950,204,,False
1780151626,2026-05-30T14:33:46+00:00,44.346821,11.996494,26950,204,,False
1780151628,2026-05-30T14:33:48+00:00,44.344746,11.997876,26950,206,,False
1780151630,2026-05-30T14:33:50+00:00,44.342896,11.99969,26950,206,,False
1780151632,2026-05-30T14:33:52+00:00,44.341484,12.001126,26950,206,,False
1780151635,2026-05-30T14:33:55+00:00,44.339958,12.00298,26950,206,,False
1780151637,2026-05-30T14:33:57+00:00,44.338562,12.004822,26950,206,,False
1780151639,2026-05-30T14:33:59+00:00,44.337166,12.006916,26950,206,,False
1780151641,2026-05-30T14:34:01+00:00,44.335949,12.009019,26950,203,,False
1780151643,2026-05-30T14:34:03+00:00,44.334854,12.011142,26950,204,,False
1780151645,2026-05-30T14:34:05+00:00,44.333832,12.013397,26950,204,,False
1780151647,2026-05-30T14:34:07+00:00,44.332901,12.016012,26950,204,,False
1780151649,2026-05-30T14:34:09+00:00,44.332146,12.018424,26950,204,,False
1780151651,2026-05-30T14:34:11+00:00,44.33165,12.020978,26950,202,,False
1780151653,2026-05-30T14:34:13+00:00,44.331188,12.023595,26950,199,,False
1780151655,2026-05-30T14:34:15+00:00,44.330826,12.026311,26950,202,,False
1780151657,2026-05-30T14:34:17+00:00,44.330555,12.029517,26950,202,,False
1780151659,2026-05-30T14:34:19+00:00,44.330498,12.031771,26950,200,,False
1780151662,2026-05-30T14:34:22+00:00,44.330513,12.034739,26950,200,,False
1780151664,2026-05-30T14:34:24+00:00,44.330753,12.03754,26950,198,,False
1780151666,2026-05-30T14:34:26+00:00,44.331051,12.040348,26950,198,,False
1780151668,2026-05-30T14:34:28+00:00,44.331402,12.042445,26950,196,,False
1780151670,2026-05-30T14:34:30+00:00,44.332172,12.044839,26950,196,,False
1780151672,2026-05-30T14:34:32+00:00,44.332874,12.047171,26950,194,,False
1780151674,2026-05-30T14:34:34+00:00,44.333706,12.049559,26950,194,,False
1780151676,2026-05-30T14:34:36+00:00,44.334591,12.051766,26950,192,,False
1780151678,2026-05-30T14:34:38+00:00,44.335617,12.053802,26950,192,,False
1780151680,2026-05-30T14:34:40+00:00,44.336922,12.055908,26950,188,,False
1780151683,2026-05-30T14:34:43+00:00,44.338299,12.057842,26950,188,,False
1780151685,2026-05-30T14:34:45+00:00,44.339657,12.059593,26950,186,,False
1780151687,2026-05-30T14:34:47+00:00,44.341175,12.061152,26950,186,,False
1780151689,2026-05-30T14:34:49+00:00,44.342674,12.062303,26950,184,,False
1780151691,2026-05-30T14:34:51+00:00,44.344303,12.063605,26950,182,,False
1780151693,2026-05-30T14:34:53+00:00,44.346046,12.064651,26950,182,,False
1780151695,2026-05-30T14:34:55+00:00,44.347778,12.065426,26950,182,,False
1780151698,2026-05-30T14:34:58+00:00,44.349365,12.065941,26950,180,,False
1780151700,2026-05-30T14:35:00+00:00,44.351086,12.06633,26950,178,,False
1780151702,2026-05-30T14:35:02+00:00,44.352932,12.066465,26950,178,,False
1780151704,2026-05-30T14:35:04+00:00,44.354832,12.066605,26950,176,,False
1780151706,2026-05-30T14:35:06+00:00,44.356335,12.066439,26950,176,,False
1780151708,2026-05-30T14:35:08+00:00,44.357998,12.065946,26950,174,,False
1780151710,2026-05-30T14:35:10+00:00,44.35968,12.065363,26950,174,,False
1780151712,2026-05-30T14:35:12+00:00,44.36134,12.064677,27000,174,,False
1780151715,2026-05-30T14:35:15+00:00,44.363079,12.063871,26975,174,,False
1780151717,2026-05-30T14:35:17+00:00,44.364578,12.063095,26975,174,,False
1780151719,2026-05-30T14:35:19+00:00,44.366375,12.0621,26950,174,,False
1780151721,2026-05-30T14:35:21+00:00,44.36776,12.061375,26950,174,,False
1780151723,2026-05-30T14:35:23+00:00,44.369278,12.060557,26950,174,,False
1780151725,2026-05-30T14:35:25+00:00,44.370876,12.059764,26950,174,,False
1780151727,2026-05-30T14:35:27+00:00,44.372398,12.058959,26950,176,,False
1780151730,2026-05-30T14:35:30+00:00,44.374275,12.058069,26950,176,,False
1780151732,2026-05-30T14:35:32+00:00,44.376007,12.057185,26950,176,,False
1780151734,2026-05-30T14:35:34+00:00,44.377872,12.056187,26950,176,,False
1780151736,2026-05-30T14:35:36+00:00,44.379482,12.055442,26950,176,,False
1780151738,2026-05-30T14:35:38+00:00,44.381229,12.054542,26950,176,,False
1780151741,2026-05-30T14:35:41+00:00,44.382748,12.053871,26950,176,,False
1780151743,2026-05-30T14:35:43+00:00,44.384468,12.052935,26950,178,,False
1780151745,2026-05-30T14:35:45+00:00,44.386055,12.052259,26950,178,,False
1780151747,2026-05-30T14:35:47+00:00,44.38763,12.051424,26925,178,,False
1780151749,2026-05-30T14:35:49+00:00,44.389481,12.050583,26925,178,,False
1780151752,2026-05-30T14:35:52+00:00,44.391251,12.049598,26925,178,,False
1780151754,2026-05-30T14:35:54+00:00,44.392872,12.048819,26925,178,,False
1780151756,2026-05-30T14:35:56+00:00,44.394482,12.048021,26925,178,,False
1780151758,2026-05-30T14:35:58+00:00,44.396107,12.04716,26925,178,,False
1780151760,2026-05-30T14:36:00+00:00,44.397827,12.046391,26925,178,,False
1780151762,2026-05-30T14:36:02+00:00,44.399364,12.045593,26925,178,,False
1780151764,2026-05-30T14:36:04+00:00,44.400921,12.044738,26925,178,,False
1780151766,2026-05-30T14:36:06+00:00,44.40266,12.043943,26925,178,,False
1780151769,2026-05-30T14:36:09+00:00,44.404514,12.043076,26925,178,,False
1780151771,2026-05-30T14:36:11+00:00,44.406185,12.042343,26925,178,,False
1780151773,2026-05-30T14:36:13+00:00,44.407749,12.04162,26925,178,,False
1780151775,2026-05-30T14:36:15+00:00,44.409302,12.040583,26925,178,,False
1780151777,2026-05-30T14:36:17+00:00,44.41095,12.039379,26925,178,,False
1780151779,2026-05-30T14:36:19+00:00,44.41238,12.038162,26925,178,,False
1780151781,2026-05-30T14:36:21+00:00,44.413887,12.036685,26950,176,,False
1780151784,2026-05-30T14:36:24+00:00,44.415287,12.034962,26950,176,,False
1780151786,2026-05-30T14:36:26+00:00,44.416691,12.033173,26950,176,,False
1780151788,2026-05-30T14:36:28+00:00,44.417881,12.03159,26950,176,,False
1780151790,2026-05-30T14:36:30+00:00,44.418858,12.029804,26950,176,,False
1780151792,2026-05-30T14:36:32+00:00,44.420143,12.027331,26950,176,,False
1780151795,2026-05-30T14:36:35+00:00,44.42086,12.025428,26950,176,,False
1780151797,2026-05-30T14:36:37+00:00,44.421612,12.023285,26950,172,,False
1780151799,2026-05-30T14:36:39+00:00,44.422325,12.021083,26975,172,,False
1780151801,2026-05-30T14:36:41+00:00,44.422867,12.01916,26975,176,,False
1780151803,2026-05-30T14:36:43+00:00,44.423283,12.016678,26975,176,,False
1780151805,2026-05-30T14:36:45+00:00,44.423653,12.013947,26825,178,,False
1780151808,2026-05-30T14:36:48+00:00,44.423977,12.010886,26975,178,,False
1780151810,2026-05-30T14:36:50+00:00,44.424019,12.008883,26975,178,,False
1780151812,2026-05-30T14:36:52+00:00,44.423958,12.006466,26975,175,,False
1780151814,2026-05-30T14:36:54+00:00,44.423828,12.003891,26975,181,,False
1780151816,2026-05-30T14:36:56+00:00,44.42371,12.001631,26975,176,,False
1780151818,2026-05-30T14:36:58+00:00,44.423386,11.999037,26975,174,,False
1780151820,2026-05-30T14:37:00+00:00,44.42297,11.996771,26975,187,,False
1780151823,2026-05-30T14:37:03+00:00,44.422394,11.994352,26975,182,,False
1780151825,2026-05-30T14:37:05+00:00,44.421535,11.991613,26975,189,,False
1780151827,2026-05-30T14:37:07+00:00,44.420803,11.989721,26975,172,,False
1780151829,2026-05-30T14:37:09+00:00,44.419853,11.987305,26975,187,,False
1780151831,2026-05-30T14:37:11+00:00,44.418846,11.98527,26975,180,,False
1780151833,2026-05-30T14:37:13+00:00,44.417767,11.983097,26975,188,,False
1780151835,2026-05-30T14:37:15+00:00,44.416569,11.981091,26975,196,,False
1780151837,2026-05-30T14:37:17+00:00,44.415249,11.979076,26975,191,,False
1780151840,2026-05-30T14:37:20+00:00,44.413807,11.9772,26975,191,,False
1780151842,2026-05-30T14:37:22+00:00,44.412308,11.975462,26975,197,,False
1780151844,2026-05-30T14:37:24+00:00,44.410801,11.973915,26975,189,,False
1780151846,2026-05-30T14:37:26+00:00,44.409176,11.97271,26950,192,,False
1780151848,2026-05-30T14:37:28+00:00,44.40744,11.97122,26950,203,,False
1780151850,2026-05-30T14:37:30+00:00,44.405437,11.969935,26950,198,,False
1780151852,2026-05-30T14:37:32+00:00,44.404095,11.969204,26950,195,,False
1780151855,2026-05-30T14:37:35+00:00,44.401737,11.967763,27050,204,,False
1780151857,2026-05-30T14:37:37+00:00,44.399925,11.967157,26950,203,,False
1780151859,2026-05-30T14:37:39+00:00,44.398083,11.96665,26950,201,,False
1780151861,2026-05-30T14:37:41+00:00,44.396248,11.966362,26950,200,,False
1780151863,2026-05-30T14:37:43+00:00,44.394058,11.966054,27050,206,,False
1780151865,2026-05-30T14:37:45+00:00,44.392101,11.965817,26950,203,,False
1780151867,2026-05-30T14:37:47+00:00,44.38974,11.965921,26950,210,,False
1780151869,2026-05-30T14:37:49+00:00,44.387745,11.966302,26950,208,,False
1780151872,2026-05-30T14:37:52+00:00,44.385712,11.966567,26950,206,,False
1780151874,2026-05-30T14:37:54+00:00,44.383839,11.967083,26950,208,,False
1780151876,2026-05-30T14:37:56+00:00,44.381844,11.967857,26950,208,,False
1780151878,2026-05-30T14:37:58+00:00,44.379887,11.96874,26950,208,,False
1780151880,2026-05-30T14:38:00+00:00,44.378067,11.969657,26950,208,,False
1780151882,2026-05-30T14:38:02+00:00,44.376163,11.970656,26950,208,,False
1780151884,2026-05-30T14:38:04+00:00,44.374367,11.971959,26950,210,,False
1780151886,2026-05-30T14:38:06+00:00,44.372372,11.973584,27000,182,,False
1780151889,2026-05-30T14:38:09+00:00,44.370667,11.975307,26950,210,,False
1780151891,2026-05-30T14:38:11+00:00,44.368958,11.976861,26950,210,,False
1780151893,2026-05-30T14:38:13+00:00,44.367546,11.978435,26950,210,,False
1780151895,2026-05-30T14:38:15+00:00,44.365913,11.980576,27000,212,,False
1780151897,2026-05-30T14:38:17+00:00,44.364498,11.982625,26950,210,,False
1780151900,2026-05-30T14:38:20+00:00,44.362942,11.985157,26950,210,,False
1780151902,2026-05-30T14:38:22+00:00,44.361473,11.987677,26950,210,,False
1780151904,2026-05-30T14:38:24+00:00,44.360527,11.989696,26950,210,,False
1780151906,2026-05-30T14:38:26+00:00,44.359337,11.992268,26950,210,,False
1780151908,2026-05-30T14:38:28+00:00,44.358395,11.994912,26950,208,,False
1780151910,2026-05-30T14:38:30+00:00,44.357441,11.997889,26950,208,,False
1780151913,2026-05-30T14:38:33+00:00,44.356667,12.000332,26950,208,,False
1780151915,2026-05-30T14:38:35+00:00,44.356045,12.003086,26950,208,,False
1780151917,2026-05-30T14:38:37+00:00,44.355698,12.005779,27000,208,,False
1780151919,2026-05-30T14:38:39+00:00,44.35524,12.008588,26950,208,,False
1780151921,2026-05-30T14:38:41+00:00,44.354851,12.011283,26950,206,,False
1780151923,2026-05-30T14:38:43+00:00,44.354671,12.014136,26950,206,,False
1780151925,2026-05-30T14:38:45+00:00,44.354584,12.016809,26950,204,,False
1780151927,2026-05-30T14:38:47+00:00,44.354492,12.020132,26950,204,,False
1780151929,2026-05-30T14:38:49+00:00,44.354507,12.022171,26950,194,,False
1780151932,2026-05-30T14:38:52+00:00,44.354885,12.025199,26950,206,,False
1780151934,2026-05-30T14:38:54+00:00,44.355408,12.028342,26950,202,,False
1780151936,2026-05-30T14:38:56+00:00,44.355888,12.030938,26950,200,,False
1780151938,2026-05-30T14:38:58+00:00,44.356411,12.033418,26950,200,,False
1780151940,2026-05-30T14:39:00+00:00,44.357197,12.036059,26950,198,,False
1780151942,2026-05-30T14:39:02+00:00,44.35796,12.038254,26950,198,,False
1780151944,2026-05-30T14:39:04+00:00,44.35891,12.040957,26950,196,,False
1780151947,2026-05-30T14:39:07+00:00,44.35981,12.043221,26950,196,,False
1780151949,2026-05-30T14:39:09+00:00,44.360916,12.045501,26950,194,,False
1780151951,2026-05-30T14:39:11+00:00,44.36211,12.047614,26950,194,,False
1780151953,2026-05-30T14:39:13+00:00,44.363373,12.049726,26950,192,,False
1780151955,2026-05-30T14:39:15+00:00,44.364754,12.051429,26950,192,,False
1780151957,2026-05-30T14:39:17+00:00,44.366203,12.053608,26950,192,,False
1780151960,2026-05-30T14:39:20+00:00,44.367264,12.055148,26950,192,,False
1780151962,2026-05-30T14:39:22+00:00,44.368874,12.057498,26950,194,,False
1780151964,2026-05-30T14:39:24+00:00,44.370178,12.05938,26925,194,,False
1780151966,2026-05-30T14:39:26+00:00,44.371571,12.061207,26925,194,,False
1780151969,2026-05-30T14:39:29+00:00,44.373245,12.063601,26925,194,,False
1780151971,2026-05-30T14:39:31+00:00,44.374496,12.065392,26925,164,,False
1780151973,2026-05-30T14:39:33+00:00,44.375664,12.067316,26925,194,,False
1780151975,2026-05-30T14:39:35+00:00,44.376999,12.069144,26925,194,,False
1780151977,2026-05-30T14:39:37+00:00,44.378288,12.070992,26925,194,,False
1780151979,2026-05-30T14:39:39+00:00,44.379566,12.072989,26925,194,,False
1780151981,2026-05-30T14:39:41+00:00,44.380917,12.074752,27000,194,,False
1780151983,2026-05-30T14:39:43+00:00,44.38242,12.076795,26925,192,,False
1780151986,2026-05-30T14:39:46+00:00,44.383858,12.07832,26925,192,,False
1780151988,2026-05-30T14:39:48+00:00,44.385479,12.079774,26925,192,,False
1780151990,2026-05-30T14:39:50+00:00,44.3871,12.080959,26925,188,,False
1780151992,2026-05-30T14:39:52+00:00,44.388824,12.082025,26925,186,,False
1780151994,2026-05-30T14:39:54+00:00,44.390564,12.082782,26925,186,,False
1780151996,2026-05-30T14:39:56+00:00,44.392578,12.083392,26925,186,,False
1780151999,2026-05-30T14:39:59+00:00,44.394444,12.083837,26950,186,,False
1780152001,2026-05-30T14:40:01+00:00,44.396122,12.084037,26950,180,,False
1780152003,2026-05-30T14:40:03+00:00,44.397846,12.083903,26950,180,,False
1780152005,2026-05-30T14:40:05+00:00,44.400009,12.083619,26950,178,,False
1780152007,2026-05-30T14:40:07+00:00,44.401371,12.083126,26950,178,,False
1780152010,2026-05-30T14:40:10+00:00,44.403324,12.082455,26950,176,,False
1780152012,2026-05-30T14:40:12+00:00,44.405109,12.081631,26950,176,,False
1780152014,2026-05-30T14:40:14+00:00,44.40659,12.080647,26950,168,,False
1780152016,2026-05-30T14:40:16+00:00,44.408447,12.078983,26950,174,,False
1780152018,2026-05-30T14:40:18+00:00,44.409725,12.077495,26950,174,,False
1780152021,2026-05-30T14:40:21+00:00,44.411015,12.075947,26950,174,,False
1780152023,2026-05-30T14:40:23+00:00,44.412075,12.074203,26950,174,,False
1780152026,2026-05-30T14:40:26+00:00,44.413322,12.072107,26950,174,,False
1780152028,2026-05-30T14:40:28+00:00,44.41428,12.069849,26950,174,,False
1780152030,2026-05-30T14:40:30+00:00,44.415016,12.067721,26950,174,,False
1780152032,2026-05-30T14:40:32+00:00,44.415871,12.06525,26950,176,,False
1780152034,2026-05-30T14:40:34+00:00,44.416355,12.062921,26950,176,,False
1780152036,2026-05-30T14:40:36+00:00,44.416603,12.060494,26950,176,,False
1780152038,2026-05-30T14:40:38+00:00,44.416794,12.058021,26950,176,,False
1780152041,2026-05-30T14:40:41+00:00,44.416794,12.055359,26950,176,,False
1780152043,2026-05-30T14:40:43+00:00,44.416817,12.053009,26975,176,,False
1780152045,2026-05-30T14:40:45+00:00,44.416866,12.050547,26975,176,,False
1780152047,2026-05-30T14:40:47+00:00,44.416988,12.047605,27000,176,,False
1780152050,2026-05-30T14:40:50+00:00,44.417133,12.045265,26950,176,,False
1780152052,2026-05-30T14:40:52+00:00,44.417183,12.042639,26950,180,,False
1780152054,2026-05-30T14:40:54+00:00,44.417355,12.039908,27000,179,,False
1780152056,2026-05-30T14:40:56+00:00,44.417477,12.037514,26950,173,,False
1780152059,2026-05-30T14:40:59+00:00,44.41758,12.034714,26950,181,,False
1780152061,2026-05-30T14:41:01+00:00,44.417728,12.032065,26950,176,,False
1780152063,2026-05-30T14:41:03+00:00,44.417839,12.029338,26925,181,,False
1780152065,2026-05-30T14:41:05+00:00,44.418003,12.027155,26925,183,,False
1780152068,2026-05-30T14:41:08+00:00,44.418205,12.024434,26925,180,,False
1780152070,2026-05-30T14:41:10+00:00,44.418324,12.02195,26925,184,,False
1780152072,2026-05-30T14:41:12+00:00,44.418453,12.018834,26925,179,,False
1780152075,2026-05-30T14:41:15+00:00,44.418526,12.016419,26925,180,,False
1780152077,2026-05-30T14:41:17+00:00,44.418644,12.014029,26925,177,,False
1780152079,2026-05-30T14:41:19+00:00,44.418789,12.01134,26925,187,,False
1780152081,2026-05-30T14:41:21+00:00,44.418907,12.008743,26925,184,,False
1780152083,2026-05-30T14:41:23+00:00,44.419098,12.006209,26925,178,,False
1780152086,2026-05-30T14:41:26+00:00,44.419228,12.003329,26925,180,,False
1780152088,2026-05-30T14:41:28+00:00,44.419315,12.00094,26925,178,,False
1780152090,2026-05-30T14:41:30+00:00,44.41946,11.998146,26925,184,,False
1780152092,2026-05-30T14:41:32+00:00,44.419548,11.995924,26925,177,,False
1780152094,2026-05-30T14:41:34+00:00,44.419651,11.993222,26925,184,,False
1780152097,2026-05-30T14:41:37+00:00,44.419842,11.990599,26925,183,,False
1780152099,2026-05-30T14:41:39+00:00,44.419998,11.988083,26925,175,,False
1780152102,2026-05-30T14:41:42+00:00,44.419994,11.985298,26925,175,,False
1780152104,2026-05-30T14:41:44+00:00,44.419926,11.982343,26925,178,,False
1780152106,2026-05-30T14:41:46+00:00,44.419708,11.979717,26925,193,,False
1780152108,2026-05-30T14:41:48+00:00,44.419281,11.977087,26950,186,,False
1780152111,2026-05-30T14:41:51+00:00,44.418617,11.973722,26950,192,,False
1780152113,2026-05-30T14:41:53+00:00,44.41806,11.971924,26950,185,,False
1780152115,2026-05-30T14:41:55+00:00,44.417282,11.969607,26950,185,,False
1780152117,2026-05-30T14:41:57+00:00,44.416363,11.967155,26950,190,,False
1780152120,2026-05-30T14:42:00+00:00,44.415314,11.964702,26950,181,,False
1780152122,2026-05-30T14:42:02+00:00,44.414177,11.962396,26950,190,,False
1780152124,2026-05-30T14:42:04+00:00,44.412746,11.960253,26950,190,,False
1780152126,2026-05-30T14:42:06+00:00,44.411293,11.958332,26975,183,,False
1780152129,2026-05-30T14:42:09+00:00,44.409576,11.956273,26975,195,,False
1780152131,2026-05-30T14:42:11+00:00,44.408173,11.954808,26975,190,,False
1780152133,2026-05-30T14:42:13+00:00,44.406651,11.953496,26975,188,,False
1780152135,2026-05-30T14:42:15+00:00,44.404861,11.95225,26975,196,,False
1780152137,2026-05-30T14:42:17+00:00,44.402813,11.951049,26975,194,,False
1780152139,2026-05-30T14:42:19+00:00,44.401283,11.950191,26975,199,,False
1780152142,2026-05-30T14:42:22+00:00,44.399132,11.949347,26975,196,,False
1780152144,2026-05-30T14:42:24+00:00,44.39695,11.948838,26975,195,,False
1780152146,2026-05-30T14:42:26+00:00,44.394646,11.948333,26975,205,,False
1780152148,2026-05-30T14:42:28+00:00,44.392879,11.948105,26950,205,,False
1780152150,2026-05-30T14:42:30+00:00,44.391022,11.94839,26950,204,,False
1780152153,2026-05-30T14:42:33+00:00,44.38879,11.948627,26950,207,,False
1780152155,2026-05-30T14:42:35+00:00,44.3867,11.949129,26950,207,,False
1780152157,2026-05-30T14:42:37+00:00,44.384899,11.949656,26950,200,,False
1780152159,2026-05-30T14:42:39+00:00,44.382431,11.950589,26950,207,,False
1780152161,2026-05-30T14:42:41+00:00,44.380753,11.951405,26950,208,,False
1780152164,2026-05-30T14:42:44+00:00,44.378849,11.952463,26950,208,,False
1780152166,2026-05-30T14:42:46+00:00,44.376778,11.954457,26950,208,,False
1780152168,2026-05-30T14:42:48+00:00,44.374672,11.956087,26950,208,,False
1780152171,2026-05-30T14:42:51+00:00,44.372829,11.957999,26950,210,,False
1780152173,2026-05-30T14:42:53+00:00,44.3713,11.960092,26950,210,,False
1780152175,2026-05-30T14:42:55+00:00,44.369823,11.962105,26950,210,,False
1780152178,2026-05-30T14:42:58+00:00,44.368172,11.964461,26950,210,,False
1780152180,2026-05-30T14:43:00+00:00,44.36702,11.966848,26950,208,,False
1780152182,2026-05-30T14:43:02+00:00,44.365543,11.969528,26950,208,,False
1780152184,2026-05-30T14:43:04+00:00,44.364677,11.971998,26950,208,,False
1780152186,2026-05-30T14:43:06+00:00,44.363808,11.974243,26950,208,,False
1780152188,2026-05-30T14:43:08+00:00,44.363026,11.976708,26950,208,,False
1780152190,2026-05-30T14:43:10+00:00,44.362309,11.97973,26950,208,,False
1780152192,2026-05-30T14:43:12+00:00,44.361889,11.982219,27000,206,,False
1780152195,2026-05-30T14:43:15+00:00,44.361385,11.985261,27000,206,,False
1780152197,2026-05-30T14:43:17+00:00,44.361225,11.987621,26950,206,,False
1780152201,2026-05-30T14:43:21+00:00,44.360947,11.993141,26950,204,,False
1780152203,2026-05-30T14:43:23+00:00,44.361118,11.995744,26950,204,,False
1780152205,2026-05-30T14:43:25+00:00,44.361347,11.998422,27000,202,,False
1780152207,2026-05-30T14:43:27+00:00,44.361759,12.001634,26950,202,,False
1780152209,2026-05-30T14:43:29+00:00,44.362244,12.004069,26950,200,,False
1780152211,2026-05-30T14:43:31+00:00,44.36298,12.007013,27000,200,,False
1780152214,2026-05-30T14:43:34+00:00,44.363682,12.009201,26950,198,,False
1780152216,2026-05-30T14:43:36+00:00,44.364647,12.011808,26950,196,,False
1780152218,2026-05-30T14:43:38+00:00,44.365685,12.014252,26950,196,,False
1780152220,2026-05-30T14:43:40+00:00,44.366676,12.016423,26950,194,,False
1780152222,2026-05-30T14:43:42+00:00,44.368042,12.018705,26950,194,,False
1780152225,2026-05-30T14:43:45+00:00,44.369114,12.020329,27000,192,,False
1780152227,2026-05-30T14:43:47+00:00,44.370697,12.022293,26950,192,,False
1780152229,2026-05-30T14:43:49+00:00,44.372162,12.024123,26950,190,,False
1780152232,2026-05-30T14:43:52+00:00,44.37394,12.025778,26950,190,,False
1780152234,2026-05-30T14:43:54+00:00,44.375553,12.027025,26950,190,,False
1780152236,2026-05-30T14:43:56+00:00,44.377293,12.028268,26950,186,,False
1780152238,2026-05-30T14:43:58+00:00,44.379078,12.029422,26950,186,,False
1780152240,2026-05-30T14:44:00+00:00,44.380684,12.030012,26950,184,,False
1780152242,2026-05-30T14:44:02+00:00,44.382908,12.030636,26950,182,,False
1780152245,2026-05-30T14:44:05+00:00,44.384548,12.031115,26950,182,,False
1780152247,2026-05-30T14:44:07+00:00,44.386261,12.031129,26950,182,,False
1780152249,2026-05-30T14:44:09+00:00,44.38802,12.031255,26950,180,,False
1780152251,2026-05-30T14:44:11+00:00,44.389984,12.030929,26950,180,,False
1780152253,2026-05-30T14:44:13+00:00,44.391739,12.030714,26950,180,,False
1780152256,2026-05-30T14:44:16+00:00,44.393501,12.030038,26950,180,,False
1780152258,2026-05-30T14:44:18+00:00,44.395187,12.029166,26950,178,,False
1780152260,2026-05-30T14:44:20+00:00,44.397022,12.028299,26950,178,,False
1780152262,2026-05-30T14:44:22+00:00,44.39872,12.027127,26950,186,,False
1780152264,2026-05-30T14:44:24+00:00,44.400394,12.025795,26950,176,,False
1780152266,2026-05-30T14:44:26+00:00,44.401573,12.024583,26950,176,,False
1780152268,2026-05-30T14:44:28+00:00,44.402718,12.023066,26950,176,,False
1780152271,2026-05-30T14:44:31+00:00,44.404079,12.021471,26975,176,,False
1780152273,2026-05-30T14:44:33+00:00,44.405529,12.019677,26975,176,,False
1780152275,2026-05-30T14:44:35+00:00,44.406982,12.01781,26950,176,,False
1780152278,2026-05-30T14:44:38+00:00,44.408497,12.016017,26950,178,,False
1780152280,2026-05-30T14:44:40+00:00,44.409893,12.014469,26950,178,,False
1780152282,2026-05-30T14:44:42+00:00,44.411602,12.012366,26950,178,,False
1780152285,2026-05-30T14:44:45+00:00,44.412979,12.010778,26950,178,,False
1780152287,2026-05-30T14:44:47+00:00,44.414303,12.009263,26950,178,,False
1780152289,2026-05-30T14:44:49+00:00,44.415653,12.007751,26925,178,,False
1780152291,2026-05-30T14:44:51+00:00,44.416958,12.006259,26925,178,,False
1780152293,2026-05-30T14:44:53+00:00,44.418571,12.004478,26925,178,,False
1780152296,2026-05-30T14:44:56+00:00,44.420116,12.002798,26925,178,,False
1780152298,2026-05-30T14:44:58+00:00,44.421139,12.00155,26925,178,,False
1780152300,2026-05-30T14:45:00+00:00,44.422791,11.999607,26925,180,,False
1780152302,2026-05-30T14:45:02+00:00,44.423958,11.998503,26925,180,,False
1780152304,2026-05-30T14:45:04+00:00,44.425686,11.996541,26925,180,,False
1780152306,2026-05-30T14:45:06+00:00,44.426697,11.99531,26925,180,,False
1780152309,2026-05-30T14:45:09+00:00,44.428158,11.99348,27000,178,,False
1780152311,2026-05-30T14:45:11+00:00,44.429325,11.991701,26925,178,,False
1780152313,2026-05-30T14:45:13+00:00,44.43047,11.989429,26925,178,,False
1780152316,2026-05-30T14:45:16+00:00,44.431545,11.986422,26925,178,,False
1780152318,2026-05-30T14:45:18+00:00,44.432354,11.984141,26950,178,,False
1780152321,2026-05-30T14:45:21+00:00,44.433125,11.981297,26950,180,,False
1780152323,2026-05-30T14:45:23+00:00,44.433403,11.978969,26950,180,,False
1780152325,2026-05-30T14:45:25+00:00,44.433731,11.976475,26950,180,,False
1780152327,2026-05-30T14:45:27+00:00,44.433807,11.974137,26950,180,,False
1780152329,2026-05-30T14:45:29+00:00,44.433846,11.971609,26950,180,,False
1780152332,2026-05-30T14:45:32+00:00,44.433647,11.969043,26950,180,,False
1780152334,2026-05-30T14:45:34+00:00,44.433434,11.966519,26950,180,,False
1780152336,2026-05-30T14:45:36+00:00,44.432854,11.963091,26950,180,,False
1780152338,2026-05-30T14:45:38+00:00,44.432228,11.96094,26950,183,,False
1780152341,2026-05-30T14:45:41+00:00,44.431519,11.958797,26950,185,,False
1780152343,2026-05-30T14:45:43+00:00,44.430424,11.956063,26950,189,,False
1780152345,2026-05-30T14:45:45+00:00,44.429283,11.953538,26975,187,,False
1780152347,2026-05-30T14:45:47+00:00,44.428051,11.951481,26950,192,,False
1780152351,2026-05-30T14:45:51+00:00,44.426289,11.948858,26950,188,,False
1780152353,2026-05-30T14:45:53+00:00,44.42474,11.947023,26950,192,,False
1780152355,2026-05-30T14:45:55+00:00,44.422657,11.944953,26950,195,,False
1780152357,2026-05-30T14:45:57+00:00,44.420826,11.943501,26950,192,,False
1780152360,2026-05-30T14:46:00+00:00,44.41922,11.94249,26950,195,,False
1780152362,2026-05-30T14:46:02+00:00,44.41753,11.941481,26950,194,,False
1780152364,2026-05-30T14:46:04+00:00,44.415184,11.94022,26950,202,,False
1780152366,2026-05-30T14:46:06+00:00,44.413609,11.939631,26950,205,,False
1780152368,2026-05-30T14:46:08+00:00,44.411674,11.939274,26950,196,,False
1780152371,2026-05-30T14:46:11+00:00,44.409424,11.93892,26950,207,,False
1780152373,2026-05-30T14:46:13+00:00,44.407627,11.9389,26950,203,,False
1780152375,2026-05-30T14:46:15+00:00,44.404911,11.939268,26950,209,,False
1780152377,2026-05-30T14:46:17+00:00,44.403011,11.939655,26950,208,,False
1780152380,2026-05-30T14:46:20+00:00,44.401047,11.940221,26950,208,,False
1780152382,2026-05-30T14:46:22+00:00,44.399075,11.941177,26950,202,,False
1780152384,2026-05-30T14:46:24+00:00,44.396877,11.942122,26950,206,,False
1780152386,2026-05-30T14:46:26+00:00,44.394936,11.943176,26950,208,,False
1780152389,2026-05-30T14:46:29+00:00,44.393158,11.944679,26950,208,,False
1780152391,2026-05-30T14:46:31+00:00,44.390984,11.946612,26950,208,,False
1780152393,2026-05-30T14:46:33+00:00,44.389343,11.948368,26950,208,,False
1780152395,2026-05-30T14:46:35+00:00,44.387878,11.950316,26950,208,,False
1780152398,2026-05-30T14:46:38+00:00,44.386375,11.952064,26950,208,,False
1780152400,2026-05-30T14:46:40+00:00,44.384876,11.954316,26950,202,,False
1780152402,2026-05-30T14:46:42+00:00,44.383701,11.956602,26950,208,,False
1780152404,2026-05-30T14:46:44+00:00,44.382557,11.959356,26950,208,,False
1780152407,2026-05-30T14:46:47+00:00,44.381302,11.962251,26950,208,,False
1780152409,2026-05-30T14:46:49+00:00,44.380493,11.964819,26950,206,,False
1780152411,2026-05-30T14:46:51+00:00,44.379807,11.967524,26950,206,,False
1780152413,2026-05-30T14:46:53+00:00,44.379158,11.970814,26950,206,,False
1780152415,2026-05-30T14:46:55+00:00,44.378796,11.973179,26950,206,,False
1780152417,2026-05-30T14:46:57+00:00,44.37841,11.976165,26950,204,,False
1780152420,2026-05-30T14:47:00+00:00,44.378334,11.979042,26950,204,,False
1780152422,2026-05-30T14:47:02+00:00,44.378307,11.981756,26950,202,,False
1780152424,2026-05-30T14:47:04+00:00,44.378426,11.984245,26950,200,,False
1780152426,2026-05-30T14:47:06+00:00,44.378635,11.987433,26950,200,,False
1780152428,2026-05-30T14:47:08+00:00,44.379086,11.989977,26950,200,,False
1780152430,2026-05-30T14:47:10+00:00,44.379669,11.992857,26950,200,,False
1780152432,2026-05-30T14:47:12+00:00,44.380478,11.995467,26950,196,,False
1780152435,2026-05-30T14:47:15+00:00,44.381241,11.997807,26950,196,,False
1780152437,2026-05-30T14:47:17+00:00,44.382446,12.000808,26950,194,,False
1780152439,2026-05-30T14:47:19+00:00,44.38345,12.002808,26950,194,,False
1780152441,2026-05-30T14:47:21+00:00,44.384674,12.004855,26950,192,,False
1780152444,2026-05-30T14:47:24+00:00,44.3857,12.006672,26950,192,,False
1780152446,2026-05-30T14:47:26+00:00,44.387257,12.008769,26950,190,,False
1780152448,2026-05-30T14:47:28+00:00,44.388691,12.010503,26950,188,,False
1780152450,2026-05-30T14:47:30+00:00,44.389999,12.011752,26950,188,,False
1780152452,2026-05-30T14:47:32+00:00,44.391735,12.013023,26950,186,,False
1780152454,2026-05-30T14:47:34+00:00,44.393524,12.014162,26950,184,,False
1780152457,2026-05-30T14:47:37+00:00,44.395126,12.015157,26950,184,,False
1780152459,2026-05-30T14:47:39+00:00,44.396706,12.015839,26950,182,,False
1780152461,2026-05-30T14:47:41+00:00,44.398602,12.016497,27000,182,,False
1780152463,2026-05-30T14:47:43+00:00,44.400391,12.016829,26950,180,,False
1780152465,2026-05-30T14:47:45+00:00,44.402161,12.017071,26950,180,,False
1780152467,2026-05-30T14:47:47+00:00,44.403877,12.016903,26950,178,,False
1780152470,2026-05-30T14:47:50+00:00,44.405525,12.016727,26950,178,,False
1780152472,2026-05-30T14:47:52+00:00,44.407478,12.016377,26950,178,,False
1780152474,2026-05-30T14:47:54+00:00,44.409161,12.015705,26950,176,,False
1780152476,2026-05-30T14:47:56+00:00,44.410614,12.01479,26950,176,,False
1780152478,2026-05-30T14:47:58+00:00,44.41246,12.013891,26950,176,,False
1780152480,2026-05-30T14:48:00+00:00,44.413994,12.01281,26950,174,,False
1780152482,2026-05-30T14:48:02+00:00,44.415821,12.011088,26950,174,,False
1780152484,2026-05-30T14:48:04+00:00,44.416656,12.009945,26950,174,,False
1780152486,2026-05-30T14:48:06+00:00,44.418015,12.008396,26950,174,,False
1780152489,2026-05-30T14:48:09+00:00,44.419212,12.006547,26950,174,,False
1780152491,2026-05-30T14:48:11+00:00,44.420231,12.005009,26950,174,,False
1780152493,2026-05-30T14:48:13+00:00,44.421154,12.003098,26950,174,,False
1780152495,2026-05-30T14:48:15+00:00,44.42189,12.000715,26950,174,,False
1780152498,2026-05-30T14:48:18+00:00,44.422764,11.997723,26950,176,,False
1780152500,2026-05-30T14:48:20+00:00,44.423336,11.995529,26950,176,,False
1780152502,2026-05-30T14:48:22+00:00,44.423771,11.993118,26950,176,,False
1780152505,2026-05-30T14:48:25+00:00,44.423954,11.990792,26950,176,,False
1780152507,2026-05-30T14:48:27+00:00,44.424057,11.987718,26950,176,,False
1780152509,2026-05-30T14:48:29+00:00,44.424007,11.985503,26950,176,,False
1780152511,2026-05-30T14:48:31+00:00,44.42395,11.983086,26950,164,,False
1780152513,2026-05-30T14:48:33+00:00,44.423717,11.980745,26950,174,,False
1780152515,2026-05-30T14:48:35+00:00,44.423206,11.977981,26950,190,,False
1780152517,2026-05-30T14:48:37+00:00,44.422306,11.974859,26950,187,,False
1780152520,2026-05-30T14:48:40+00:00,44.421516,11.972761,26950,184,,False
1780152522,2026-05-30T14:48:42+00:00,44.420658,11.970829,26950,183,,False
1780152524,2026-05-30T14:48:44+00:00,44.419422,11.968118,26950,181,,False
1780152526,2026-05-30T14:48:46+00:00,44.418243,11.96614,26950,188,,False
1780152529,2026-05-30T14:48:49+00:00,44.417038,11.964335,26950,187,,False
1780152531,2026-05-30T14:48:51+00:00,44.415634,11.962636,26950,188,,False
1780152533,2026-05-30T14:48:53+00:00,44.41396,11.960671,27000,192,,False
1780152535,2026-05-30T14:48:55+00:00,44.412354,11.959232,26950,193,,False
1780152537,2026-05-30T14:48:57+00:00,44.410774,11.958091,26950,192,,False
1780152539,2026-05-30T14:48:59+00:00,44.409088,11.95675,26950,189,,False
1780152541,2026-05-30T14:49:01+00:00,44.407295,11.955941,26950,189,,False
1780152543,2026-05-30T14:49:03+00:00,44.405548,11.955181,26950,199,,False
1780152545,2026-05-30T14:49:05+00:00,44.403748,11.954466,26950,196,,False
1780152548,2026-05-30T14:49:08+00:00,44.401852,11.954149,26950,201,,False
1780152550,2026-05-30T14:49:10+00:00,44.399757,11.953849,26950,198,,False
1780152552,2026-05-30T14:49:12+00:00,44.397652,11.953755,26950,197,,False
1780152554,2026-05-30T14:49:14+00:00,44.39584,11.954191,26950,212,,False
1780152556,2026-05-30T14:49:16+00:00,44.393696,11.954514,26950,208,,False
1780152558,2026-05-30T14:49:18+00:00,44.391544,11.955073,26950,203,,False
1780152560,2026-05-30T14:49:20+00:00,44.389854,11.955726,26950,204,,False
1780152563,2026-05-30T14:49:23+00:00,44.387783,11.95682,26950,206,,False
1780152565,2026-05-30T14:49:25+00:00,44.38612,11.957864,26950,206,,False
1780152567,2026-05-30T14:49:27+00:00,44.3843,11.959156,26950,206,,False
1780152569,2026-05-30T14:49:29+00:00,44.382656,11.960472,26950,206,,False
1780152571,2026-05-30T14:49:31+00:00,44.380852,11.962255,26950,206,,False
1780152573,2026-05-30T14:49:33+00:00,44.379578,11.963868,26950,206,,False
1780152575,2026-05-30T14:49:35+00:00,44.378109,11.965869,26950,204,,False
1780152577,2026-05-30T14:49:37+00:00,44.376312,11.968453,26950,206,,False
1780152580,2026-05-30T14:49:40+00:00,44.375137,11.970757,26950,206,,False
1780152582,2026-05-30T14:49:42+00:00,44.374168,11.972696,26950,206,,False
1780152584,2026-05-30T14:49:44+00:00,44.372993,11.975222,26950,206,,False
1780152586,2026-05-30T14:49:46+00:00,44.372089,11.977731,26950,204,,False
1780152588,2026-05-30T14:49:48+00:00,44.371342,11.980466,26950,204,,False
1780152590,2026-05-30T14:49:50+00:00,44.370739,11.982937,26950,204,,False
1780152593,2026-05-30T14:49:53+00:00,44.370197,11.986072,27000,204,,False
1780152595,2026-05-30T14:49:55+00:00,44.369877,11.98875,26950,204,,False
1780152597,2026-05-30T14:49:57+00:00,44.369774,11.991778,26950,202,,False
1780152599,2026-05-30T14:49:59+00:00,44.369545,11.99463,26950,202,,False
1780152601,2026-05-30T14:50:01+00:00,44.369621,11.997493,26950,200,,False
1780152603,2026-05-30T14:50:03+00:00,44.369881,12.000006,26950,200,,False
1780152606,2026-05-30T14:50:06+00:00,44.370232,12.002909,26950,198,,False
1780152608,2026-05-30T14:50:08+00:00,44.370804,12.005898,26950,198,,False
1780152610,2026-05-30T14:50:10+00:00,44.371326,12.008014,26950,196,,False
1780152612,2026-05-30T14:50:12+00:00,44.372063,12.010219,26950,194,,False
1780152614,2026-05-30T14:50:14+00:00,44.373058,12.012811,26950,194,,False
1780152616,2026-05-30T14:50:16+00:00,44.374134,12.015329,26950,192,,False
1780152619,2026-05-30T14:50:19+00:00,44.375462,12.0178,26950,192,,False
1780152621,2026-05-30T14:50:21+00:00,44.376617,12.019869,26950,190,,False
1780152624,2026-05-30T14:50:24+00:00,44.378105,12.021619,26950,188,,False
1780152626,2026-05-30T14:50:26+00:00,44.37949,12.023276,26950,188,,False
1780152628,2026-05-30T14:50:28+00:00,44.381035,12.025084,26950,186,,False
1780152631,2026-05-30T14:50:31+00:00,44.383209,12.02667,26950,186,,False
1780152633,2026-05-30T14:50:33+00:00,44.384666,12.027629,26950,184,,False
1780152635,2026-05-30T14:50:35+00:00,44.38678,12.028667,26950,184,,False
1780152637,2026-05-30T14:50:37+00:00,44.388332,12.029382,26950,180,,False
1780152639,2026-05-30T14:50:39+00:00,44.389977,12.029868,26950,180,,False
1780152642,2026-05-30T14:50:42+00:00,44.391788,12.030203,27000,180,,False
1780152644,2026-05-30T14:50:44+00:00,44.393764,12.030196,26950,178,,False
1780152646,2026-05-30T14:50:46+00:00,44.395634,12.030318,26950,178,,False
1780152648,2026-05-30T14:50:48+00:00,44.397324,12.030137,26950,176,,False
1780152650,2026-05-30T14:50:50+00:00,44.39912,12.02986,26975,176,,False
1780152652,2026-05-30T14:50:52+00:00,44.400925,12.029735,26950,178,,False
1780152654,2026-05-30T14:50:54+00:00,44.402458,12.029669,26950,178,,False
1780152656,2026-05-30T14:50:56+00:00,44.40416,12.029545,26950,178,,False
1780152659,2026-05-30T14:50:59+00:00,44.405731,12.029408,26950,178,,False
1780152661,2026-05-30T14:51:01+00:00,44.407497,12.029286,26950,178,,False
1780152663,2026-05-30T14:51:03+00:00,44.409592,12.029206,26950,178,,False
1780152665,2026-05-30T14:51:05+00:00,44.411449,12.029138,26925,180,,False
1780152668,2026-05-30T14:51:08+00:00,44.413551,12.028916,26925,180,,False
1780152670,2026-05-30T14:51:10+00:00,44.415058,12.028935,26925,180,,False
1780152672,2026-05-30T14:51:12+00:00,44.417183,12.028839,26925,180,,False
1780152674,2026-05-30T14:51:14+00:00,44.419025,12.028714,26925,180,,False
1780152676,2026-05-30T14:51:16+00:00,44.420769,12.028738,26925,180,,False
1780152679,2026-05-30T14:51:19+00:00,44.422718,12.028706,26925,180,,False
1780152681,2026-05-30T14:51:21+00:00,44.424549,12.028488,26925,182,,False
1780152683,2026-05-30T14:51:23+00:00,44.426613,12.028393,26925,182,,False
1780152685,2026-05-30T14:51:25+00:00,44.428322,12.028512,26925,182,,False
1780152688,2026-05-30T14:51:28+00:00,44.430607,12.028274,26925,182,,False
1780152690,2026-05-30T14:51:30+00:00,44.431885,12.028278,27000,182,,False
1780152692,2026-05-30T14:51:32+00:00,44.433937,12.028135,26925,182,,False
1780152694,2026-05-30T14:51:34+00:00,44.435837,12.027941,26925,182,,False
1780152696,2026-05-30T14:51:36+00:00,44.43742,12.027979,26925,182,,False
1780152698,2026-05-30T14:51:38+00:00,44.439125,12.027885,26925,182,,False
1780152701,2026-05-30T14:51:41+00:00,44.440933,12.027865,26950,182,,False
1780152703,2026-05-30T14:51:43+00:00,44.443264,12.027687,26925,182,,False
1780152705,2026-05-30T14:51:45+00:00,44.44495,12.027419,26925,180,,False
1780152707,2026-05-30T14:51:47+00:00,44.446648,12.026684,26925,180,,False
1780152710,2026-05-30T14:51:50+00:00,44.44894,12.025575,26950,178,,False
1780152712,2026-05-30T14:51:52+00:00,44.450314,12.024715,26950,178,,False
1780152714,2026-05-30T14:51:54+00:00,44.451664,12.023569,26950,178,,False
1780152716,2026-05-30T14:51:56+00:00,44.453388,12.022093,26950,176,,False
1780152719,2026-05-30T14:51:59+00:00,44.454731,12.020482,26950,176,,False
1780152721,2026-05-30T14:52:01+00:00,44.45594,12.019019,26950,176,,False
1780152723,2026-05-30T14:52:03+00:00,44.457191,12.0171,26950,176,,False
1780152725,2026-05-30T14:52:05+00:00,44.458069,12.014935,26950,176,,False
1780152727,2026-05-30T14:52:07+00:00,44.459332,12.012555,27000,176,,False
1780152729,2026-05-30T14:52:09+00:00,44.459934,12.01082,27000,176,,False
1780152731,2026-05-30T14:52:11+00:00,44.460819,12.008561,26950,176,,False
1780152734,2026-05-30T14:52:14+00:00,44.461262,12.006162,26950,176,,False
1780152736,2026-05-30T14:52:16+00:00,44.461685,12.003224,26975,178,,False
1780152739,2026-05-30T14:52:19+00:00,44.46196,12.000854,26975,178,,False
1780152741,2026-05-30T14:52:21+00:00,44.462116,11.997437,26975,178,,False
1780152743,2026-05-30T14:52:23+00:00,44.461979,11.994877,26950,178,,False
1780152746,2026-05-30T14:52:26+00:00,44.461731,11.992052,26950,178,,False
1780152748,2026-05-30T14:52:28+00:00,44.461418,11.989862,26950,178,,False
1780152750,2026-05-30T14:52:30+00:00,44.460835,11.987356,27000,183,,False
1780152752,2026-05-30T14:52:32+00:00,44.460217,11.985047,26950,184,,False
1780152754,2026-05-30T14:52:34+00:00,44.45932,11.982619,26950,188,,False
1780152757,2026-05-30T14:52:37+00:00,44.458427,11.980492,26950,189,,False
1780152759,2026-05-30T14:52:39+00:00,44.457375,11.978058,26950,185,,False
1780152761,2026-05-30T14:52:41+00:00,44.455986,11.975909,26950,188,,False
1780152763,2026-05-30T14:52:43+00:00,44.454674,11.974048,26950,193,,False
1780152765,2026-05-30T14:52:45+00:00,44.453217,11.971934,26950,195,,False
1780152767,2026-05-30T14:52:47+00:00,44.451855,11.970578,26950,193,,False
1780152770,2026-05-30T14:52:50+00:00,44.449909,11.968715,26950,191,,False
1780152772,2026-05-30T14:52:52+00:00,44.447803,11.96724,26950,195,,False
1780152775,2026-05-30T14:52:55+00:00,44.44577,11.965988,26950,194,,False
1780152777,2026-05-30T14:52:57+00:00,44.444263,11.965285,26950,193,,False
1780152779,2026-05-30T14:52:59+00:00,44.442265,11.964478,26950,202,,False
1780152781,2026-05-30T14:53:01+00:00,44.44038,11.963906,26950,202,,False
1780152783,2026-05-30T14:53:03+00:00,44.438328,11.963411,26950,204,,False
1780152786,2026-05-30T14:53:06+00:00,44.436092,11.96331,26950,203,,False
1780152788,2026-05-30T14:53:08+00:00,44.433804,11.963261,26950,205,,False
1780152790,2026-05-30T14:53:10+00:00,44.432121,11.963462,26950,205,,False
1780152792,2026-05-30T14:53:12+00:00,44.429909,11.963995,26950,202,,False
1780152795,2026-05-30T14:53:15+00:00,44.427525,11.964796,26950,206,,False
1780152797,2026-05-30T14:53:17+00:00,44.425888,11.965702,26950,208,,False
1780152799,2026-05-30T14:53:19+00:00,44.423553,11.966669,27000,209,,False
1780152802,2026-05-30T14:53:22+00:00,44.421341,11.967982,26950,211,,False
1780152804,2026-05-30T14:53:24+00:00,44.419327,11.96979,26950,210,,False
1780152806,2026-05-30T14:53:26+00:00,44.417694,11.971238,26950,210,,False
1780152808,2026-05-30T14:53:28+00:00,44.415974,11.973212,26950,210,,False
1780152810,2026-05-30T14:53:30+00:00,44.414257,11.975499,26950,210,,False
1780152812,2026-05-30T14:53:32+00:00,44.413074,11.977097,26950,210,,False
1780152815,2026-05-30T14:53:35+00:00,44.411579,11.979452,26950,210,,False
1780152817,2026-05-30T14:53:37+00:00,44.410385,11.981766,26950,210,,False
1780152819,2026-05-30T14:53:39+00:00,44.40884,11.985028,26950,210,,False
1780152821,2026-05-30T14:53:41+00:00,44.40778,11.987782,26950,210,,False
1780152824,2026-05-30T14:53:44+00:00,44.407097,11.989666,26950,210,,False
1780152826,2026-05-30T14:53:46+00:00,44.406437,11.992666,26950,210,,False
1780152828,2026-05-30T14:53:48+00:00,44.405857,11.995824,26950,208,,False
1780152830,2026-05-30T14:53:50+00:00,44.405369,11.998344,26950,208,,False
1780152832,2026-05-30T14:53:52+00:00,44.404964,12.001382,27000,208,,False
1780152835,2026-05-30T14:53:55+00:00,44.404877,12.004415,26950,208,,False
1780152837,2026-05-30T14:53:57+00:00,44.404842,12.007333,26950,206,,False
1780152839,2026-05-30T14:53:59+00:00,44.404877,12.010034,26950,206,,False
1780152841,2026-05-30T14:54:01+00:00,44.405231,12.013243,26950,204,,False
1780152843,2026-05-30T14:54:03+00:00,44.405552,12.015587,26950,204,,False
1780152845,2026-05-30T14:54:05+00:00,44.406101,12.018505,26950,202,,False
1780152847,2026-05-30T14:54:07+00:00,44.406872,12.021164,26950,202,,False
1780152850,2026-05-30T14:54:10+00:00,44.40752,12.023298,26950,200,,False
1780152852,2026-05-30T14:54:12+00:00,44.408432,12.025876,26950,200,,False
1780152854,2026-05-30T14:54:14+00:00,44.409477,12.028343,26950,196,,False
1780152856,2026-05-30T14:54:16+00:00,44.410683,12.03092,27000,196,,False
1780152858,2026-05-30T14:54:18+00:00,44.411919,12.032682,27000,195,,False
1780152860,2026-05-30T14:54:20+00:00,44.4132,12.034586,26950,194,,False
1780152862,2026-05-30T14:54:22+00:00,44.414734,12.036471,26950,192,,False
1780152865,2026-05-30T14:54:25+00:00,44.416172,12.037957,26950,190,,False
1780152867,2026-05-30T14:54:27+00:00,44.418102,12.039589,26950,190,,False
1780152869,2026-05-30T14:54:29+00:00,44.419693,12.040828,26950,188,,False
1780152872,2026-05-30T14:54:32+00:00,44.421528,12.042136,26950,188,,False
1780152874,2026-05-30T14:54:34+00:00,44.423523,12.043104,26950,186,,False
1780152876,2026-05-30T14:54:36+00:00,44.425213,12.043594,26950,184,,False
1780152878,2026-05-30T14:54:38+00:00,44.427128,12.044224,26950,184,,False
1780152880,2026-05-30T14:54:40+00:00,44.428715,12.044577,26950,182,,False
1780152883,2026-05-30T14:54:43+00:00,44.43084,12.044592,26950,182,,False
1780152885,2026-05-30T14:54:45+00:00,44.432568,12.044357,26950,180,,False
1780152887,2026-05-30T14:54:47+00:00,44.434429,12.044118,26950,180,,False
1780152889,2026-05-30T14:54:49+00:00,44.436073,12.043566,26950,178,,False
1780152891,2026-05-30T14:54:51+00:00,44.437851,12.042833,27000,178,,False
1780152893,2026-05-30T14:54:53+00:00,44.439354,12.042088,26950,178,,False
1780152896,2026-05-30T14:54:56+00:00,44.441414,12.041195,26975,178,,False
1780152898,2026-05-30T14:54:58+00:00,44.44313,12.040608,27000,178,,False
1780152900,2026-05-30T14:55:00+00:00,44.444706,12.03994,26925,180,,False
1780152902,2026-05-30T14:55:02+00:00,44.446583,12.039229,26950,180,,False
1780152905,2026-05-30T14:55:05+00:00,44.448277,12.038577,26950,180,,False
1780152907,2026-05-30T14:55:07+00:00,44.450176,12.037888,26950,180,,False
1780152909,2026-05-30T14:55:09+00:00,44.451862,12.037212,26925,180,,False
1780152911,2026-05-30T14:55:11+00:00,44.453876,12.036542,26925,180,,False
1780152914,2026-05-30T14:55:14+00:00,44.455597,12.035954,26925,180,,False
1780152916,2026-05-30T14:55:16+00:00,44.457642,12.035129,26925,180,,False
1780152918,2026-05-30T14:55:18+00:00,44.459229,12.034616,26925,180,,False
1780152920,2026-05-30T14:55:20+00:00,44.460938,12.033927,26925,180,,False
1780152922,2026-05-30T14:55:22+00:00,44.462502,12.03343,26925,180,,False
1780152924,2026-05-30T14:55:24+00:00,44.464455,12.032657,27000,180,,False
1780152929,2026-05-30T14:55:29+00:00,44.467918,12.031572,26925,180,,False
1780152931,2026-05-30T14:55:31+00:00,44.469872,12.030877,26925,180,,False
1780152933,2026-05-30T14:55:33+00:00,44.471428,12.030039,26925,180,,False
1780152935,2026-05-30T14:55:35+00:00,44.473022,12.028883,26925,180,,False
1780152937,2026-05-30T14:55:37+00:00,44.474434,12.027495,26925,178,,False
1780152940,2026-05-30T14:55:40+00:00,44.475876,12.0262,26950,178,,False
1780152942,2026-05-30T14:55:42+00:00,44.477291,12.024504,26925,176,,False
1780152944,2026-05-30T14:55:44+00:00,44.478542,12.022902,26925,176,,False
1780152946,2026-05-30T14:55:46+00:00,44.479881,12.020659,26925,176,,False
1780152949,2026-05-30T14:55:49+00:00,44.48111,12.017899,26950,176,,False
1780152951,2026-05-30T14:55:51+00:00,44.481762,12.015641,26950,176,,False
1780152953,2026-05-30T14:55:53+00:00,44.482433,12.013658,26950,176,,False
1780152955,2026-05-30T14:55:55+00:00,44.482864,12.011589,26950,176,,False
1780152957,2026-05-30T14:55:57+00:00,44.483311,12.009241,26950,178,,False
1780152960,2026-05-30T14:56:00+00:00,44.483696,12.006829,27000,178,,False
1780152962,2026-05-30T14:56:02+00:00,44.48378,12.004386,26950,178,,False
1780152964,2026-05-30T14:56:04+00:00,44.483768,12.001516,26950,178,,False
1780152966,2026-05-30T14:56:06+00:00,44.483555,11.999047,26950,178,,False
1780152968,2026-05-30T14:56:08+00:00,44.483246,11.996305,26950,187,,False
1780152971,2026-05-30T14:56:11+00:00,44.482811,11.993928,26950,180,,False
1780152973,2026-05-30T14:56:13+00:00,44.481956,11.991221,26950,187,,False
1780152975,2026-05-30T14:56:15+00:00,44.481186,11.988934,26950,185,,False
1780152977,2026-05-30T14:56:17+00:00,44.480251,11.986592,26950,191,,False
1780152979,2026-05-30T14:56:19+00:00,44.479298,11.984622,26950,184,,False
1780152981,2026-05-30T14:56:21+00:00,44.478283,11.98283,26950,189,,False
1780152983,2026-05-30T14:56:23+00:00,44.477036,11.981014,26950,192,,False
1780152985,2026-05-30T14:56:25+00:00,44.475552,11.978886,26950,189,,False
1780152987,2026-05-30T14:56:27+00:00,44.47435,11.977688,26950,186,,False
1780152990,2026-05-30T14:56:30+00:00,44.472603,11.975917,26950,195,,False
1780152992,2026-05-30T14:56:32+00:00,44.470646,11.974447,26950,191,,False
1780152994,2026-05-30T14:56:34+00:00,44.468578,11.973166,26950,193,,False
1780152997,2026-05-30T14:56:37+00:00,44.467045,11.972453,26950,191,,False
1780152999,2026-05-30T14:56:39+00:00,44.465088,11.971646,26950,197,,False
1780153001,2026-05-30T14:56:41+00:00,44.462887,11.971037,26950,201,,False
1780153003,2026-05-30T14:56:43+00:00,44.460617,11.970513,27000,204,,False
1780153005,2026-05-30T14:56:45+00:00,44.458694,11.970533,26950,205,,False
1780153007,2026-05-30T14:56:47+00:00,44.456661,11.970621,26950,204,,False
1780153010,2026-05-30T14:56:50+00:00,44.454865,11.970815,26950,203,,False
1780153012,2026-05-30T14:56:52+00:00,44.452728,11.971364,26950,204,,False
1780153014,2026-05-30T14:56:54+00:00,44.450657,11.971924,26950,204,,False
1780153017,2026-05-30T14:56:57+00:00,44.448399,11.973124,26950,208,,False
1780153019,2026-05-30T14:56:59+00:00,44.446297,11.974427,26950,208,,False
1780153021,2026-05-30T14:57:01+00:00,44.444454,11.975775,26950,208,,False
1780153023,2026-05-30T14:57:03+00:00,44.442596,11.977418,26950,208,,False
1780153025,2026-05-30T14:57:05+00:00,44.440861,11.979033,26950,210,,False
1780153028,2026-05-30T14:57:08+00:00,44.439175,11.981094,26950,210,,False
1780153030,2026-05-30T14:57:10+00:00,44.437431,11.983318,26950,210,,False
1780153032,2026-05-30T14:57:12+00:00,44.436203,11.985376,26950,210,,False
1780153034,2026-05-30T14:57:14+00:00,44.434803,11.987932,26950,210,,False
1780153037,2026-05-30T14:57:17+00:00,44.433678,11.990005,26950,210,,False
1780153039,2026-05-30T14:57:19+00:00,44.432709,11.992445,27000,210,,False
1780153041,2026-05-30T14:57:21+00:00,44.431828,11.994795,26950,208,,False
1780153043,2026-05-30T14:57:23+00:00,44.430882,11.997724,26950,208,,False
1780153045,2026-05-30T14:57:25+00:00,44.430523,12.000357,26950,208,,False
1780153047,2026-05-30T14:57:27+00:00,44.429844,12.003803,26950,208,,False
1780153049,2026-05-30T14:57:29+00:00,44.429504,12.006409,26950,201,,False
1780153051,2026-05-30T14:57:31+00:00,44.429562,12.009279,26950,204,,False
1780153054,2026-05-30T14:57:34+00:00,44.42947,12.011867,26950,204,,False
1780153056,2026-05-30T14:57:36+00:00,44.429489,12.015001,26950,202,,False
1780153058,2026-05-30T14:57:38+00:00,44.42971,12.01796,26950,202,,False
1780153060,2026-05-30T14:57:40+00:00,44.430115,12.020876,26950,200,,False
1780153063,2026-05-30T14:57:43+00:00,44.43084,12.023917,26950,200,,False
1780153065,2026-05-30T14:57:45+00:00,44.43166,12.026446,26950,198,,False
1780153067,2026-05-30T14:57:47+00:00,44.432457,12.028978,26950,196,,False
1780153069,2026-05-30T14:57:49+00:00,44.433357,12.031415,26950,196,,False
1780153071,2026-05-30T14:57:51+00:00,44.434483,12.033808,26950,196,,False
1780153074,2026-05-30T14:57:54+00:00,44.435497,12.035641,26950,194,,False
1780153076,2026-05-30T14:57:56+00:00,44.436974,12.037827,26950,192,,False
1780153078,2026-05-30T14:57:58+00:00,44.438271,12.039651,26950,192,,False
1780153080,2026-05-30T14:58:00+00:00,44.43998,12.041461,26950,188,,False
1780153083,2026-05-30T14:58:03+00:00,44.441376,12.042662,26950,188,,False
1780153085,2026-05-30T14:58:05+00:00,44.443336,12.044287,26950,186,,False
1780153087,2026-05-30T14:58:07+00:00,44.445084,12.045406,26950,186,,False
1780153090,2026-05-30T14:58:10+00:00,44.447021,12.046613,26975,184,,False
1780153092,2026-05-30T14:58:12+00:00,44.448505,12.047688,26975,186,,False
1780153094,2026-05-30T14:58:14+00:00,44.450146,12.048729,26950,186,,False
1780153096,2026-05-30T14:58:16+00:00,44.452061,12.049841,26950,186,,False
1780153099,2026-05-30T14:58:19+00:00,44.453857,12.050896,26950,186,,False
1780153101,2026-05-30T14:58:21+00:00,44.455582,12.051788,26950,186,,False
1780153103,2026-05-30T14:58:23+00:00,44.457298,12.052877,26950,186,,False
1780153105,2026-05-30T14:58:25+00:00,44.459045,12.053703,26950,186,,False
1780153107,2026-05-30T14:58:27+00:00,44.460918,12.054595,26950,186,,False
1780153109,2026-05-30T14:58:29+00:00,44.462681,12.055394,26950,186,,False
1780153112,2026-05-30T14:58:32+00:00,44.464329,12.05612,26950,186,,False
1780153114,2026-05-30T14:58:34+00:00,44.466343,12.05702,26950,186,,False
1780153116,2026-05-30T14:58:36+00:00,44.467995,12.057693,26925,184,,False
1780153118,2026-05-30T14:58:38+00:00,44.469929,12.058331,26925,184,,False
1780153120,2026-05-30T14:58:40+00:00,44.471546,12.05864,26925,182,,False
1780153123,2026-05-30T14:58:43+00:00,44.47361,12.058733,26925,182,,False
1780153125,2026-05-30T14:58:45+00:00,44.475857,12.058719,26925,180,,False
1780153127,2026-05-30T14:58:47+00:00,44.47752,12.05825,26925,180,,False
1780153130,2026-05-30T14:58:50+00:00,44.479626,12.057634,26925,178,,False
1780153132,2026-05-30T14:58:52+00:00,44.481457,12.056781,26925,176,,False
1780153134,2026-05-30T14:58:54+00:00,44.483124,12.055858,26925,176,,False
1780153137,2026-05-30T14:58:57+00:00,44.484589,12.054862,26925,176,,False
1780153139,2026-05-30T14:58:59+00:00,44.486229,12.053514,26950,174,,False
1780153141,2026-05-30T14:59:01+00:00,44.487858,12.051811,26950,174,,False
1780153144,2026-05-30T14:59:04+00:00,44.489391,12.050056,26950,174,,False
1780153146,2026-05-30T14:59:06+00:00,44.490379,12.048417,26950,174,,False
1780153148,2026-05-30T14:59:08+00:00,44.491383,12.046217,26950,174,,False
1780153150,2026-05-30T14:59:10+00:00,44.492451,12.044185,26950,174,,False
1780153152,2026-05-30T14:59:12+00:00,44.493382,12.041861,26950,174,,False
1780153154,2026-05-30T14:59:14+00:00,44.493923,12.039886,26950,174,,False
1780153156,2026-05-30T14:59:16+00:00,44.494507,12.037724,26950,174,,False
1780153158,2026-05-30T14:59:18+00:00,44.495018,12.035587,26950,174,,False
1780153161,2026-05-30T14:59:21+00:00,44.495338,12.033276,26950,176,,False
1780153163,2026-05-30T14:59:23+00:00,44.495518,12.030457,27000,176,,False
1780153165,2026-05-30T14:59:25+00:00,44.495548,12.02807,26950,176,,False
1780153167,2026-05-30T14:59:27+00:00,44.495434,12.025373,26950,176,,False
1780153170,2026-05-30T14:59:30+00:00,44.495296,12.022979,26950,176,,False
1780153172,2026-05-30T14:59:32+00:00,44.494846,12.020023,26950,179,,False
1780153174,2026-05-30T14:59:34+00:00,44.494236,12.017741,26950,181,,False
1780153176,2026-05-30T14:59:36+00:00,44.493587,12.015862,26950,180,,False
1780153178,2026-05-30T14:59:38+00:00,44.492828,12.013614,26950,189,,False
1780153180,2026-05-30T14:59:40+00:00,44.491879,12.011523,26950,184,,False
1780153182,2026-05-30T14:59:42+00:00,44.490967,12.009546,26950,179,,False
1780153184,2026-05-30T14:59:44+00:00,44.48975,12.007391,26950,189,,False
1780153186,2026-05-30T14:59:46+00:00,44.488613,12.005579,26950,187,,False
1780153188,2026-05-30T14:59:48+00:00,44.487202,12.003756,26950,187,,False
1780153191,2026-05-30T14:59:51+00:00,44.485722,12.002089,26950,187,,False
1780153193,2026-05-30T14:59:53+00:00,44.484299,12.000718,26950,190,,False
1780153195,2026-05-30T14:59:55+00:00,44.482594,11.999259,26950,191,,False
1780153197,2026-05-30T14:59:57+00:00,44.480816,11.998024,26950,197,,False
1780153199,2026-05-30T14:59:59+00:00,44.479321,11.997217,26950,189,,False
1780153201,2026-05-30T15:00:01+00:00,44.477528,11.996388,26950,194,,False
1780153203,2026-05-30T15:00:03+00:00,44.475281,11.995451,26950,197,,False
1780153206,2026-05-30T15:00:06+00:00,44.473408,11.995025,26950,199,,False
1780153208,2026-05-30T15:00:08+00:00,44.471321,11.99484,26950,199,,False
1780153210,2026-05-30T15:00:10+00:00,44.469284,11.994756,26950,201,,False
1780153212,2026-05-30T15:00:12+00:00,44.46719,11.994783,26950,202,,False
1780153214,2026-05-30T15:00:14+00:00,44.465321,11.995145,26950,205,,False
1780153216,2026-05-30T15:00:16+00:00,44.46323,11.995516,26950,204,,False
1780153218,2026-05-30T15:00:18+00:00,44.461365,11.996212,26950,204,,False
1780153221,2026-05-30T15:00:21+00:00,44.459438,11.99716,26950,206,,False
1780153223,2026-05-30T15:00:23+00:00,44.457447,11.998402,26950,206,,False
1780153225,2026-05-30T15:00:25+00:00,44.455471,11.999637,27000,209,,False
1780153227,2026-05-30T15:00:27+00:00,44.453613,12.001051,26950,208,,False
1780153229,2026-05-30T15:00:29+00:00,44.451778,12.002779,26950,208,,False
1780153232,2026-05-30T15:00:32+00:00,44.450096,12.00467,26950,208,,False
1780153234,2026-05-30T15:00:34+00:00,44.448597,12.006544,26950,208,,False
1780153236,2026-05-30T15:00:36+00:00,44.446987,12.008898,26950,207,,False
1780153239,2026-05-30T15:00:39+00:00,44.445549,12.011161,26950,210,,False
1780153241,2026-05-30T15:00:41+00:00,44.444275,12.013579,26950,208,,False
1780153243,2026-05-30T15:00:43+00:00,44.443134,12.015944,26950,208,,False
1780153245,2026-05-30T15:00:45+00:00,44.442127,12.018717,26950,208,,False
1780153247,2026-05-30T15:00:47+00:00,44.441303,12.021274,27000,209,,False
1780153250,2026-05-30T15:00:50+00:00,44.440594,12.024281,26950,208,,False
1780153252,2026-05-30T15:00:52+00:00,44.439823,12.027646,26950,206,,False
1780153254,2026-05-30T15:00:54+00:00,44.4394,12.030258,26950,206,,False
1780153256,2026-05-30T15:00:56+00:00,44.439316,12.032686,26950,204,,False
1780153258,2026-05-30T15:00:58+00:00,44.439087,12.035913,26950,204,,False
1780153260,2026-05-30T15:01:00+00:00,44.43914,12.038423,26950,204,,False
1780153262,2026-05-30T15:01:02+00:00,44.43906,12.041594,26950,202,,False
1780153265,2026-05-30T15:01:05+00:00,44.4394,12.04413,26950,202,,False
1780153267,2026-05-30T15:01:07+00:00,44.439877,12.046686,26950,202,,False
1780153269,2026-05-30T15:01:09+00:00,44.440441,12.049311,26950,200,,False
1780153271,2026-05-30T15:01:11+00:00,44.440971,12.051874,26950,200,,False
1780153273,2026-05-30T15:01:13+00:00,44.44178,12.054182,26950,198,,False
1780153275,2026-05-30T15:01:15+00:00,44.442917,12.057178,26950,198,,False
1780153278,2026-05-30T15:01:18+00:00,44.443848,12.059513,26950,196,,False
1780153280,2026-05-30T15:01:20+00:00,44.445301,12.062279,26950,194,,False
1780153282,2026-05-30T15:01:22+00:00,44.446411,12.06422,26950,192,,False
1780153284,2026-05-30T15:01:24+00:00,44.447636,12.065704,26950,192,,False
1780153287,2026-05-30T15:01:27+00:00,44.449108,12.067487,26950,192,,False
1780153289,2026-05-30T15:01:29+00:00,44.450768,12.069261,26950,188,,False
1780153291,2026-05-30T15:01:31+00:00,44.452312,12.070542,26950,188,,False
1780153293,2026-05-30T15:01:33+00:00,44.453896,12.071659,25950,186,,False
1780153295,2026-05-30T15:01:35+00:00,44.45562,12.072733,26950,186,,False
1780153297,2026-05-30T15:01:37+00:00,44.45742,12.073621,26925,184,,False
1780153300,2026-05-30T15:01:40+00:00,44.459286,12.074489,26925,182,,False
1780153302,2026-05-30T15:01:42+00:00,44.460926,12.074893,26925,180,,False
1780153304,2026-05-30T15:01:44+00:00,44.462746,12.075108,26950,180,,False
1780153306,2026-05-30T15:01:46+00:00,44.464428,12.075171,26950,180,,False
1780153308,2026-05-30T15:01:48+00:00,44.466377,12.075338,26950,180,,False
1780153311,2026-05-30T15:01:51+00:00,44.468201,12.075549,26950,180,,False
1780153313,2026-05-30T15:01:53+00:00,44.470116,12.075717,26925,180,,False
1780153315,2026-05-30T15:01:55+00:00,44.472282,12.075913,26925,180,,False
1780153318,2026-05-30T15:01:58+00:00,44.473972,12.076138,26925,180,,False
1780153320,2026-05-30T15:02:00+00:00,44.475868,12.076407,26950,180,,False
1780153322,2026-05-30T15:02:02+00:00,44.477901,12.0766,26925,180,,False
1780153324,2026-05-30T15:02:04+00:00,44.479805,12.076841,26925,182,,False
1780153327,2026-05-30T15:02:07+00:00,44.481651,12.07702,26925,182,,False
1780153329,2026-05-30T15:02:09+00:00,44.48349,12.077249,26925,182,,False
1780153331,2026-05-30T15:02:11+00:00,44.485565,12.077432,26925,182,,False
1780153333,2026-05-30T15:02:13+00:00,44.487125,12.077645,26925,182,,False
1780153337,2026-05-30T15:02:17+00:00,44.490986,12.078062,26925,182,,False
1780153340,2026-05-30T15:02:20+00:00,44.49263,12.078364,26925,184,,False
1780153342,2026-05-30T15:02:22+00:00,44.494362,12.078479,26925,182,,False
1780153344,2026-05-30T15:02:24+00:00,44.496143,12.07843,26925,180,,False
1780153346,2026-05-30T15:02:26+00:00,44.498024,12.078117,26925,180,,False
1780153348,2026-05-30T15:02:28+00:00,44.499805,12.077447,26925,178,,False
1780153350,2026-05-30T15:02:30+00:00,44.501293,12.076991,26925,178,,False
1780153352,2026-05-30T15:02:32+00:00,44.503208,12.075903,26925,176,,False
1780153355,2026-05-30T15:02:35+00:00,44.504616,12.074964,26925,174,,False
1780153357,2026-05-30T15:02:37+00:00,44.506077,12.073672,26950,174,,False
1780153359,2026-05-30T15:02:39+00:00,44.507442,12.072322,26950,174,,False
1780153361,2026-05-30T15:02:41+00:00,44.508831,12.070599,26950,172,,False
1780153363,2026-05-30T15:02:43+00:00,44.510029,12.068552,26950,172,,False
1780153365,2026-05-30T15:02:45+00:00,44.510944,12.0668,26950,172,,False
1780153367,2026-05-30T15:02:47+00:00,44.511921,12.064798,26950,172,,False
1780153370,2026-05-30T15:02:50+00:00,44.512764,12.062156,26950,172,,False
1780153372,2026-05-30T15:02:52+00:00,44.513439,12.059359,26950,174,,False
1780153375,2026-05-30T15:02:55+00:00,44.514046,12.056557,26950,174,,False
1780153377,2026-05-30T15:02:57+00:00,44.514278,12.0542,26950,174,,False
1780153380,2026-05-30T15:03:00+00:00,44.51437,12.051665,26950,174,,False
1780153382,2026-05-30T15:03:02+00:00,44.514297,12.049262,26950,174,,False
1780153384,2026-05-30T15:03:04+00:00,44.514153,12.046919,26950,174,,False
1780153386,2026-05-30T15:03:06+00:00,44.513821,12.044529,26950,174,,False
1780153389,2026-05-30T15:03:09+00:00,44.51318,12.041454,26950,178,,False
1780153391,2026-05-30T15:03:11+00:00,44.512527,12.039453,26950,181,,False
1780153393,2026-05-30T15:03:13+00:00,44.511654,12.037069,26950,190,,False
1780153395,2026-05-30T15:03:15+00:00,44.510635,12.034711,26950,186,,False
1780153397,2026-05-30T15:03:17+00:00,44.509754,12.033083,26950,180,,False
1780153399,2026-05-30T15:03:19+00:00,44.5084,12.03093,26975,186,,False
1780153401,2026-05-30T15:03:21+00:00,44.507305,12.02946,26975,189,,False
1780153403,2026-05-30T15:03:23+00:00,44.506016,12.02789,26975,188,,False
1780153405,2026-05-30T15:03:25+00:00,44.50428,12.026169,26975,191,,False
1780153407,2026-05-30T15:03:27+00:00,44.502739,12.024794,26975,191,,False
1780153409,2026-05-30T15:03:29+00:00,44.501022,12.023691,26950,190,,False
1780153412,2026-05-30T15:03:32+00:00,44.499329,12.022728,26950,188,,False
1780153414,2026-05-30T15:03:34+00:00,44.497383,12.021902,26950,192,,False
1780153416,2026-05-30T15:03:36+00:00,44.49572,12.021406,26950,198,,False
1780153418,2026-05-30T15:03:38+00:00,44.493633,12.020874,26950,199,,False
1780153420,2026-05-30T15:03:40+00:00,44.491535,12.020749,26950,200,,False
1780153423,2026-05-30T15:03:43+00:00,44.489246,12.020692,26950,202,,False
1780153425,2026-05-30T15:03:45+00:00,44.486576,12.021209,26950,202,,False
1780153427,2026-05-30T15:03:47+00:00,44.484886,12.021718,26950,204,,False
1780153429,2026-05-30T15:03:49+00:00,44.48312,12.022306,26950,204,,False
1780153431,2026-05-30T15:03:51+00:00,44.481236,12.023362,26950,204,,False
1780153434,2026-05-30T15:03:54+00:00,44.479107,12.024524,26950,206,,False
1780153436,2026-05-30T15:03:56+00:00,44.477135,12.026011,26950,208,,False
1780153438,2026-05-30T15:03:58+00:00,44.475658,12.027308,26950,208,,False
1780153440,2026-05-30T15:04:00+00:00,44.473846,12.029058,26950,208,,False
1780153442,2026-05-30T15:04:02+00:00,44.472233,12.031036,26950,208,,False
1780153444,2026-05-30T15:04:04+00:00,44.470741,12.033166,26950,208,,False
1780153447,2026-05-30T15:04:07+00:00,44.469574,12.035231,26950,208,,False
1780153449,2026-05-30T15:04:09+00:00,44.468273,12.037568,26950,208,,False
1780153451,2026-05-30T15:04:11+00:00,44.467201,12.03966,26950,208,,False
1780153453,2026-05-30T15:04:13+00:00,44.466164,12.04227,26950,208,,False
1780153455,2026-05-30T15:04:15+00:00,44.46521,12.045198,26950,208,,False
1780153458,2026-05-30T15:04:18+00:00,44.464527,12.048217,26950,208,,False
1780153460,2026-05-30T15:04:20+00:00,44.463745,12.05203,26950,206,,False
1780153462,2026-05-30T15:04:22+00:00,44.463539,12.053955,26950,206,,False
1780153464,2026-05-30T15:04:24+00:00,44.463249,12.056797,26950,206,,False
1780153466,2026-05-30T15:04:26+00:00,44.4632,12.060116,26950,206,,False
1780153469,2026-05-30T15:04:29+00:00,44.463291,12.063152,26950,204,,False
1780153471,2026-05-30T15:04:31+00:00,44.463528,12.065568,26950,204,,False
1780153473,2026-05-30T15:04:33+00:00,44.464005,12.068579,26950,202,,False
1780153475,2026-05-30T15:04:35+00:00,44.464531,12.07103,26950,202,,False
1780153477,2026-05-30T15:04:37+00:00,44.465172,12.073572,26950,200,,False
1780153480,2026-05-30T15:04:40+00:00,44.466152,12.076607,26950,200,,False
1780153482,2026-05-30T15:04:42+00:00,44.467075,12.07892,26950,196,,False
1780153484,2026-05-30T15:04:44+00:00,44.468086,12.081248,26950,194,,False
1780153486,2026-05-30T15:04:46+00:00,44.469479,12.083558,26950,194,,False
1780153488,2026-05-30T15:04:48+00:00,44.470673,12.085322,26950,194,,False
1780153491,2026-05-30T15:04:51+00:00,44.47205,12.087155,26950,194,,False
1780153493,2026-05-30T15:04:53+00:00,44.473553,12.088645,26950,188,,False
1780153495,2026-05-30T15:04:55+00:00,44.475128,12.090248,26950,188,,False
1780153497,2026-05-30T15:04:57+00:00,44.477261,12.091714,26950,186,,False
1780153500,2026-05-30T15:05:00+00:00,44.478909,12.092706,26950,184,,False
1780153502,2026-05-30T15:05:02+00:00,44.480618,12.093396,26950,182,,False
1780153504,2026-05-30T15:05:04+00:00,44.482399,12.094113,26950,182,,False
1780153506,2026-05-30T15:05:06+00:00,44.484253,12.094559,26950,182,,False
1780153509,2026-05-30T15:05:09+00:00,44.486355,12.094693,26950,178,,False
1780153511,2026-05-30T15:05:11+00:00,44.488327,12.094585,26950,178,,False
1780153514,2026-05-30T15:05:14+00:00,44.490726,12.093951,26950,176,,False
1780153516,2026-05-30T15:05:16+00:00,44.49218,12.093332,26950,176,,False
1780153518,2026-05-30T15:05:18+00:00,44.493793,12.092646,26950,174,,False
1780153521,2026-05-30T15:05:21+00:00,44.495876,12.091559,26950,174,,False
1780153523,2026-05-30T15:05:23+00:00,44.49725,12.09025,26950,174,,False
1780153525,2026-05-30T15:05:25+00:00,44.498684,12.088973,26950,172,,False
1780153527,2026-05-30T15:05:27+00:00,44.499901,12.087336,26950,172,,False
1780153529,2026-05-30T15:05:29+00:00,44.501511,12.085494,26975,172,,False
1780153531,2026-05-30T15:05:31+00:00,44.502678,12.08414,26975,172,,False
1780153533,2026-05-30T15:05:33+00:00,44.503929,12.082824,26950,172,,False
1780153536,2026-05-30T15:05:36+00:00,44.505428,12.081082,26950,174,,False
1780153538,2026-05-30T15:05:38+00:00,44.50671,12.07963,26925,174,,False
1780153540,2026-05-30T15:05:40+00:00,44.508091,12.078114,26925,174,,False
1780153542,2026-05-30T15:05:42+00:00,44.509361,12.076723,26925,174,,False
1780153545,2026-05-30T15:05:45+00:00,44.511024,12.07507,26925,174,,False
1780153547,2026-05-30T15:05:47+00:00,44.512363,12.073647,26925,176,,False
1780153549,2026-05-30T15:05:49+00:00,44.513786,12.072127,26925,176,,False
1780153551,2026-05-30T15:05:51+00:00,44.515102,12.070628,26925,176,,False
1780153553,2026-05-30T15:05:53+00:00,44.516758,12.068878,26925,176,,False
1780153556,2026-05-30T15:05:56+00:00,44.518131,12.067445,26925,176,,False
1780153558,2026-05-30T15:05:58+00:00,44.519474,12.065969,26925,176,,False
1780153560,2026-05-30T15:06:00+00:00,44.52071,12.064727,26925,176,,False
1780153562,2026-05-30T15:06:02+00:00,44.522236,12.06316,26925,176,,False
1780153564,2026-05-30T15:06:04+00:00,44.523945,12.061393,26925,176,,False
1780153566,2026-05-30T15:06:06+00:00,44.525139,12.060121,26925,176,,False
1780153569,2026-05-30T15:06:09+00:00,44.526501,12.058579,26925,176,,False
1780153571,2026-05-30T15:06:11+00:00,44.528297,12.056849,26925,176,,False
1780153574,2026-05-30T15:06:14+00:00,44.529961,12.054726,26925,176,,False
1780153576,2026-05-30T15:06:16+00:00,44.530991,12.05275,26925,176,,False
1780153578,2026-05-30T15:06:18+00:00,44.531925,12.051008,26950,176,,False
1780153580,2026-05-30T15:06:20+00:00,44.532841,12.048899,26950,176,,False
1780153583,2026-05-30T15:06:23+00:00,44.533699,12.046475,26950,176,,False
1780153585,2026-05-30T15:06:25+00:00,44.534424,12.044003,26950,176,,False
1780153588,2026-05-30T15:06:28+00:00,44.535095,12.041171,26950,176,,False
1780153590,2026-05-30T15:06:30+00:00,44.535507,12.038787,26950,176,,False
1780153593,2026-05-30T15:06:33+00:00,44.535839,12.035535,26950,176,,False
1780153595,2026-05-30T15:06:35+00:00,44.535995,12.033229,26975,176,,False
1780153597,2026-05-30T15:06:37+00:00,44.53595,12.030656,26975,176,,False
1780153599,2026-05-30T15:06:39+00:00,44.535862,12.028249,26975,176,,False
1780153601,2026-05-30T15:06:41+00:00,44.535587,12.025487,26975,176,,False
1780153603,2026-05-30T15:06:43+00:00,44.535301,12.023503,26975,174,,False
1780153605,2026-05-30T15:06:45+00:00,44.53474,12.0209,26975,179,,False
1780153608,2026-05-30T15:06:48+00:00,44.534035,12.018571,26975,180,,False
1780153610,2026-05-30T15:06:50+00:00,44.533318,12.016432,26975,177,,False
1780153612,2026-05-30T15:06:52+00:00,44.532158,12.01368,26975,192,,False
1780153614,2026-05-30T15:06:54+00:00,44.531193,12.0116,26975,185,,False
1780153616,2026-05-30T15:06:56+00:00,44.529987,12.009491,26975,181,,False
1780153619,2026-05-30T15:06:59+00:00,44.528763,12.007569,26975,183,,False
1780153621,2026-05-30T15:07:01+00:00,44.527451,12.005769,26975,191,,False
1780153623,2026-05-30T15:07:03+00:00,44.525627,12.003613,26975,188,,False
1780153625,2026-05-30T15:07:05+00:00,44.524113,12.002121,26975,188,,False
1780153627,2026-05-30T15:07:07+00:00,44.522572,12.000896,26950,194,,False
1780153630,2026-05-30T15:07:10+00:00,44.520905,11.999516,26950,187,,False
1780153632,2026-05-30T15:07:12+00:00,44.519032,11.998267,26950,197,,False
1780153634,2026-05-30T15:07:14+00:00,44.517097,11.997392,26950,188,,False
1780153637,2026-05-30T15:07:17+00:00,44.515114,11.99649,26950,196,,False
1780153639,2026-05-30T15:07:19+00:00,44.512604,11.995701,26950,199,,False
1780153641,2026-05-30T15:07:21+00:00,44.511093,11.995442,26950,199,,False
1780153643,2026-05-30T15:07:23+00:00,44.508362,11.995258,26950,203,,False
1780153646,2026-05-30T15:07:26+00:00,44.506653,11.995156,26950,204,,False
1780153648,2026-05-30T15:07:28+00:00,44.50462,11.995474,26950,198,,False
1780153650,2026-05-30T15:07:30+00:00,44.502563,11.995714,26950,202,,False
1780153653,2026-05-30T15:07:33+00:00,44.500202,11.996404,26950,206,,False
1780153655,2026-05-30T15:07:35+00:00,44.498253,11.997083,26950,206,,False
1780153657,2026-05-30T15:07:37+00:00,44.495613,11.998438,26950,206,,False
1780153660,2026-05-30T15:07:40+00:00,44.493931,11.999408,26950,208,,False
1780153662,2026-05-30T15:07:42+00:00,44.492085,12.000581,26950,208,,False
1780153664,2026-05-30T15:07:44+00:00,44.489811,12.002513,26950,210,,False
1780153667,2026-05-30T15:07:47+00:00,44.488152,12.004002,26950,210,,False
1780153669,2026-05-30T15:07:49+00:00,44.486446,12.005752,26950,210,,False
1780153671,2026-05-30T15:07:51+00:00,44.484818,12.00772,26950,210,,False
1780153673,2026-05-30T15:07:53+00:00,44.482861,12.010294,26925,212,,False
1780153676,2026-05-30T15:07:56+00:00,44.481487,12.01246,26925,212,,False
1780153678,2026-05-30T15:07:58+00:00,44.480064,12.015036,26925,212,,False
1780153680,2026-05-30T15:08:00+00:00,44.478874,12.017556,26925,212,,False
1780153682,2026-05-30T15:08:02+00:00,44.477734,12.020023,26925,212,,False
1780153685,2026-05-30T15:08:05+00:00,44.476715,12.022664,26925,212,,False
1780153687,2026-05-30T15:08:07+00:00,44.4758,12.025395,26925,212,,False
1780153689,2026-05-30T15:08:09+00:00,44.475204,12.028068,26925,210,,False
1780153691,2026-05-30T15:08:11+00:00,44.474361,12.03171,26925,210,,False
1780153693,2026-05-30T15:08:13+00:00,44.474022,12.033835,26925,210,,False
1780153695,2026-05-30T15:08:15+00:00,44.473732,12.036767,26950,210,,False
1780153698,2026-05-30T15:08:18+00:00,44.47348,12.039817,26950,208,,False
1780153700,2026-05-30T15:08:20+00:00,44.473328,12.042808,26950,208,,False
1780153702,2026-05-30T15:08:22+00:00,44.473312,12.045177,26950,208,,False
1780153704,2026-05-30T15:08:24+00:00,44.473499,12.047782,26950,206,,False
1780153706,2026-05-30T15:08:26+00:00,44.473698,12.050874,26950,206,,False
1780153708,2026-05-30T15:08:28+00:00,44.474213,12.054112,26950,204,,False
1780153710,2026-05-30T15:08:30+00:00,44.474602,12.05604,26950,204,,False
1780153713,2026-05-30T15:08:33+00:00,44.475327,12.059406,26950,202,,False
1780153715,2026-05-30T15:08:35+00:00,44.476036,12.06189,26950,202,,False
1780153717,2026-05-30T15:08:37+00:00,44.476982,12.064701,26950,200,,False
1780153719,2026-05-30T15:08:39+00:00,44.477909,12.066936,26950,200,,False
1780153722,2026-05-30T15:08:42+00:00,44.479103,12.069733,26950,198,,False
1780153724,2026-05-30T15:08:44+00:00,44.48024,12.071884,26950,196,,False
1780153726,2026-05-30T15:08:46+00:00,44.481705,12.074158,26950,196,,False
1780153728,2026-05-30T15:08:48+00:00,44.483143,12.076252,26950,194,,False
1780153731,2026-05-30T15:08:51+00:00,44.484589,12.077878,26950,194,,False
1780153733,2026-05-30T15:08:53+00:00,44.486118,12.079569,26950,192,,False
1780153735,2026-05-30T15:08:55+00:00,44.487652,12.081068,26950,192,,False
1780153737,2026-05-30T15:08:57+00:00,44.489346,12.082421,26950,190,,False
1780153740,2026-05-30T15:09:00+00:00,44.491375,12.083776,26950,188,,False
1780153742,2026-05-30T15:09:02+00:00,44.493195,12.084803,26950,186,,False
1780153744,2026-05-30T15:09:04+00:00,44.494972,12.085599,26950,186,,False
1780153746,2026-05-30T15:09:06+00:00,44.496883,12.086243,26950,186,,False
1780153748,2026-05-30T15:09:08+00:00,44.498669,12.086925,26950,186,,False
1780153751,2026-05-30T15:09:11+00:00,44.500587,12.08757,26950,186,,False
1780153753,2026-05-30T15:09:13+00:00,44.50222,12.088195,26950,186,,False
1780153755,2026-05-30T15:09:15+00:00,44.504093,12.088947,26925,186,,False
1780153757,2026-05-30T15:09:17+00:00,44.505821,12.089611,26950,188,,False
1780153760,2026-05-30T15:09:20+00:00,44.507675,12.0903,26950,188,,False
1780153762,2026-05-30T15:09:22+00:00,44.509697,12.091105,26950,188,,False
1780153764,2026-05-30T15:09:24+00:00,44.511402,12.091793,26925,188,,False
1780153766,2026-05-30T15:09:26+00:00,44.51342,12.092561,26925,188,,False
1780153768,2026-05-30T15:09:28+00:00,44.515373,12.093361,26925,188,,False
1780153771,2026-05-30T15:09:31+00:00,44.517376,12.094094,26925,188,,False
1780153777,2026-05-30T15:09:37+00:00,44.523003,12.095672,26925,186,,False
1780153780,2026-05-30T15:09:40+00:00,44.525013,12.09563,26925,184,,False
1780153782,2026-05-30T15:09:42+00:00,44.526985,12.095421,26925,184,,False
1780153785,2026-05-30T15:09:45+00:00,44.528839,12.095022,26950,180,,False
1780153787,2026-05-30T15:09:47+00:00,44.530704,12.094172,26950,180,,False
1780153789,2026-05-30T15:09:49+00:00,44.532677,12.09326,26950,180,,False
1780153791,2026-05-30T15:09:51+00:00,44.53418,12.092381,26950,180,,False
1780153794,2026-05-30T15:09:54+00:00,44.536156,12.090849,26950,178,,False
1780153796,2026-05-30T15:09:56+00:00,44.537376,12.089573,26950,176,,False
1780153798,2026-05-30T15:09:58+00:00,44.538895,12.087767,26950,176,,False
1780153800,2026-05-30T15:10:00+00:00,44.540142,12.086128,26950,176,,False
1780153802,2026-05-30T15:10:02+00:00,44.541164,12.084323,26950,176,,False
1780153804,2026-05-30T15:10:04+00:00,44.542294,12.082167,26950,176,,False
1780153807,2026-05-30T15:10:07+00:00,44.543343,12.079684,26950,176,,False
1780153809,2026-05-30T15:10:09+00:00,44.543926,12.077949,26950,176,,False
1780153811,2026-05-30T15:10:11+00:00,44.544518,12.075818,26950,176,,False
1780153813,2026-05-30T15:10:13+00:00,44.545052,12.073321,26950,176,,False
1780153815,2026-05-30T15:10:15+00:00,44.545391,12.071232,26950,176,,False
1780153818,2026-05-30T15:10:18+00:00,44.545666,12.068136,26950,178,,False
1780153820,2026-05-30T15:10:20+00:00,44.545734,12.065728,26950,178,,False
1780153822,2026-05-30T15:10:22+00:00,44.545654,12.06353,26950,178,,False
1780153824,2026-05-30T15:10:24+00:00,44.545502,12.060579,26950,178,,False
1780153826,2026-05-30T15:10:26+00:00,44.545101,12.058091,26950,178,,False
1780153829,2026-05-30T15:10:29+00:00,44.544579,12.055751,26950,179,,False
1780153831,2026-05-30T15:10:31+00:00,44.543865,12.0533,26950,180,,False
1780153833,2026-05-30T15:10:33+00:00,44.543072,12.051206,26950,184,,False
1780153835,2026-05-30T15:10:35+00:00,44.54213,12.049006,26950,187,,False
1780153837,2026-05-30T15:10:37+00:00,44.54105,12.046669,26950,187,,False
1780153839,2026-05-30T15:10:39+00:00,44.540051,12.044893,26950,183,,False
1780153841,2026-05-30T15:10:41+00:00,44.538452,12.042547,26950,190,,False
1780153843,2026-05-30T15:10:43+00:00,44.537254,12.041194,26950,185,,False
1780153846,2026-05-30T15:10:46+00:00,44.535816,12.039644,26950,192,,False
1780153848,2026-05-30T15:10:48+00:00,44.534222,12.038214,26975,191,,False
1780153850,2026-05-30T15:10:50+00:00,44.532425,12.036749,26975,195,,False
1780153852,2026-05-30T15:10:52+00:00,44.530544,12.03558,26975,195,,False
1780153855,2026-05-30T15:10:55+00:00,44.528606,12.034648,26950,191,,False
1780153857,2026-05-30T15:10:57+00:00,44.526459,12.033804,26950,196,,False
1780153859,2026-05-30T15:10:59+00:00,44.524696,12.033347,26950,194,,False
1780153861,2026-05-30T15:11:01+00:00,44.52253,12.032897,26950,200,,False
1780153863,2026-05-30T15:11:03+00:00,44.520817,12.032894,26950,204,,False
1780153865,2026-05-30T15:11:05+00:00,44.518181,12.033071,26950,200,,False
1780153868,2026-05-30T15:11:08+00:00,44.515896,12.033451,26950,204,,False
1780153870,2026-05-30T15:11:10+00:00,44.513912,12.033984,26950,204,,False
1780153873,2026-05-30T15:11:13+00:00,44.511955,12.034983,26950,206,,False
1780153875,2026-05-30T15:11:15+00:00,44.509819,12.035913,26950,206,,False
1780153877,2026-05-30T15:11:17+00:00,44.507915,12.037168,26950,208,,False
1780153879,2026-05-30T15:11:19+00:00,44.50605,12.03874,26950,208,,False
1780153881,2026-05-30T15:11:21+00:00,44.504681,12.039986,26950,210,,False
1780153883,2026-05-30T15:11:23+00:00,44.502804,12.04162,26950,210,,False
1780153885,2026-05-30T15:11:25+00:00,44.501305,12.043344,26950,210,,False
1780153887,2026-05-30T15:11:27+00:00,44.49955,12.045704,26950,210,,False
1780153890,2026-05-30T15:11:30+00:00,44.498383,12.047588,26950,210,,False
1780153892,2026-05-30T15:11:32+00:00,44.497086,12.049926,26925,210,,False
1780153894,2026-05-30T15:11:34+00:00,44.496017,12.052087,26925,210,,False
1780153896,2026-05-30T15:11:36+00:00,44.494862,12.05478,26925,210,,False
1780153898,2026-05-30T15:11:38+00:00,44.49398,12.057223,26925,210,,False
1780153900,2026-05-30T15:11:40+00:00,44.493076,12.060079,26925,210,,False
1780153902,2026-05-30T15:11:42+00:00,44.492306,12.062868,26925,210,,False
1780153905,2026-05-30T15:11:45+00:00,44.49184,12.065379,26925,210,,False
1780153907,2026-05-30T15:11:47+00:00,44.491573,12.068278,26925,208,,False
1780153909,2026-05-30T15:11:49+00:00,44.491314,12.071443,26925,206,,False
1780153911,2026-05-30T15:11:51+00:00,44.491173,12.074637,26925,206,,False
1780153914,2026-05-30T15:11:54+00:00,44.491234,12.077676,26925,206,,False
1780153916,2026-05-30T15:11:56+00:00,44.491501,12.08076,26925,204,,False
1780153918,2026-05-30T15:11:58+00:00,44.491829,12.083389,26925,204,,False
1780153920,2026-05-30T15:12:00+00:00,44.492336,12.085962,26925,202,,False
1780153923,2026-05-30T15:12:03+00:00,44.493202,12.089314,26950,202,,False
1780153925,2026-05-30T15:12:05+00:00,44.493977,12.091731,26950,200,,False
1780153927,2026-05-30T15:12:07+00:00,44.494984,12.094334,26950,200,,False
1780153930,2026-05-30T15:12:10+00:00,44.496033,12.096786,26950,198,,False
1780153932,2026-05-30T15:12:12+00:00,44.497311,12.099049,26950,196,,False
1780153934,2026-05-30T15:12:14+00:00,44.498577,12.101137,26950,196,,False
1780153936,2026-05-30T15:12:16+00:00,44.499954,12.103013,26950,192,,False
1780153938,2026-05-30T15:12:18+00:00,44.501266,12.104649,26950,192,,False
1780153940,2026-05-30T15:12:20+00:00,44.502853,12.106158,26950,190,,False
1780153942,2026-05-30T15:12:22+00:00,44.504391,12.107492,26950,190,,False
1780153945,2026-05-30T15:12:25+00:00,44.506264,12.108797,26950,188,,False
1780153947,2026-05-30T15:12:27+00:00,44.508045,12.109865,26950,186,,False
1780153949,2026-05-30T15:12:29+00:00,44.510067,12.110682,26950,186,,False
1780153951,2026-05-30T15:12:31+00:00,44.511837,12.111339,26950,186,,False
1780153954,2026-05-30T15:12:34+00:00,44.513695,12.111681,26950,182,,False
1780153956,2026-05-30T15:12:36+00:00,44.515625,12.111781,26950,180,,False
1780153958,2026-05-30T15:12:38+00:00,44.517193,12.111746,26950,180,,False
1780153960,2026-05-30T15:12:40+00:00,44.519058,12.111618,26950,178,,False
1780153962,2026-05-30T15:12:42+00:00,44.52103,12.11108,26950,178,,False
1780153964,2026-05-30T15:12:44+00:00,44.522606,12.110456,26950,176,,False
1780153966,2026-05-30T15:12:46+00:00,44.5242,12.10966,26950,176,,False
1780153969,2026-05-30T15:12:49+00:00,44.525661,12.108636,26950,176,,False
1780153971,2026-05-30T15:12:51+00:00,44.527359,12.107524,26950,176,,False
1780153973,2026-05-30T15:12:53+00:00,44.52882,12.106013,26950,174,,False
1780153976,2026-05-30T15:12:56+00:00,44.530567,12.104116,26950,174,,False
1780153978,2026-05-30T15:12:58+00:00,44.531788,12.10249,26950,174,,False
1780153980,2026-05-30T15:13:00+00:00,44.532993,12.100314,26950,174,,False
1780153982,2026-05-30T15:13:02+00:00,44.533985,12.098234,26950,174,,False
1780153984,2026-05-30T15:13:04+00:00,44.534843,12.096418,26950,174,,False
1780153986,2026-05-30T15:13:06+00:00,44.535458,12.094409,26950,174,,False
1780153989,2026-05-30T15:13:09+00:00,44.536133,12.092008,26950,174,,False
1780153991,2026-05-30T15:13:11+00:00,44.536503,12.089865,26950,174,,False
1780153993,2026-05-30T15:13:13+00:00,44.536842,12.087128,26950,176,,False
1780153995,2026-05-30T15:13:15+00:00,44.537033,12.084803,26950,176,,False
1780153997,2026-05-30T15:13:17+00:00,44.537075,12.082521,26950,176,,False
1780153999,2026-05-30T15:13:19+00:00,44.536991,12.07985,26950,176,,False
1780154001,2026-05-30T15:13:21+00:00,44.53677,12.077479,26950,176,,False
1780154004,2026-05-30T15:13:24+00:00,44.536373,12.074903,26950,179,,False
1780154006,2026-05-30T15:13:26+00:00,44.535751,12.07261,26950,175,,False
1780154008,2026-05-30T15:13:28+00:00,44.535095,12.070458,26950,175,,False
1780154010,2026-05-30T15:13:30+00:00,44.534306,12.068227,26950,180,,False
1780154012,2026-05-30T15:13:32+00:00,44.533276,12.065707,26950,184,,False
1780154015,2026-05-30T15:13:35+00:00,44.53215,12.063446,26950,183,,False
1780154017,2026-05-30T15:13:37+00:00,44.530869,12.061506,26950,183,,False
1780154019,2026-05-30T15:13:39+00:00,44.529503,12.059452,26950,189,,False
1780154022,2026-05-30T15:13:42+00:00,44.527828,12.057654,26950,187,,False
1780154024,2026-05-30T15:13:44+00:00,44.525772,12.055655,26950,192,,False
1780154026,2026-05-30T15:13:46+00:00,44.524235,12.054419,26950,190,,False
1780154028,2026-05-30T15:13:48+00:00,44.522724,12.053398,26950,189,,False
1780154030,2026-05-30T15:13:50+00:00,44.520889,12.052495,26950,193,,False
1780154033,2026-05-30T15:13:53+00:00,44.519135,12.051751,26950,191,,False
1780154035,2026-05-30T15:13:55+00:00,44.517265,12.050998,26950,199,,False
1780154037,2026-05-30T15:13:57+00:00,44.514969,12.050542,26950,199,,False
1780154039,2026-05-30T15:13:59+00:00,44.513149,12.050339,26950,198,,False
1780154041,2026-05-30T15:14:01+00:00,44.511112,12.050382,26950,200,,False
1780154043,2026-05-30T15:14:03+00:00,44.508812,12.050639,26950,202,,False
1780154046,2026-05-30T15:14:06+00:00,44.507065,12.051044,26950,202,,False
1780154048,2026-05-30T15:14:08+00:00,44.504948,12.051771,26950,204,,False
1780154050,2026-05-30T15:14:10+00:00,44.502804,12.052674,26950,204,,False
1780154052,2026-05-30T15:14:12+00:00,44.501324,12.053527,26950,206,,False
1780154054,2026-05-30T15:14:14+00:00,44.499359,12.054883,26950,206,,False
1780154056,2026-05-30T15:14:16+00:00,44.497612,12.056128,26950,208,,False
1780154059,2026-05-30T15:14:19+00:00,44.495926,12.057809,26950,208,,False
1780154061,2026-05-30T15:14:21+00:00,44.493996,12.059939,26950,208,,False
1780154063,2026-05-30T15:14:23+00:00,44.492447,12.061679,26950,208,,False
1780154065,2026-05-30T15:14:25+00:00,44.490818,12.064026,26950,208,,False
1780154067,2026-05-30T15:14:27+00:00,44.489792,12.065818,26950,208,,False
1780154069,2026-05-30T15:14:29+00:00,44.488514,12.068288,26950,210,,False
1780154071,2026-05-30T15:14:31+00:00,44.487175,12.071114,26950,210,,False
1780154074,2026-05-30T15:14:34+00:00,44.486214,12.073437,26950,210,,False
1780154076,2026-05-30T15:14:36+00:00,44.485569,12.075635,26950,208,,False
1780154078,2026-05-30T15:14:38+00:00,44.484779,12.078609,26950,208,,False
1780154081,2026-05-30T15:14:41+00:00,44.484123,12.08177,26950,208,,False
1780154083,2026-05-30T15:14:43+00:00,44.483654,12.084847,26950,208,,False
1780154085,2026-05-30T15:14:45+00:00,44.483349,12.088101,26950,206,,False
1780154087,2026-05-30T15:14:47+00:00,44.483292,12.090409,26950,206,,False
1780154089,2026-05-30T15:14:49+00:00,44.483307,12.093316,26950,206,,False
1780154091,2026-05-30T15:14:51+00:00,44.483494,12.096893,26950,204,,False
1780154094,2026-05-30T15:14:54+00:00,44.483761,12.099176,26950,204,,False
1780154096,2026-05-30T15:14:56+00:00,44.484207,12.101983,26950,202,,False
1780154098,2026-05-30T15:14:58+00:00,44.484859,12.10461,26950,202,,False
1780154100,2026-05-30T15:15:00+00:00,44.48563,12.107374,26950,200,,False
1780154102,2026-05-30T15:15:02+00:00,44.486404,12.109679,26950,200,,False
1780154104,2026-05-30T15:15:04+00:00,44.487495,12.112224,26950,198,,False
1780154106,2026-05-30T15:15:06+00:00,44.488667,12.114659,26950,196,,False
1780154109,2026-05-30T15:15:09+00:00,44.489925,12.116708,26950,196,,False
1780154111,2026-05-30T15:15:11+00:00,44.490944,12.118361,26950,196,,False
1780154113,2026-05-30T15:15:13+00:00,44.492493,12.120526,26950,194,,False
1780154115,2026-05-30T15:15:15+00:00,44.494061,12.122184,26950,194,,False
1780154118,2026-05-30T15:15:18+00:00,44.495701,12.123721,26950,190,,False
1780154120,2026-05-30T15:15:20+00:00,44.497356,12.125048,26950,188,,False
1780154122,2026-05-30T15:15:22+00:00,44.499214,12.126196,26950,188,,False
1780154124,2026-05-30T15:15:24+00:00,44.500824,12.127033,26950,186,,False
1780154126,2026-05-30T15:15:26+00:00,44.502766,12.127882,26950,184,,False
1780154129,2026-05-30T15:15:29+00:00,44.504562,12.128394,26950,184,,False
1780154131,2026-05-30T15:15:31+00:00,44.506729,12.128728,26950,184,,False
1780154133,2026-05-30T15:15:33+00:00,44.508488,12.128844,26950,182,,False
1780154135,2026-05-30T15:15:35+00:00,44.510403,12.128757,26950,180,,False
1780154138,2026-05-30T15:15:38+00:00,44.512371,12.128335,26950,180,,False
1780154140,2026-05-30T15:15:40+00:00,44.514034,12.127742,26950,178,,False
1780154142,2026-05-30T15:15:42+00:00,44.51582,12.126925,26950,178,,False
1780154144,2026-05-30T15:15:44+00:00,44.517532,12.126134,26950,176,,False
1780154147,2026-05-30T15:15:47+00:00,44.519062,12.124887,26950,176,,False
1780154149,2026-05-30T15:15:49+00:00,44.520725,12.123457,26950,176,,False
1780154151,2026-05-30T15:15:51+00:00,44.521931,12.122018,26950,176,,False
1780154153,2026-05-30T15:15:53+00:00,44.52314,12.120601,26950,174,,False
1780154155,2026-05-30T15:15:55+00:00,44.5243,12.11893,26950,174,,False
1780154157,2026-05-30T15:15:57+00:00,44.525333,12.11712,26950,174,,False
1780154159,2026-05-30T15:15:59+00:00,44.526352,12.115053,26950,174,,False
1780154161,2026-05-30T15:16:01+00:00,44.527191,12.113045,26950,174,,False
1780154163,2026-05-30T15:16:03+00:00,44.528027,12.110499,26950,174,,False
1780154166,2026-05-30T15:16:06+00:00,44.528526,12.108485,26950,174,,False
1780154168,2026-05-30T15:16:08+00:00,44.529003,12.105996,26950,176,,False
1780154170,2026-05-30T15:16:10+00:00,44.529278,12.103772,26950,176,,False
1780154172,2026-05-30T15:16:12+00:00,44.529488,12.101484,26950,176,,False
1780154174,2026-05-30T15:16:14+00:00,44.529598,12.098782,26950,176,,False
1780154176,2026-05-30T15:16:16+00:00,44.52951,12.096358,26950,176,,False
1780154178,2026-05-30T15:16:18+00:00,44.52927,12.093992,26950,181,,False
1780154180,2026-05-30T15:16:20+00:00,44.528893,12.091764,26950,177,,False
1780154183,2026-05-30T15:16:23+00:00,44.528343,12.089212,26950,183,,False
1780154185,2026-05-30T15:16:25+00:00,44.527481,12.0865,26975,181,,False
1780154187,2026-05-30T15:16:27+00:00,44.526653,12.084155,26975,183,,False
1780154190,2026-05-30T15:16:30+00:00,44.525654,12.081995,26950,180,,False
1780154192,2026-05-30T15:16:32+00:00,44.52449,12.079801,26950,180,,False
1780154194,2026-05-30T15:16:34+00:00,44.523247,12.077739,26975,192,,False
1780154196,2026-05-30T15:16:36+00:00,44.521938,12.075991,26950,190,,False
1780154199,2026-05-30T15:16:39+00:00,44.520184,12.073917,26950,187,,False
1780154201,2026-05-30T15:16:41+00:00,44.518608,12.072375,26950,190,,False
1780154203,2026-05-30T15:16:43+00:00,44.517151,12.071142,26950,189,,False
1780154205,2026-05-30T15:16:45+00:00,44.515453,12.069974,26950,192,,False
1780154207,2026-05-30T15:16:47+00:00,44.51363,12.068993,26950,192,,False
1780154210,2026-05-30T15:16:50+00:00,44.511581,12.06805,26950,195,,False
1780154212,2026-05-30T15:16:52+00:00,44.509575,12.067373,26950,196,,False
1780154214,2026-05-30T15:16:54+00:00,44.507484,12.066875,26950,200,,False
1780154216,2026-05-30T15:16:56+00:00,44.505543,12.066591,26950,201,,False
1780154218,2026-05-30T15:16:58+00:00,44.503204,12.066567,26950,202,,False
1780154221,2026-05-30T15:17:01+00:00,44.501476,12.066918,26950,198,,False
1780154223,2026-05-30T15:17:03+00:00,44.499229,12.067332,26950,204,,False
1780154225,2026-05-30T15:17:05+00:00,44.49733,12.067946,26950,204,,False
1780154227,2026-05-30T15:17:07+00:00,44.495274,12.068817,26925,206,,False
1780154229,2026-05-30T15:17:09+00:00,44.493221,12.069845,26925,206,,False
1780154232,2026-05-30T15:17:12+00:00,44.491383,12.071108,26925,208,,False
1780154234,2026-05-30T15:17:14+00:00,44.489521,12.072573,26925,208,,False
1780154236,2026-05-30T15:17:16+00:00,44.487785,12.074201,26925,208,,False
1780154238,2026-05-30T15:17:18+00:00,44.486095,12.075843,26950,208,,False
1780154240,2026-05-30T15:17:20+00:00,44.484627,12.077702,26950,210,,False
1780154243,2026-05-30T15:17:23+00:00,44.482887,12.08018,26950,210,,False
1780154245,2026-05-30T15:17:25+00:00,44.481586,12.08216,26950,210,,False
1780154247,2026-05-30T15:17:27+00:00,44.480274,12.08469,26950,210,,False
1780154249,2026-05-30T15:17:29+00:00,44.479065,12.087511,26950,210,,False
1780154251,2026-05-30T15:17:31+00:00,44.478065,12.089851,26950,210,,False
1780154254,2026-05-30T15:17:34+00:00,44.477161,12.092716,26950,210,,False
1780154256,2026-05-30T15:17:36+00:00,44.476433,12.095504,26950,208,,False
1780154258,2026-05-30T15:17:38+00:00,44.476006,12.098003,26950,208,,False
1780154260,2026-05-30T15:17:40+00:00,44.475536,12.100818,26950,208,,False
1780154263,2026-05-30T15:17:43+00:00,44.475155,12.103734,26950,208,,False
1780154265,2026-05-30T15:17:45+00:00,44.474998,12.107347,26950,208,,False
1780154267,2026-05-30T15:17:47+00:00,44.475037,12.110066,26950,206,,False
1780154269,2026-05-30T15:17:49+00:00,44.475243,12.113134,26950,206,,False
1780154271,2026-05-30T15:17:51+00:00,44.475487,12.116167,26950,206,,False
1780154274,2026-05-30T15:17:54+00:00,44.475945,12.118867,26950,204,,False
1780154276,2026-05-30T15:17:56+00:00,44.476662,12.121888,26950,204,,False
1780154278,2026-05-30T15:17:58+00:00,44.477509,12.12478,26950,204,,False
1780154281,2026-05-30T15:18:01+00:00,44.478458,12.127463,26950,202,,False
1780154283,2026-05-30T15:18:03+00:00,44.479553,12.129951,26950,202,,False
1780154285,2026-05-30T15:18:05+00:00,44.480724,12.132304,26950,200,,False
1780154287,2026-05-30T15:18:07+00:00,44.482147,12.134726,26950,196,,False
1780154289,2026-05-30T15:18:09+00:00,44.483307,12.136495,26950,196,,False
1780154291,2026-05-30T15:18:11+00:00,44.484718,12.138229,26950,196,,False
1780154294,2026-05-30T15:18:14+00:00,44.486286,12.140035,26950,194,,False
1780154296,2026-05-30T15:18:16+00:00,44.488098,12.141711,26950,192,,False
1780154298,2026-05-30T15:18:18+00:00,44.489624,12.142895,26950,192,,False
1780154300,2026-05-30T15:18:20+00:00,44.491444,12.144029,26950,190,,False
1780154302,2026-05-30T15:18:22+00:00,44.493237,12.144933,26950,190,,False
1780154304,2026-05-30T15:18:24+00:00,44.495079,12.145769,26950,188,,False
1780154307,2026-05-30T15:18:27+00:00,44.496719,12.146563,26975,188,,False
1780154309,2026-05-30T15:18:29+00:00,44.498386,12.147326,26950,190,,False
1780154311,2026-05-30T15:18:31+00:00,44.500122,12.148244,26925,190,,False
1780154313,2026-05-30T15:18:33+00:00,44.502117,12.149249,26950,190,,False
1780154315,2026-05-30T15:18:35+00:00,44.503887,12.15013,26950,190,,False
1780154317,2026-05-30T15:18:37+00:00,44.505581,12.151047,26950,190,,False
1780154320,2026-05-30T15:18:40+00:00,44.507298,12.151851,26925,190,,False
1780154322,2026-05-30T15:18:42+00:00,44.509132,12.152771,26925,190,,False
1780154324,2026-05-30T15:18:44+00:00,44.510815,12.153606,26925,192,,False
1780154326,2026-05-30T15:18:46+00:00,44.51268,12.154566,26925,192,,False
1780154328,2026-05-30T15:18:48+00:00,44.514645,12.155608,26925,192,,False
1780154330,2026-05-30T15:18:50+00:00,44.516357,12.156446,26925,192,,False
1780154333,2026-05-30T15:18:53+00:00,44.518074,12.157324,26925,192,,False
1780154335,2026-05-30T15:18:55+00:00,44.519924,12.158271,26925,192,,False
1780154337,2026-05-30T15:18:57+00:00,44.521683,12.159136,26925,192,,False
1780154339,2026-05-30T15:18:59+00:00,44.523335,12.159995,26925,192,,False
1780154341,2026-05-30T15:19:01+00:00,44.52536,12.161015,26925,192,,False
1780154344,2026-05-30T15:19:04+00:00,44.527611,12.162136,26925,192,,False
1780154370,2026-05-30T15:19:30+00:00,44.549583,12.172577,26925,190,,False
1780154372,2026-05-30T15:19:32+00:00,44.55159,12.17296,26950,190,,False
1780154375,2026-05-30T15:19:35+00:00,44.553505,12.173091,26950,188,,False
1780154377,2026-05-30T15:19:37+00:00,44.555542,12.173169,26950,188,,False
1780154379,2026-05-30T15:19:39+00:00,44.557461,12.172926,26950,186,,False
1780154381,2026-05-30T15:19:41+00:00,44.559063,12.172563,26950,184,,False
1780154383,2026-05-30T15:19:43+00:00,44.560783,12.171986,26950,184,,False
1780154385,2026-05-30T15:19:45+00:00,44.562599,12.171189,26950,184,,False
1780154387,2026-05-30T15:19:47+00:00,44.564339,12.170212,26950,182,,False
1780154390,2026-05-30T15:19:50+00:00,44.566208,12.168986,26950,182,,False
1780154392,2026-05-30T15:19:52+00:00,44.567852,12.16761,26950,182,,False
1780154395,2026-05-30T15:19:55+00:00,44.569572,12.165906,26950,180,,False
1780154397,2026-05-30T15:19:57+00:00,44.571239,12.163966,26950,180,,False
1780154400,2026-05-30T15:20:00+00:00,44.572609,12.162055,26950,180,,False
1780154402,2026-05-30T15:20:02+00:00,44.573711,12.16007,26950,180,,False
1780154404,2026-05-30T15:20:04+00:00,44.57486,12.157722,26950,180,,False
1780154406,2026-05-30T15:20:06+00:00,44.575706,12.156027,26950,180,,False
1780154408,2026-05-30T15:20:08+00:00,44.576653,12.153531,26950,180,,False
1780154410,2026-05-30T15:20:10+00:00,44.577206,12.151622,26950,180,,False
1780154412,2026-05-30T15:20:12+00:00,44.577812,12.149167,26950,180,,False
1780154415,2026-05-30T15:20:15+00:00,44.578224,12.146733,26950,180,,False
1780154417,2026-05-30T15:20:17+00:00,44.578606,12.143938,26950,180,,False
1780154419,2026-05-30T15:20:19+00:00,44.578732,12.141798,26950,180,,False
1780154421,2026-05-30T15:20:21+00:00,44.57885,12.139347,26950,180,,False
1780154423,2026-05-30T15:20:23+00:00,44.578754,12.136741,26950,180,,False
1780154425,2026-05-30T15:20:25+00:00,44.578541,12.134091,26950,180,,False
1780154427,2026-05-30T15:20:27+00:00,44.578232,12.131194,26950,179,,False
1780154430,2026-05-30T15:20:30+00:00,44.577789,12.129077,26950,189,,False
1780154432,2026-05-30T15:20:32+00:00,44.577129,12.126527,26950,184,,False
1780154434,2026-05-30T15:20:34+00:00,44.576412,12.124142,26950,185,,False
1780154437,2026-05-30T15:20:37+00:00,44.575298,12.121222,26950,190,,False
1780154439,2026-05-30T15:20:39+00:00,44.5741,12.118562,26950,189,,False
1780154442,2026-05-30T15:20:42+00:00,44.572742,12.116056,26950,188,,False
1780154444,2026-05-30T15:20:44+00:00,44.571758,12.114469,26950,188,,False
1780154446,2026-05-30T15:20:46+00:00,44.570297,12.112329,26950,191,,False
1780154448,2026-05-30T15:20:48+00:00,44.568794,12.110562,26950,190,,False
1780154450,2026-05-30T15:20:50+00:00,44.567284,12.108946,26950,192,,False
1780154452,2026-05-30T15:20:52+00:00,44.56543,12.107361,26950,197,,False
1780154455,2026-05-30T15:20:55+00:00,44.563995,12.106229,26950,191,,False
1780154457,2026-05-30T15:20:57+00:00,44.562126,12.105043,26950,200,,False
1780154459,2026-05-30T15:20:59+00:00,44.560192,12.103954,26950,194,,False
1780154461,2026-05-30T15:21:01+00:00,44.558342,12.103151,26950,196,,False
1780154463,2026-05-30T15:21:03+00:00,44.556507,12.102408,26950,202,,False
1780154465,2026-05-30T15:21:05+00:00,44.5546,12.102021,26950,205,,False
1780154467,2026-05-30T15:21:07+00:00,44.552528,12.101628,26950,206,,False
1780154469,2026-05-30T15:21:09+00:00,44.550434,12.101462,26950,203,,False
1780154471,2026-05-30T15:21:11+00:00,44.548584,12.101537,26950,209,,False
1780154473,2026-05-30T15:21:13+00:00,44.546604,12.101732,26950,205,,False
1780154476,2026-05-30T15:21:16+00:00,44.544704,12.102072,26950,206,,False
1780154478,2026-05-30T15:21:18+00:00,44.542538,12.102685,26950,210,,False
1780154480,2026-05-30T15:21:20+00:00,44.540573,12.103492,26950,210,,False
1780154482,2026-05-30T15:21:22+00:00,44.538593,12.104492,26950,210,,False
1780154484,2026-05-30T15:21:24+00:00,44.536583,12.105634,26950,210,,False
1780154486,2026-05-30T15:21:26+00:00,44.534721,12.106914,26950,212,,False
1780154488,2026-05-30T15:21:28+00:00,44.532871,12.108336,26950,212,,False
1780154491,2026-05-30T15:21:31+00:00,44.531158,12.109984,26950,212,,False
1780154493,2026-05-30T15:21:33+00:00,44.529434,12.111779,26950,214,,False
1780154495,2026-05-30T15:21:35+00:00,44.527554,12.113906,26950,214,,False
1780154498,2026-05-30T15:21:38+00:00,44.52607,12.116034,26925,214,,False
1780154500,2026-05-30T15:21:40+00:00,44.524513,12.118419,26925,214,,False
1780154502,2026-05-30T15:21:42+00:00,44.523121,12.120896,26925,214,,False
1780154504,2026-05-30T15:21:44+00:00,44.521904,12.123512,26950,214,,False
1780154507,2026-05-30T15:21:47+00:00,44.520832,12.125965,26950,214,,False
1780154509,2026-05-30T15:21:49+00:00,44.519703,12.128823,26950,214,,False
1780154511,2026-05-30T15:21:51+00:00,44.518784,12.131958,26925,212,,False
1780154514,2026-05-30T15:21:54+00:00,44.51786,12.135752,26925,212,,False
1780154516,2026-05-30T15:21:56+00:00,44.517471,12.13789,26925,212,,False
1780154518,2026-05-30T15:21:58+00:00,44.517029,12.14079,26925,212,,False
1780154520,2026-05-30T15:22:00+00:00,44.516762,12.143875,26925,210,,False
1780154523,2026-05-30T15:22:03+00:00,44.516594,12.147189,26925,210,,False
1780154525,2026-05-30T15:22:05+00:00,44.516575,12.150214,26925,210,,False
1780154527,2026-05-30T15:22:07+00:00,44.516724,12.153069,26925,210,,False
1780154529,2026-05-30T15:22:09+00:00,44.517094,12.156978,26925,208,,False
1780154532,2026-05-30T15:22:12+00:00,44.517437,12.159227,26925,206,,False
1780154534,2026-05-30T15:22:14+00:00,44.518063,12.162155,26925,206,,False
1780154536,2026-05-30T15:22:16+00:00,44.518677,12.164758,26950,206,,False
1780154538,2026-05-30T15:22:18+00:00,44.519753,12.168014,26950,204,,False
1780154541,2026-05-30T15:22:21+00:00,44.520683,12.170431,26950,202,,False
1780154543,2026-05-30T15:22:23+00:00,44.521622,12.172664,26950,202,,False
1780154545,2026-05-30T15:22:25+00:00,44.522854,12.175273,26950,200,,False
1780154547,2026-05-30T15:22:27+00:00,44.52404,12.177355,26950,200,,False
1780154549,2026-05-30T15:22:29+00:00,44.525429,12.179442,26950,198,,False
1780154551,2026-05-30T15:22:31+00:00,44.52673,12.181144,26950,198,,False
1780154554,2026-05-30T15:22:34+00:00,44.528198,12.183003,26950,196,,False
1780154556,2026-05-30T15:22:36+00:00,44.529884,12.184553,26950,194,,False
1780154558,2026-05-30T15:22:38+00:00,44.53149,12.185973,26950,194,,False
1780154560,2026-05-30T15:22:40+00:00,44.533569,12.187535,26950,192,,False
1780154563,2026-05-30T15:22:43+00:00,44.535259,12.188609,26950,192,,False
1780154565,2026-05-30T15:22:45+00:00,44.537407,12.189552,26950,190,,False
1780154567,2026-05-30T15:22:47+00:00,44.539143,12.190179,26950,190,,False
1780154569,2026-05-30T15:22:49+00:00,44.540855,12.190531,26950,188,,False
1780154572,2026-05-30T15:22:52+00:00,44.542957,12.190964,26950,186,,False
1780154574,2026-05-30T15:22:54+00:00,44.544758,12.191117,26950,186,,False
1780154576,2026-05-30T15:22:56+00:00,44.546658,12.191033,26950,184,,False
1780154578,2026-05-30T15:22:58+00:00,44.548935,12.19076,26950,184,,False
1780154580,2026-05-30T15:23:00+00:00,44.550629,12.190192,26950,182,,False
1780154583,2026-05-30T15:23:03+00:00,44.552315,12.189648,26950,182,,False
1780154585,2026-05-30T15:23:05+00:00,44.554512,12.188633,26950,182,,False
1780154587,2026-05-30T15:23:07+00:00,44.555695,12.187734,26950,180,,False
1780154589,2026-05-30T15:23:09+00:00,44.557533,12.18646,26950,180,,False
1780154591,2026-05-30T15:23:11+00:00,44.559044,12.185168,26950,180,,False
1780154594,2026-05-30T15:23:14+00:00,44.561069,12.183141,26950,180,,False
1780154596,2026-05-30T15:23:16+00:00,44.561813,12.182062,26950,178,,False
1780154598,2026-05-30T15:23:18+00:00,44.563046,12.180289,26950,178,,False
1780154600,2026-05-30T15:23:20+00:00,44.564404,12.178053,26950,178,,False
1780154602,2026-05-30T15:23:22+00:00,44.565434,12.176019,26950,178,,False
1780154604,2026-05-30T15:23:24+00:00,44.566319,12.174134,26950,178,,False
1780154607,2026-05-30T15:23:27+00:00,44.567074,12.17218,26950,178,,False
1780154609,2026-05-30T15:23:29+00:00,44.567799,12.169781,26950,180,,False
1780154611,2026-05-30T15:23:31+00:00,44.568336,12.167448,26950,180,,False
1780154613,2026-05-30T15:23:33+00:00,44.568867,12.16471,26950,180,,False
1780154615,2026-05-30T15:23:35+00:00,44.569183,12.162147,26950,180,,False
1780154617,2026-05-30T15:23:37+00:00,44.569401,12.159608,26950,180,,False
1780154620,2026-05-30T15:23:40+00:00,44.569427,12.157102,26950,180,,False
1780154622,2026-05-30T15:23:42+00:00,44.569386,12.154351,26950,180,,False
1780154624,2026-05-30T15:23:44+00:00,44.569225,12.15217,26950,180,,False
1780154626,2026-05-30T15:23:46+00:00,44.568848,12.149572,26950,180,,False
1780154628,2026-05-30T15:23:48+00:00,44.568302,12.14678,26950,189,,False
1780154631,2026-05-30T15:23:51+00:00,44.567722,12.144341,26950,183,,False
1780154633,2026-05-30T15:23:53+00:00,44.566845,12.141611,26950,191,,False
1780154635,2026-05-30T15:23:55+00:00,44.566017,12.139532,26950,189,,False
1780154637,2026-05-30T15:23:57+00:00,44.564926,12.13695,26950,185,,False
1780154639,2026-05-30T15:23:59+00:00,44.563892,12.134939,26950,194,,False
1780154642,2026-05-30T15:24:02+00:00,44.562843,12.133183,26950,185,,False
1780154644,2026-05-30T15:24:04+00:00,44.561371,12.131011,26950,191,,False
1780154646,2026-05-30T15:24:06+00:00,44.559948,12.129251,26950,193,,False
1780154648,2026-05-30T15:24:08+00:00,44.558559,12.127641,26950,193,,False
1780154650,2026-05-30T15:24:10+00:00,44.556862,12.126038,26950,200,,False
1780154652,2026-05-30T15:24:12+00:00,44.555256,12.124664,26950,191,,False
1780154655,2026-05-30T15:24:15+00:00,44.553146,12.123111,26950,196,,False
1780154657,2026-05-30T15:24:17+00:00,44.551373,12.122083,26950,199,,False
1780154659,2026-05-30T15:24:19+00:00,44.549496,12.121245,26950,198,,False
1780154661,2026-05-30T15:24:21+00:00,44.547832,12.120545,26950,200,,False
1780154663,2026-05-30T15:24:23+00:00,44.545525,12.119861,26950,204,,False
1780154665,2026-05-30T15:24:25+00:00,44.543514,12.119417,26950,203,,False
1780154667,2026-05-30T15:24:27+00:00,44.541672,12.119256,26950,206,,False
1780154670,2026-05-30T15:24:30+00:00,44.539505,12.119229,26950,208,,False
1780154672,2026-05-30T15:24:32+00:00,44.537659,12.119368,26950,206,,False
1780154674,2026-05-30T15:24:34+00:00,44.535713,12.119829,26950,206,,False
1780154676,2026-05-30T15:24:36+00:00,44.533627,12.120185,26950,211,,False
1780154678,2026-05-30T15:24:38+00:00,44.531368,12.120942,26950,210,,False
1780154680,2026-05-30T15:24:40+00:00,44.529675,12.121741,26950,212,,False
1780154683,2026-05-30T15:24:43+00:00,44.527531,12.122923,26950,212,,False
1780154685,2026-05-30T15:24:45+00:00,44.525448,12.124352,26950,212,,False
1780154687,2026-05-30T15:24:47+00:00,44.523575,12.125843,26925,212,,False
1780154689,2026-05-30T15:24:49+00:00,44.521599,12.127651,26925,212,,False
1780154691,2026-05-30T15:24:51+00:00,44.520054,12.129227,26925,212,,False
1780154693,2026-05-30T15:24:53+00:00,44.51844,12.131013,26925,214,,False
1780154696,2026-05-30T15:24:56+00:00,44.516891,12.13307,26925,214,,False
1780154698,2026-05-30T15:24:58+00:00,44.51532,12.135365,26925,214,,False
1780154700,2026-05-30T15:25:00+00:00,44.513988,12.137479,26925,214,,False
1780154702,2026-05-30T15:25:02+00:00,44.512737,12.140119,26925,214,,False
1780154705,2026-05-30T15:25:05+00:00,44.511475,12.142762,26925,214,,False
1780154707,2026-05-30T15:25:07+00:00,44.510513,12.145347,26925,214,,False
1780154709,2026-05-30T15:25:09+00:00,44.509647,12.147961,26925,212,,False
1780154711,2026-05-30T15:25:11+00:00,44.508831,12.150778,26925,212,,False
1780154713,2026-05-30T15:25:13+00:00,44.508156,12.1535,26925,212,,False
1780154715,2026-05-30T15:25:15+00:00,44.507633,12.156369,26925,212,,False
1780154717,2026-05-30T15:25:17+00:00,44.507236,12.159594,26925,212,,False
1780154719,2026-05-30T15:25:19+00:00,44.507,12.162476,26925,210,,False
1780154722,2026-05-30T15:25:22+00:00,44.506924,12.164999,26950,210,,False
1780154724,2026-05-30T15:25:24+00:00,44.506905,12.167969,26950,210,,False
1780154726,2026-05-30T15:25:26+00:00,44.507027,12.170694,26950,210,,False
1780154728,2026-05-30T15:25:28+00:00,44.507263,12.173809,26950,208,,False
1780154730,2026-05-30T15:25:30+00:00,44.507713,12.176571,26950,208,,False
1780154732,2026-05-30T15:25:32+00:00,44.508308,12.179461,26950,206,,False
1780154734,2026-05-30T15:25:34+00:00,44.509079,12.182304,26950,206,,False
1780154737,2026-05-30T15:25:37+00:00,44.509865,12.185,26950,204,,False
1780154739,2026-05-30T15:25:39+00:00,44.510841,12.187796,26950,204,,False
1780154741,2026-05-30T15:25:41+00:00,44.511887,12.190255,26950,202,,False
1780154743,2026-05-30T15:25:43+00:00,44.512875,12.192216,26950,202,,False
1780154745,2026-05-30T15:25:45+00:00,44.51413,12.194516,26950,200,,False
1780154747,2026-05-30T15:25:47+00:00,44.515411,12.196573,26950,198,,False
1780154750,2026-05-30T15:25:50+00:00,44.516869,12.198686,26950,198,,False
1780154752,2026-05-30T15:25:52+00:00,44.518353,12.200356,26950,196,,False
1780154754,2026-05-30T15:25:54+00:00,44.519939,12.201909,26950,194,,False
1780154756,2026-05-30T15:25:56+00:00,44.521645,12.203396,26950,194,,False
1780154759,2026-05-30T15:25:59+00:00,44.523388,12.204748,26950,194,,False
1780154761,2026-05-30T15:26:01+00:00,44.525555,12.206143,26950,194,,False
1780154763,2026-05-30T15:26:03+00:00,44.527176,12.206888,26950,194,,False
1780154766,2026-05-30T15:26:06+00:00,44.529255,12.20771,26950,188,,False
1780154768,2026-05-30T15:26:08+00:00,44.53091,12.208194,26950,188,,False
1780154770,2026-05-30T15:26:10+00:00,44.532825,12.208516,26950,188,,False
1780154772,2026-05-30T15:26:12+00:00,44.53463,12.208598,26950,185,,False
1780154774,2026-05-30T15:26:14+00:00,44.536446,12.208671,26950,187,,False
1780154776,2026-05-30T15:26:16+00:00,44.538319,12.208369,26950,184,,False
1780154778,2026-05-30T15:26:18+00:00,44.540012,12.208146,26950,184,,False
1780154781,2026-05-30T15:26:21+00:00,44.542511,12.20717,26950,182,,False
1780154783,2026-05-30T15:26:23+00:00,44.544147,12.206452,26950,180,,False
1780154785,2026-05-30T15:26:25+00:00,44.545807,12.205419,26950,180,,False
1780154788,2026-05-30T15:26:28+00:00,44.547371,12.20423,26950,180,,False
1780154790,2026-05-30T15:26:30+00:00,44.548927,12.202958,26950,180,,False
1780154792,2026-05-30T15:26:32+00:00,44.550507,12.201411,26950,178,,False
1780154794,2026-05-30T15:26:34+00:00,44.551788,12.199785,26950,178,,False
1780154796,2026-05-30T15:26:36+00:00,44.553078,12.198106,26950,178,,False
1780154799,2026-05-30T15:26:39+00:00,44.554379,12.196039,26950,178,,False
1780154801,2026-05-30T15:26:41+00:00,44.555588,12.193646,26950,178,,False
1780154803,2026-05-30T15:26:43+00:00,44.556473,12.191722,26950,178,,False
1780154806,2026-05-30T15:26:46+00:00,44.557381,12.18918,26950,178,,False
1780154808,2026-05-30T15:26:48+00:00,44.55798,12.187021,26950,178,,False
1780154810,2026-05-30T15:26:50+00:00,44.558754,12.183828,26950,178,,False
1780154812,2026-05-30T15:26:52+00:00,44.558971,12.182213,26950,180,,False
1780154815,2026-05-30T15:26:55+00:00,44.559349,12.179023,26950,180,,False
1780154817,2026-05-30T15:26:57+00:00,44.559513,12.176649,26950,180,,False
1780154819,2026-05-30T15:26:59+00:00,44.559547,12.174171,26950,180,,False
1780154821,2026-05-30T15:27:01+00:00,44.559422,12.17171,26950,180,,False
1780154823,2026-05-30T15:27:03+00:00,44.559196,12.169129,26950,180,,False
1780154826,2026-05-30T15:27:06+00:00,44.55872,12.166394,26950,181,,False
1780154828,2026-05-30T15:27:08+00:00,44.558262,12.164091,26950,177,,False
1780154830,2026-05-30T15:27:10+00:00,44.557682,12.161751,26950,186,,False
1780154832,2026-05-30T15:27:12+00:00,44.556808,12.159254,26950,189,,False
1780154834,2026-05-30T15:27:14+00:00,44.55571,12.156484,26950,191,,False
1780154837,2026-05-30T15:27:17+00:00,44.554707,12.154287,26950,189,,False
1780154839,2026-05-30T15:27:19+00:00,44.553444,12.152114,26950,187,,False
1780154841,2026-05-30T15:27:21+00:00,44.552238,12.150201,26950,190,,False
1780154844,2026-05-30T15:27:24+00:00,44.550758,12.148101,26950,193,,False
1780154846,2026-05-30T15:27:26+00:00,44.549179,12.146303,26950,192,,False
1780154848,2026-05-30T15:27:28+00:00,44.547596,12.144798,26950,197,,False
1780154850,2026-05-30T15:27:30+00:00,44.545876,12.143256,26950,191,,False
1780154852,2026-05-30T15:27:32+00:00,44.544071,12.141931,26950,195,,False
1780154854,2026-05-30T15:27:34+00:00,44.542263,12.140857,26950,197,,False
1780154857,2026-05-30T15:27:37+00:00,44.540615,12.139936,26950,194,,False
1780154859,2026-05-30T15:27:39+00:00,44.538555,12.139157,26950,201,,False
1780154861,2026-05-30T15:27:41+00:00,44.53656,12.138589,26950,203,,False
1780154863,2026-05-30T15:27:43+00:00,44.534611,12.138151,26950,201,,False
1780154865,2026-05-30T15:27:45+00:00,44.532051,12.137802,26950,206,,False
1780154867,2026-05-30T15:27:47+00:00,44.530182,12.137812,26950,204,,False
1780154870,2026-05-30T15:27:50+00:00,44.527946,12.138099,26950,205,,False
1780154872,2026-05-30T15:27:52+00:00,44.526264,12.138372,26950,208,,False
1780154874,2026-05-30T15:27:54+00:00,44.524147,12.139057,26925,208,,False
1780154877,2026-05-30T15:27:57+00:00,44.521935,12.139849,26925,208,,False
1780154879,2026-05-30T15:27:59+00:00,44.519741,12.140903,26950,210,,False
1780154881,2026-05-30T15:28:01+00:00,44.517796,12.142015,26950,210,,False
1780154883,2026-05-30T15:28:03+00:00,44.515663,12.143438,26925,210,,False
1780154886,2026-05-30T15:28:06+00:00,44.513767,12.145062,26925,212,,False
1780154888,2026-05-30T15:28:08+00:00,44.511868,12.146809,26925,212,,False
1780154890,2026-05-30T15:28:10+00:00,44.510403,12.148302,26925,212,,False
1780154892,2026-05-30T15:28:12+00:00,44.508759,12.150326,26925,212,,False
1780154894,2026-05-30T15:28:14+00:00,44.506981,12.152806,26925,212,,False
1780154897,2026-05-30T15:28:17+00:00,44.505432,12.155344,26925,212,,False
1780154899,2026-05-30T15:28:19+00:00,44.504265,12.157482,26925,212,,False
1780154901,2026-05-30T15:28:21+00:00,44.503094,12.159959,26925,212,,False
1780154903,2026-05-30T15:28:23+00:00,44.501877,12.162783,26950,212,,False
1780154906,2026-05-30T15:28:26+00:00,44.500717,12.16587,26950,212,,False
1780154908,2026-05-30T15:28:28+00:00,44.500031,12.168619,26950,212,,False
1780154911,2026-05-30T15:28:31+00:00,44.499283,12.171998,26950,212,,False
1780154913,2026-05-30T15:28:33+00:00,44.498596,12.175152,26950,212,,False
1780154915,2026-05-30T15:28:35+00:00,44.498268,12.177861,26950,212,,False
1780154917,2026-05-30T15:28:37+00:00,44.49802,12.181076,26950,210,,False
1780154919,2026-05-30T15:28:39+00:00,44.497993,12.183505,26950,210,,False
1780154921,2026-05-30T15:28:41+00:00,44.497959,12.186604,26950,210,,False
1780154924,2026-05-30T15:28:44+00:00,44.498119,12.189427,26950,208,,False
1780154926,2026-05-30T15:28:46+00:00,44.498344,12.192276,26950,208,,False
1780154928,2026-05-30T15:28:48+00:00,44.49876,12.195207,26950,208,,False
1780154930,2026-05-30T15:28:50+00:00,44.49939,12.198198,26950,208,,False
1780154932,2026-05-30T15:28:52+00:00,44.500084,12.200992,26950,206,,False
1780154934,2026-05-30T15:28:54+00:00,44.500835,12.20353,26950,204,,False
1780154937,2026-05-30T15:28:57+00:00,44.501881,12.206522,26950,204,,False
1780154939,2026-05-30T15:28:59+00:00,44.503017,12.209128,26950,202,,False
1780154941,2026-05-30T15:29:01+00:00,44.504044,12.211075,26950,202,,False
1780154943,2026-05-30T15:29:03+00:00,44.505219,12.213254,26950,200,,False
1780154945,2026-05-30T15:29:05+00:00,44.506596,12.215499,26950,200,,False
1780154948,2026-05-30T15:29:08+00:00,44.508236,12.217805,26950,198,,False
1780154950,2026-05-30T15:29:10+00:00,44.509876,12.219524,26950,196,,False
1780154953,2026-05-30T15:29:13+00:00,44.511623,12.221264,26950,196,,False
1780154955,2026-05-30T15:29:15+00:00,44.5135,12.222954,26950,194,,False
1780154957,2026-05-30T15:29:17+00:00,44.515381,12.224296,26950,194,,False
1780154960,2026-05-30T15:29:20+00:00,44.517036,12.225164,26950,192,,False
1780154962,2026-05-30T15:29:22+00:00,44.519363,12.226314,26950,192,,False
1780154964,2026-05-30T15:29:24+00:00,44.52092,12.226852,26950,190,,False
1780154967,2026-05-30T15:29:27+00:00,44.522663,12.227265,26950,190,,False
1780154969,2026-05-30T15:29:29+00:00,44.525055,12.227604,26950,188,,False
1780154971,2026-05-30T15:29:31+00:00,44.526794,12.227894,26950,186,,False
1780154973,2026-05-30T15:29:33+00:00,44.528687,12.227654,26950,186,,False
1780154975,2026-05-30T15:29:35+00:00,44.530403,12.22732,26950,186,,False
1780154977,2026-05-30T15:29:37+00:00,44.532467,12.226743,26950,184,,False
1780154980,2026-05-30T15:29:40+00:00,44.534313,12.226062,26950,182,,False
1780154982,2026-05-30T15:29:42+00:00,44.535858,12.225279,26950,182,,False
1780154984,2026-05-30T15:29:44+00:00,44.537769,12.224169,26950,182,,False
1780154986,2026-05-30T15:29:46+00:00,44.539276,12.223084,26950,182,,False
1780154988,2026-05-30T15:29:48+00:00,44.540882,12.221637,26950,180,,False
1780154990,2026-05-30T15:29:50+00:00,44.542252,12.220132,26950,180,,False
1780154993,2026-05-30T15:29:53+00:00,44.543701,12.218449,26950,180,,False
1780154995,2026-05-30T15:29:55+00:00,44.544903,12.216702,26950,180,,False
1780154997,2026-05-30T15:29:57+00:00,44.546017,12.21481,26950,180,,False
1780154999,2026-05-30T15:29:59+00:00,44.547272,12.212369,26950,180,,False
1780155002,2026-05-30T15:30:02+00:00,44.548244,12.210318,26950,180,,False
1780155004,2026-05-30T15:30:04+00:00,44.549137,12.207854,26950,180,,False
1780155006,2026-05-30T15:30:06+00:00,44.549717,12.205578,26950,180,,False
1780155008,2026-05-30T15:30:08+00:00,44.550285,12.203443,26950,180,,False
1780155010,2026-05-30T15:30:10+00:00,44.550713,12.200964,26950,182,,False
1780155012,2026-05-30T15:30:12+00:00,44.55109,12.198503,26950,182,,False
1780155015,2026-05-30T15:30:15+00:00,44.551281,12.195813,26950,182,,False
1780155017,2026-05-30T15:30:17+00:00,44.551304,12.193212,26950,182,,False
1780155019,2026-05-30T15:30:19+00:00,44.551224,12.190454,26950,182,,False
1780155021,2026-05-30T15:30:21+00:00,44.551105,12.187944,26950,182,,False
1780155023,2026-05-30T15:30:23+00:00,44.550701,12.185493,26950,182,,False
1780155026,2026-05-30T15:30:26+00:00,44.550262,12.183041,26950,185,,False
1780155028,2026-05-30T15:30:28+00:00,44.549603,12.18047,26950,187,,False
1780155030,2026-05-30T15:30:30+00:00,44.548801,12.177679,26950,192,,False
1780155032,2026-05-30T15:30:32+00:00,44.547981,12.175576,26950,194,,False
1780155034,2026-05-30T15:30:34+00:00,44.54689,12.173162,26950,194,,False
1780155037,2026-05-30T15:30:37+00:00,44.545864,12.171178,26950,187,,False
1780155039,2026-05-30T15:30:39+00:00,44.544544,12.168944,26950,189,,False
1780155041,2026-05-30T15:30:41+00:00,44.543053,12.166704,26950,195,,False
1780155043,2026-05-30T15:30:43+00:00,44.541718,12.165042,26950,191,,False
1780155045,2026-05-30T15:30:45+00:00,44.539845,12.162957,26950,196,,False
1780155047,2026-05-30T15:30:47+00:00,44.53862,12.161867,26950,199,,False
1780155050,2026-05-30T15:30:50+00:00,44.536762,12.160247,26950,201,,False
1780155052,2026-05-30T15:30:52+00:00,44.535046,12.158998,26975,197,,False
1780155054,2026-05-30T15:30:54+00:00,44.533375,12.157732,26975,196,,False
1780155056,2026-05-30T15:30:56+00:00,44.531738,12.156405,26950,197,,False
1780155058,2026-05-30T15:30:58+00:00,44.53009,12.155062,26950,200,,False
1780155060,2026-05-30T15:31:00+00:00,44.528301,12.15376,26950,200,,False
1780155062,2026-05-30T15:31:02+00:00,44.526451,12.152261,26925,202,,False
1780155065,2026-05-30T15:31:05+00:00,44.524593,12.150826,26925,202,,False
1780155067,2026-05-30T15:31:07+00:00,44.522541,12.149129,26925,204,,False
1780155069,2026-05-30T15:31:09+00:00,44.520985,12.147888,26925,204,,False
1780155071,2026-05-30T15:31:11+00:00,44.519241,12.146441,26925,201,,False
1780155073,2026-05-30T15:31:13+00:00,44.517521,12.145129,26925,202,,False
1780155076,2026-05-30T15:31:16+00:00,44.515675,12.143775,26925,203,,False
1780155078,2026-05-30T15:31:18+00:00,44.513622,12.142278,26900,204,,False
1780155080,2026-05-30T15:31:20+00:00,44.511723,12.14121,26925,199,,False
1780155082,2026-05-30T15:31:22+00:00,44.509762,12.14033,26925,205,,False
1780155084,2026-05-30T15:31:24+00:00,44.50795,12.139702,26950,202,,False
1780155087,2026-05-30T15:31:27+00:00,44.505825,12.139164,26950,204,,False
1780155089,2026-05-30T15:31:29+00:00,44.503574,12.13879,26950,206,,False
1780155091,2026-05-30T15:31:31+00:00,44.501396,12.138725,26950,207,,False
1780155093,2026-05-30T15:31:33+00:00,44.499653,12.138824,26950,210,,False
1780155095,2026-05-30T15:31:35+00:00,44.497269,12.13895,26950,210,,False
1780155098,2026-05-30T15:31:38+00:00,44.495033,12.139401,26950,210,,False
1780155100,2026-05-30T15:31:40+00:00,44.492878,12.140052,26950,212,,False
1780155102,2026-05-30T15:31:42+00:00,44.490856,12.140924,26950,212,,False
1780155104,2026-05-30T15:31:44+00:00,44.488678,12.142003,26950,212,,False
1780155107,2026-05-30T15:31:47+00:00,44.486732,12.143067,26950,212,,False
1780155109,2026-05-30T15:31:49+00:00,44.484718,12.144271,26950,214,,False
1780155111,2026-05-30T15:31:51+00:00,44.482918,12.145879,26950,214,,False
1780155113,2026-05-30T15:31:53+00:00,44.481079,12.147662,26950,214,,False
1780155115,2026-05-30T15:31:55+00:00,44.479397,12.149282,26950,214,,False
1780155118,2026-05-30T15:31:58+00:00,44.477566,12.151446,26950,216,,False
1780155120,2026-05-30T15:32:00+00:00,44.47583,12.15368,26950,216,,False
1780155122,2026-05-30T15:32:02+00:00,44.474369,12.155965,26950,216,,False
1780155124,2026-05-30T15:32:04+00:00,44.473095,12.158174,26950,216,,False
1780155127,2026-05-30T15:32:07+00:00,44.471825,12.160848,26950,216,,False
1780155129,2026-05-30T15:32:09+00:00,44.470371,12.16405,26950,216,,False
1780155132,2026-05-30T15:32:12+00:00,44.469254,12.166845,26950,216,,False
1780155134,2026-05-30T15:32:14+00:00,44.468372,12.16955,26950,214,,False
1780155136,2026-05-30T15:32:16+00:00,44.467514,12.172825,26950,214,,False
1780155139,2026-05-30T15:32:19+00:00,44.466846,12.176228,26950,214,,False
1780155141,2026-05-30T15:32:21+00:00,44.466396,12.178923,26950,214,,False
1780155143,2026-05-30T15:32:23+00:00,44.466045,12.181874,26950,214,,False
1780155145,2026-05-30T15:32:25+00:00,44.465885,12.184806,26950,212,,False
1780155147,2026-05-30T15:32:27+00:00,44.465744,12.187845,26950,212,,False
1780155150,2026-05-30T15:32:30+00:00,44.465813,12.190716,26950,212,,False
1780155152,2026-05-30T15:32:32+00:00,44.465984,12.193984,26950,212,,False
1780155154,2026-05-30T15:32:34+00:00,44.466255,12.197691,26950,210,,False
1780155156,2026-05-30T15:32:36+00:00,44.466724,12.199876,26950,210,,False
1780155158,2026-05-30T15:32:38+00:00,44.467289,12.20251,26950,208,,False
1780155160,2026-05-30T15:32:40+00:00,44.467911,12.205071,26950,208,,False
1780155163,2026-05-30T15:32:43+00:00,44.468803,12.208145,26950,206,,False
1780155165,2026-05-30T15:32:45+00:00,44.469814,12.211059,26950,206,,False
1780155167,2026-05-30T15:32:47+00:00,44.47089,12.213546,26950,206,,False
1780155170,2026-05-30T15:32:50+00:00,44.472088,12.216267,26950,204,,False
1780155172,2026-05-30T15:32:52+00:00,44.473301,12.218238,26950,204,,False
1780155174,2026-05-30T15:32:54+00:00,44.47472,12.220467,26950,202,,False
1780155176,2026-05-30T15:32:56+00:00,44.476097,12.222479,26950,200,,False
1780155179,2026-05-30T15:32:59+00:00,44.477642,12.224355,26950,200,,False
1780155181,2026-05-30T15:33:01+00:00,44.479328,12.2262,26950,196,,False
1780155183,2026-05-30T15:33:03+00:00,44.480991,12.227681,26950,196,,False
1780155185,2026-05-30T15:33:05+00:00,44.482544,12.228984,26950,194,,False
1780155187,2026-05-30T15:33:07+00:00,44.484383,12.230327,26950,194,,False
1780155190,2026-05-30T15:33:10+00:00,44.486298,12.231306,26950,192,,False
1780155192,2026-05-30T15:33:12+00:00,44.48806,12.232062,26950,190,,False
1780155194,2026-05-30T15:33:14+00:00,44.490299,12.232928,26950,190,,False
1780155196,2026-05-30T15:33:16+00:00,44.492107,12.233269,26950,188,,False
1780155199,2026-05-30T15:33:19+00:00,44.494091,12.233769,26950,188,,False
1780155201,2026-05-30T15:33:21+00:00,44.495941,12.233685,26950,186,,False
1780155203,2026-05-30T15:33:23+00:00,44.498081,12.233604,26950,186,,False
1780155205,2026-05-30T15:33:25+00:00,44.499805,12.233338,26950,186,,False
1780155207,2026-05-30T15:33:27+00:00,44.501747,12.232718,26950,186,,False
1780155209,2026-05-30T15:33:29+00:00,44.503265,12.232167,26950,182,,False
1780155211,2026-05-30T15:33:31+00:00,44.50473,12.231527,26950,182,,False
1780155213,2026-05-30T15:33:33+00:00,44.506439,12.230632,26950,182,,False
1780155216,2026-05-30T15:33:36+00:00,44.508121,12.229572,26950,180,,False
1780155218,2026-05-30T15:33:38+00:00,44.509796,12.228116,26950,180,,False
1780155220,2026-05-30T15:33:40+00:00,44.511421,12.226474,26950,180,,False
1780155222,2026-05-30T15:33:42+00:00,44.512871,12.224789,26950,180,,False
1780155224,2026-05-30T15:33:44+00:00,44.51408,12.223256,26950,180,,False
1780155226,2026-05-30T15:33:46+00:00,44.515087,12.221798,26950,180,,False
1780155229,2026-05-30T15:33:49+00:00,44.516251,12.219812,26950,178,,False
1780155231,2026-05-30T15:33:51+00:00,44.517311,12.217675,26950,178,,False
1780155234,2026-05-30T15:33:54+00:00,44.518356,12.215068,26950,178,,False
1780155236,2026-05-30T15:33:56+00:00,44.519356,12.212198,26950,178,,False
1780155238,2026-05-30T15:33:58+00:00,44.519859,12.210173,26950,178,,False
1780155240,2026-05-30T15:34:00+00:00,44.520359,12.20792,26950,180,,False
1780155242,2026-05-30T15:34:02+00:00,44.520779,12.20545,26950,180,,False
1780155244,2026-05-30T15:34:04+00:00,44.521046,12.203137,26950,180,,False
1780155246,2026-05-30T15:34:06+00:00,44.52121,12.200737,26950,180,,False
1780155249,2026-05-30T15:34:09+00:00,44.521263,12.197812,26950,180,,False
1780155251,2026-05-30T15:34:11+00:00,44.521149,12.195449,26950,180,,False
1780155253,2026-05-30T15:34:13+00:00,44.520958,12.19256,26950,180,,False
1780155255,2026-05-30T15:34:15+00:00,44.520576,12.19002,26950,182,,False
1780155257,2026-05-30T15:34:17+00:00,44.520073,12.187796,26950,182,,False
1780155259,2026-05-30T15:34:19+00:00,44.519451,12.185362,26950,184,,False
1780155262,2026-05-30T15:34:22+00:00,44.518814,12.183155,26950,187,,False
1780155264,2026-05-30T15:34:24+00:00,44.517895,12.180755,26950,189,,False
1780155266,2026-05-30T15:34:26+00:00,44.516899,12.178571,26950,186,,False
1780155268,2026-05-30T15:34:28+00:00,44.515938,12.176532,26950,189,,False
1780155270,2026-05-30T15:34:30+00:00,44.514778,12.174416,26950,189,,False
1780155272,2026-05-30T15:34:32+00:00,44.513493,12.172389,26950,191,,False
1780155274,2026-05-30T15:34:34+00:00,44.512131,12.170643,26950,187,,False
1780155277,2026-05-30T15:34:37+00:00,44.510666,12.168946,26950,195,,False
1780155279,2026-05-30T15:34:39+00:00,44.50901,12.167256,26950,194,,False
1780155281,2026-05-30T15:34:41+00:00,44.506832,12.165298,26950,194,,False
1780155283,2026-05-30T15:34:43+00:00,44.505814,12.164627,26950,194,,False
1780155285,2026-05-30T15:34:45+00:00,44.503937,12.163481,26950,198,,False
1780155288,2026-05-30T15:34:48+00:00,44.50177,12.162099,26950,198,,False
1780155290,2026-05-30T15:34:50+00:00,44.499989,12.161322,26950,200,,False
1780155292,2026-05-30T15:34:52+00:00,44.497993,12.160716,26950,200,,False
1780155294,2026-05-30T15:34:54+00:00,44.495892,12.160201,26950,203,,False
1780155296,2026-05-30T15:34:56+00:00,44.493767,12.159902,26950,206,,False
1780155298,2026-05-30T15:34:58+00:00,44.49181,12.159809,26950,204,,False
1780155301,2026-05-30T15:35:01+00:00,44.489819,12.159987,26950,205,,False
1780155303,2026-05-30T15:35:03+00:00,44.487564,12.160277,26950,209,,False
1780155305,2026-05-30T15:35:05+00:00,44.485558,12.160726,26950,207,,False
1780155307,2026-05-30T15:35:07+00:00,44.483337,12.161374,26950,210,,False
1780155309,2026-05-30T15:35:09+00:00,44.481377,12.162251,26950,210,,False
1780155312,2026-05-30T15:35:12+00:00,44.479477,12.163039,26950,212,,False
1780155314,2026-05-30T15:35:14+00:00,44.476955,12.164554,26950,212,,False
1780155316,2026-05-30T15:35:16+00:00,44.475677,12.165537,26950,212,,False
1780155318,2026-05-30T15:35:18+00:00,44.47377,12.167109,26950,212,,False
1780155320,2026-05-30T15:35:20+00:00,44.472195,12.168494,26950,212,,False
1780155322,2026-05-30T15:35:22+00:00,44.470303,12.17036,26950,212,,False
1780155324,2026-05-30T15:35:24+00:00,44.468735,12.172165,26950,214,,False
1780155326,2026-05-30T15:35:26+00:00,44.46703,12.174583,26950,214,,False
1780155329,2026-05-30T15:35:29+00:00,44.465752,12.176429,26925,214,,False
1780155331,2026-05-30T15:35:31+00:00,44.464306,12.178908,26925,214,,False
1780155333,2026-05-30T15:35:33+00:00,44.463203,12.180942,26925,214,,False
1780155335,2026-05-30T15:35:35+00:00,44.462101,12.183324,26925,214,,False
1780155337,2026-05-30T15:35:37+00:00,44.461079,12.185815,26950,214,,False
1780155339,2026-05-30T15:35:39+00:00,44.460091,12.188488,26925,214,,False
1780155341,2026-05-30T15:35:41+00:00,44.459255,12.191273,26925,214,,False
1780155343,2026-05-30T15:35:43+00:00,44.458611,12.194002,26925,214,,False
1780155346,2026-05-30T15:35:46+00:00,44.458042,12.19725,26925,212,,False
1780155348,2026-05-30T15:35:48+00:00,44.457699,12.199935,26925,212,,False
1780155350,2026-05-30T15:35:50+00:00,44.457462,12.202661,26925,212,,False
1780155352,2026-05-30T15:35:52+00:00,44.457355,12.205626,26950,210,,False
1780155354,2026-05-30T15:35:54+00:00,44.457394,12.208647,26950,210,,False
1780155356,2026-05-30T15:35:56+00:00,44.457554,12.211637,26950,208,,False
1780155359,2026-05-30T15:35:59+00:00,44.457905,12.214571,26950,208,,False
1780155361,2026-05-30T15:36:01+00:00,44.458332,12.217252,26950,206,,False
1780155363,2026-05-30T15:36:03+00:00,44.459019,12.220339,26950,206,,False
1780155365,2026-05-30T15:36:05+00:00,44.459839,12.222985,26950,204,,False
1780155367,2026-05-30T15:36:07+00:00,44.460705,12.225525,26950,204,,False
1780155369,2026-05-30T15:36:09+00:00,44.461639,12.227888,26925,202,,False
1780155371,2026-05-30T15:36:11+00:00,44.462719,12.230245,26925,200,,False
1780155374,2026-05-30T15:36:14+00:00,44.464069,12.23282,26950,200,,False
1780155376,2026-05-30T15:36:16+00:00,44.46526,12.234423,26950,198,,False
1780155378,2026-05-30T15:36:18+00:00,44.466679,12.236456,26950,198,,False
1780155380,2026-05-30T15:36:20+00:00,44.468281,12.238292,26950,194,,False
1780155382,2026-05-30T15:36:22+00:00,44.46978,12.239826,26950,194,,False
1780155385,2026-05-30T15:36:25+00:00,44.471466,12.241268,26950,192,,False
1780155387,2026-05-30T15:36:27+00:00,44.473324,12.242574,26950,192,,False
1780155389,2026-05-30T15:36:29+00:00,44.475304,12.243713,26950,188,,False
1780155392,2026-05-30T15:36:32+00:00,44.477215,12.244473,26950,186,,False
1780155394,2026-05-30T15:36:34+00:00,44.479069,12.245087,26950,186,,False
1780155396,2026-05-30T15:36:36+00:00,44.480579,12.245358,26950,184,,False
1780155398,2026-05-30T15:36:38+00:00,44.482727,12.245547,26950,184,,False
1780155400,2026-05-30T15:36:40+00:00,44.484501,12.245504,26950,182,,False
1780155403,2026-05-30T15:36:43+00:00,44.486744,12.245282,26950,182,,False
1780155405,2026-05-30T15:36:45+00:00,44.488297,12.244849,26950,178,,False
1780155407,2026-05-30T15:36:47+00:00,44.489975,12.244117,26950,178,,False
1780155409,2026-05-30T15:36:49+00:00,44.49173,12.24334,26950,178,,False
1780155411,2026-05-30T15:36:51+00:00,44.493183,12.242494,26950,176,,False
1780155414,2026-05-30T15:36:54+00:00,44.494812,12.241204,26950,176,,False
1780155416,2026-05-30T15:36:56+00:00,44.49625,12.239692,26950,176,,False
1780155418,2026-05-30T15:36:58+00:00,44.497757,12.238151,26950,176,,False
1780155420,2026-05-30T15:37:00+00:00,44.499073,12.236498,26950,174,,False
1780155423,2026-05-30T15:37:03+00:00,44.500202,12.234639,26950,174,,False
1780155425,2026-05-30T15:37:05+00:00,44.501457,12.232444,26950,174,,False
1780155427,2026-05-30T15:37:07+00:00,44.502411,12.230361,26950,174,,False
1780155429,2026-05-30T15:37:09+00:00,44.503094,12.228391,26950,174,,False
1780155431,2026-05-30T15:37:11+00:00,44.503731,12.226109,26950,174,,False
1780155433,2026-05-30T15:37:13+00:00,44.504303,12.223679,26950,176,,False
1780155435,2026-05-30T15:37:15+00:00,44.504631,12.221434,26950,176,,False
1780155437,2026-05-30T15:37:17+00:00,44.504871,12.219156,26950,176,,False
1780155439,2026-05-30T15:37:19+00:00,44.505013,12.216861,26950,176,,False
1780155442,2026-05-30T15:37:22+00:00,44.505051,12.213895,26950,176,,False
1780155444,2026-05-30T15:37:24+00:00,44.504868,12.211856,26950,176,,False
1780155446,2026-05-30T15:37:26+00:00,44.504646,12.209658,26950,176,,False
1780155448,2026-05-30T15:37:28+00:00,44.504215,12.207058,26950,176,,False
1780155450,2026-05-30T15:37:30+00:00,44.50359,12.204627,26950,182,,False
1780155452,2026-05-30T15:37:32+00:00,44.502853,12.202328,26950,188,,False
1780155455,2026-05-30T15:37:35+00:00,44.501896,12.199737,26950,188,,False
1780155457,2026-05-30T15:37:37+00:00,44.500759,12.197234,26950,181,,False
1780155459,2026-05-30T15:37:39+00:00,44.499645,12.195285,26950,183,,False
1780155461,2026-05-30T15:37:41+00:00,44.49844,12.193363,26950,192,,False
1780155463,2026-05-30T15:37:43+00:00,44.497215,12.191617,26950,189,,False
1780155465,2026-05-30T15:37:45+00:00,44.495811,12.189981,26950,190,,False
1780155468,2026-05-30T15:37:48+00:00,44.494251,12.188403,26950,189,,False
1780155470,2026-05-30T15:37:50+00:00,44.492664,12.187018,26950,188,,False
1780155472,2026-05-30T15:37:52+00:00,44.490883,12.185803,26950,192,,False
1780155474,2026-05-30T15:37:54+00:00,44.488773,12.184483,26950,197,,False
1780155477,2026-05-30T15:37:57+00:00,44.487103,12.183784,26950,196,,False
1780155479,2026-05-30T15:37:59+00:00,44.485161,12.183064,26950,193,,False
1780155481,2026-05-30T15:38:01+00:00,44.482719,12.182507,26950,197,,False
1780155483,2026-05-30T15:38:03+00:00,44.480827,12.182255,26950,203,,False
1780155485,2026-05-30T15:38:05+00:00,44.478874,12.182233,26950,204,,False
1780155487,2026-05-30T15:38:07+00:00,44.476925,12.182306,26950,204,,False
1780155490,2026-05-30T15:38:10+00:00,44.474636,12.182775,26950,204,,False
1780155492,2026-05-30T15:38:12+00:00,44.472389,12.183455,26950,206,,False
1780155494,2026-05-30T15:38:14+00:00,44.470631,12.184155,26950,206,,False
1780155497,2026-05-30T15:38:17+00:00,44.468437,12.185198,26950,206,,False
1780155499,2026-05-30T15:38:19+00:00,44.466316,12.186459,26950,208,,False
1780155501,2026-05-30T15:38:21+00:00,44.464638,12.187769,26950,208,,False
1780155503,2026-05-30T15:38:23+00:00,44.462841,12.189316,26950,210,,False
1780155505,2026-05-30T15:38:25+00:00,44.46117,12.191094,26950,210,,False
1780155508,2026-05-30T15:38:28+00:00,44.459427,12.193116,26950,210,,False
1780155510,2026-05-30T15:38:30+00:00,44.457928,12.19504,26950,210,,False
1780155512,2026-05-30T15:38:32+00:00,44.456509,12.197218,26950,210,,False
1780155514,2026-05-30T15:38:34+00:00,44.455097,12.199712,26950,210,,False
1780155517,2026-05-30T15:38:37+00:00,44.453884,12.202275,26950,210,,False
1780155519,2026-05-30T15:38:39+00:00,44.452625,12.205297,26950,210,,False
1780155521,2026-05-30T15:38:41+00:00,44.451725,12.207895,26950,210,,False
1780155523,2026-05-30T15:38:43+00:00,44.451054,12.210229,26950,210,,False
1780155525,2026-05-30T15:38:45+00:00,44.450352,12.213273,26950,210,,False
1780155527,2026-05-30T15:38:47+00:00,44.449829,12.216127,26950,210,,False
1780155530,2026-05-30T15:38:50+00:00,44.449444,12.219151,26950,210,,False
1780155532,2026-05-30T15:38:52+00:00,44.449272,12.222107,26950,208,,False
1780155534,2026-05-30T15:38:54+00:00,44.449173,12.225556,26950,208,,False
1780155537,2026-05-30T15:38:57+00:00,44.449257,12.228393,26950,208,,False
1780155539,2026-05-30T15:38:59+00:00,44.449478,12.231035,26950,206,,False
1780155541,2026-05-30T15:39:01+00:00,44.449806,12.233833,26950,206,,False
1780155543,2026-05-30T15:39:03+00:00,44.45031,12.236568,26950,204,,False
1780155545,2026-05-30T15:39:05+00:00,44.450996,12.239434,26950,204,,False
1780155547,2026-05-30T15:39:07+00:00,44.451702,12.241794,26950,202,,False
1780155549,2026-05-30T15:39:09+00:00,44.452629,12.244372,26950,202,,False
1780155551,2026-05-30T15:39:11+00:00,44.453625,12.246714,26950,200,,False
1780155554,2026-05-30T15:39:14+00:00,44.454834,12.249392,26950,200,,False
1780155556,2026-05-30T15:39:16+00:00,44.455879,12.250971,26950,198,,False
1780155558,2026-05-30T15:39:18+00:00,44.457199,12.25303,26925,198,,False
1780155560,2026-05-30T15:39:20+00:00,44.458908,12.255307,26925,196,,False
1780155562,2026-05-30T15:39:22+00:00,44.460369,12.256883,26925,192,,False
1780155565,2026-05-30T15:39:25+00:00,44.462021,12.258534,26925,192,,False
1780155567,2026-05-30T15:39:27+00:00,44.464027,12.260097,26925,190,,False
1780155569,2026-05-30T15:39:29+00:00,44.465569,12.261136,26950,190,,False
1780155571,2026-05-30T15:39:31+00:00,44.467281,12.261995,26950,190,,False
1780155573,2026-05-30T15:39:33+00:00,44.469173,12.262772,26950,190,,False
1780155576,2026-05-30T15:39:36+00:00,44.470779,12.263269,26950,184,,False
1780155578,2026-05-30T15:39:38+00:00,44.473316,12.263695,26950,184,,False
1780155580,2026-05-30T15:39:40+00:00,44.474865,12.263863,26950,182,,False
1780155582,2026-05-30T15:39:42+00:00,44.476475,12.263691,26925,182,,False
1780155584,2026-05-30T15:39:44+00:00,44.478119,12.263489,26950,180,,False
1780155586,2026-05-30T15:39:46+00:00,44.479805,12.263088,26950,180,,False
1780155588,2026-05-30T15:39:48+00:00,44.481384,12.262461,26950,178,,False
1780155590,2026-05-30T15:39:50+00:00,44.483192,12.261563,26950,178,,False
1780155592,2026-05-30T15:39:52+00:00,44.484516,12.260836,26950,176,,False
1780155594,2026-05-30T15:39:54+00:00,44.485943,12.259686,26950,176,,False
1780155596,2026-05-30T15:39:56+00:00,44.487347,12.258521,26950,176,,False
1780155599,2026-05-30T15:39:59+00:00,44.488796,12.257098,26950,174,,False
1780155601,2026-05-30T15:40:01+00:00,44.490292,12.255271,26950,174,,False
1780155603,2026-05-30T15:40:03+00:00,44.491467,12.253539,26950,174,,False
1780155605,2026-05-30T15:40:05+00:00,44.492561,12.251595,26950,174,,False
1780155607,2026-05-30T15:40:07+00:00,44.493492,12.249791,26950,174,,False
1780155610,2026-05-30T15:40:10+00:00,44.494408,12.247493,26950,174,,False
1780155612,2026-05-30T15:40:12+00:00,44.495087,12.245264,26950,174,,False
1780155614,2026-05-30T15:40:14+00:00,44.495686,12.242924,26950,174,,False
1780155616,2026-05-30T15:40:16+00:00,44.496151,12.240302,26950,176,,False
1780155618,2026-05-30T15:40:18+00:00,44.49646,12.238324,26950,176,,False
1780155620,2026-05-30T15:40:20+00:00,44.496666,12.235586,26950,176,,False
1780155623,2026-05-30T15:40:23+00:00,44.496639,12.233035,26950,176,,False
1780155625,2026-05-30T15:40:25+00:00,44.496517,12.230423,26950,176,,False
1780155627,2026-05-30T15:40:27+00:00,44.496342,12.228143,26950,176,,False
1780155630,2026-05-30T15:40:30+00:00,44.495804,12.224989,26950,176,,False
1780155632,2026-05-30T15:40:32+00:00,44.49527,12.222745,26975,176,,False
1780155634,2026-05-30T15:40:34+00:00,44.494789,12.220094,26975,179,,False
1780155636,2026-05-30T15:40:36+00:00,44.494354,12.217661,26950,186,,False
1780155638,2026-05-30T15:40:38+00:00,44.493984,12.215424,26950,180,,False
1780155640,2026-05-30T15:40:40+00:00,44.493584,12.213152,26950,180,,False
1780155642,2026-05-30T15:40:42+00:00,44.493172,12.21088,26950,180,,False
1780155644,2026-05-30T15:40:44+00:00,44.492783,12.208505,26950,183,,False
1780155646,2026-05-30T15:40:46+00:00,44.492382,12.206085,26925,184,,False
1780155649,2026-05-30T15:40:49+00:00,44.491985,12.203625,26925,185,,False
1780155651,2026-05-30T15:40:51+00:00,44.491592,12.201237,26925,173,,False
1780155653,2026-05-30T15:40:53+00:00,44.491119,12.19876,26925,184,,False
1780155655,2026-05-30T15:40:55+00:00,44.490726,12.196362,26925,181,,False
1780155657,2026-05-30T15:40:57+00:00,44.490234,12.193455,26925,181,,False
1780155660,2026-05-30T15:41:00+00:00,44.489853,12.191175,26925,179,,False
1780155676,2026-05-30T15:41:16+00:00,44.486504,12.172198,26925,188,,False
1780155678,2026-05-30T15:41:18+00:00,44.486149,12.170167,26925,178,,False
1780155680,2026-05-30T15:41:20+00:00,44.485622,12.167185,26925,187,,False
1780155696,2026-05-30T15:41:36+00:00,44.482494,12.149438,26925,181,,False
1780155698,2026-05-30T15:41:38+00:00,44.481983,12.146569,26925,184,,False
1780155705,2026-05-30T15:41:45+00:00,44.480309,12.138514,26925,183,,False
1780155707,2026-05-30T15:41:47+00:00,44.47945,12.136325,26925,194,,False
1780155709,2026-05-30T15:41:49+00:00,44.478325,12.133739,26950,187,,False
1780155711,2026-05-30T15:41:51+00:00,44.477406,12.132195,26950,188,,False
1780155714,2026-05-30T15:41:54+00:00,44.476151,12.130024,26950,189,,False
1780155716,2026-05-30T15:41:56+00:00,44.474796,12.12816,26950,187,,False
1780155718,2026-05-30T15:41:58+00:00,44.4734,12.126405,26950,193,,False
1780155720,2026-05-30T15:42:00+00:00,44.471836,12.124859,26950,192,,False
1780155722,2026-05-30T15:42:02+00:00,44.470272,12.123547,26950,194,,False
1780155724,2026-05-30T15:42:04+00:00,44.468468,12.122252,26975,199,,False
1780155726,2026-05-30T15:42:06+00:00,44.466831,12.121297,26975,195,,False
1780155728,2026-05-30T15:42:08+00:00,44.464935,12.120317,26975,196,,False
1780155731,2026-05-30T15:42:11+00:00,44.462944,12.119598,26975,198,,False
1780155733,2026-05-30T15:42:13+00:00,44.460976,12.119188,26975,195,,False
1780155735,2026-05-30T15:42:15+00:00,44.45882,12.118816,26975,207,,False
1780155737,2026-05-30T15:42:17+00:00,44.456779,12.118784,26975,203,,False
1780155740,2026-05-30T15:42:20+00:00,44.454605,12.118973,26975,202,,False
1780155742,2026-05-30T15:42:22+00:00,44.452019,12.119482,26975,206,,False
1780155744,2026-05-30T15:42:24+00:00,44.450436,12.119981,26950,206,,False
1780155746,2026-05-30T15:42:26+00:00,44.448219,12.120872,26950,208,,False
1780155748,2026-05-30T15:42:28+00:00,44.446598,12.121686,26975,208,,False
1780155750,2026-05-30T15:42:30+00:00,44.444637,12.122977,26975,208,,False
1780155752,2026-05-30T15:42:32+00:00,44.442886,12.12432,26950,208,,False
1780155755,2026-05-30T15:42:35+00:00,44.440842,12.126054,26950,210,,False
1780155757,2026-05-30T15:42:37+00:00,44.439308,12.12773,26950,210,,False
1780155759,2026-05-30T15:42:39+00:00,44.437767,12.129458,26950,210,,False
1780155761,2026-05-30T15:42:41+00:00,44.43605,12.131807,26950,212,,False
1780155763,2026-05-30T15:42:43+00:00,44.434837,12.133842,26950,212,,False
1780155765,2026-05-30T15:42:45+00:00,44.433571,12.136018,26950,212,,False
1780155767,2026-05-30T15:42:47+00:00,44.432495,12.138302,26950,212,,False
1780155770,2026-05-30T15:42:50+00:00,44.431515,12.14091,26950,212,,False
1780155772,2026-05-30T15:42:52+00:00,44.430607,12.143453,26950,212,,False
1780155774,2026-05-30T15:42:54+00:00,44.429745,12.146351,26950,212,,False
1780155776,2026-05-30T15:42:56+00:00,44.429146,12.149014,26950,212,,False
1780155778,2026-05-30T15:42:58+00:00,44.428646,12.152542,26950,210,,False
1780155781,2026-05-30T15:43:01+00:00,44.428276,12.15569,26950,210,,False
1780155783,2026-05-30T15:43:03+00:00,44.428139,12.158159,26950,210,,False
1780155785,2026-05-30T15:43:05+00:00,44.42815,12.161269,26950,208,,False
1780155787,2026-05-30T15:43:07+00:00,44.428333,12.164124,26950,208,,False
1780155789,2026-05-30T15:43:09+00:00,44.428574,12.16715,26950,206,,False
1780155792,2026-05-30T15:43:12+00:00,44.428974,12.169629,26950,206,,False
1780155794,2026-05-30T15:43:14+00:00,44.42979,12.173717,26950,204,,False
1780155796,2026-05-30T15:43:16+00:00,44.430496,12.175886,26950,204,,False
1780155798,2026-05-30T15:43:18+00:00,44.43132,12.178361,26950,202,,False
1780155801,2026-05-30T15:43:21+00:00,44.432331,12.180848,26950,202,,False
1780155803,2026-05-30T15:43:23+00:00,44.433609,12.183334,26950,200,,False
1780155805,2026-05-30T15:43:25+00:00,44.434921,12.185519,26950,198,,False
1780155807,2026-05-30T15:43:27+00:00,44.436184,12.187687,26950,196,,False
1780155810,2026-05-30T15:43:30+00:00,44.437828,12.189536,26950,194,,False
1780155812,2026-05-30T15:43:32+00:00,44.439312,12.191009,26950,194,,False
1780155814,2026-05-30T15:43:34+00:00,44.441204,12.192742,26950,194,,False
1780155816,2026-05-30T15:43:36+00:00,44.442711,12.193892,26950,190,,False
1780155818,2026-05-30T15:43:38+00:00,44.44442,12.194943,26950,190,,False
1780155820,2026-05-30T15:43:40+00:00,44.446178,12.19591,26950,188,,False
1780155823,2026-05-30T15:43:43+00:00,44.447784,12.196432,26950,188,,False
1780155825,2026-05-30T15:43:45+00:00,44.449787,12.196919,26950,186,,False
1780155827,2026-05-30T15:43:47+00:00,44.451874,12.197256,26950,184,,False
1780155829,2026-05-30T15:43:49+00:00,44.453812,12.197332,26950,184,,False
1780155832,2026-05-30T15:43:52+00:00,44.455425,12.19714,26950,182,,False
1780155834,2026-05-30T15:43:54+00:00,44.45731,12.196707,26950,182,,False
1780155836,2026-05-30T15:43:56+00:00,44.458984,12.196055,26950,180,,False
1780155838,2026-05-30T15:43:58+00:00,44.461128,12.195299,26950,180,,False
1780155840,2026-05-30T15:44:00+00:00,44.462559,12.194307,26950,180,,False
1780155842,2026-05-30T15:44:02+00:00,44.464024,12.193236,26950,178,,False
1780155845,2026-05-30T15:44:05+00:00,44.465599,12.191776,26950,178,,False
1780155847,2026-05-30T15:44:07+00:00,44.466904,12.190403,26950,178,,False
1780155849,2026-05-30T15:44:09+00:00,44.468456,12.188531,26950,178,,False
1780155851,2026-05-30T15:44:11+00:00,44.469513,12.186873,26950,178,,False
1780155853,2026-05-30T15:44:13+00:00,44.470833,12.18472,26950,178,,False
1780155856,2026-05-30T15:44:16+00:00,44.471725,12.182657,26950,178,,False
1780155858,2026-05-30T15:44:18+00:00,44.472546,12.180407,26950,178,,False
1780155860,2026-05-30T15:44:20+00:00,44.473125,12.178101,26950,178,,False
1780155862,2026-05-30T15:44:22+00:00,44.473797,12.175525,26950,178,,False
1780155864,2026-05-30T15:44:24+00:00,44.474186,12.173245,26925,180,,False
1780155866,2026-05-30T15:44:26+00:00,44.474407,12.170928,26950,180,,False
1780155868,2026-05-30T15:44:28+00:00,44.474545,12.168434,26950,180,,False
1780155870,2026-05-30T15:44:30+00:00,44.474533,12.166021,26925,180,,False
1780155873,2026-05-30T15:44:33+00:00,44.474354,12.163634,26925,180,,False
1780155875,2026-05-30T15:44:35+00:00,44.474094,12.161229,26925,180,,False
1780155877,2026-05-30T15:44:37+00:00,44.473656,12.158682,26950,180,,False
1780155879,2026-05-30T15:44:39+00:00,44.472904,12.155934,26950,180,,False
1780155881,2026-05-30T15:44:41+00:00,44.472176,12.153804,26950,183,,False
1780155884,2026-05-30T15:44:44+00:00,44.471169,12.15119,26950,193,,False
1780155886,2026-05-30T15:44:46+00:00,44.470177,12.149104,26950,187,,False
1780155888,2026-05-30T15:44:48+00:00,44.469048,12.14694,26950,190,,False
1780155890,2026-05-30T15:44:50+00:00,44.467903,12.145125,26950,186,,False
1780155892,2026-05-30T15:44:52+00:00,44.466465,12.143268,26950,192,,False
1780155894,2026-05-30T15:44:54+00:00,44.464886,12.141664,26950,190,,False
1780155896,2026-05-30T15:44:56+00:00,44.463326,12.140064,26950,196,,False
1780155899,2026-05-30T15:44:59+00:00,44.461632,12.138734,26950,195,,False
1780155901,2026-05-30T15:45:01+00:00,44.459789,12.137516,26950,197,,False
1780155903,2026-05-30T15:45:03+00:00,44.457771,12.136377,26950,200,,False
1780155905,2026-05-30T15:45:05+00:00,44.455898,12.135705,26950,200,,False
1780155907,2026-05-30T15:45:07+00:00,44.453682,12.135038,26950,200,,False
1780155909,2026-05-30T15:45:09+00:00,44.451561,12.134587,26950,200,,False
1780155912,2026-05-30T15:45:12+00:00,44.44994,12.134543,26950,201,,False
1780155914,2026-05-30T15:45:14+00:00,44.447594,12.134577,26950,206,,False
1780155916,2026-05-30T15:45:16+00:00,44.445526,12.135024,26950,206,,False
1780155919,2026-05-30T15:45:19+00:00,44.443356,12.135449,26950,206,,False
1780155921,2026-05-30T15:45:21+00:00,44.44136,12.135969,26950,208,,False
1780155923,2026-05-30T15:45:23+00:00,44.439415,12.136902,26950,208,,False
1780155925,2026-05-30T15:45:25+00:00,44.437489,12.138127,26950,208,,False
1780155927,2026-05-30T15:45:27+00:00,44.435852,12.139328,26950,208,,False
1780155929,2026-05-30T15:45:29+00:00,44.434071,12.140617,26950,210,,False
1780155931,2026-05-30T15:45:31+00:00,44.432159,12.142334,26975,210,,False
1780155933,2026-05-30T15:45:33+00:00,44.430771,12.143615,26975,210,,False
1780155935,2026-05-30T15:45:35+00:00,44.428982,12.145198,26975,210,,False
1780155937,2026-05-30T15:45:37+00:00,44.427162,12.146878,26950,210,,False
1780155940,2026-05-30T15:45:40+00:00,44.425461,12.148396,26950,210,,False
1780155942,2026-05-30T15:45:42+00:00,44.423538,12.150177,26950,210,,False
1780155944,2026-05-30T15:45:44+00:00,44.421593,12.151931,26950,212,,False
1780155946,2026-05-30T15:45:46+00:00,44.42009,12.153246,26950,212,,False
1780155948,2026-05-30T15:45:48+00:00,44.418201,12.154967,26925,212,,False
1780155950,2026-05-30T15:45:50+00:00,44.416756,12.15631,26925,212,,False
1780155952,2026-05-30T15:45:52+00:00,44.414993,12.157779,26925,212,,False
1780155955,2026-05-30T15:45:55+00:00,44.413239,12.159376,26925,212,,False
1780155957,2026-05-30T15:45:57+00:00,44.411247,12.161214,26925,212,,False
1780155959,2026-05-30T15:45:59+00:00,44.409561,12.162773,26925,212,,False
1780155961,2026-05-30T15:46:01+00:00,44.407597,12.164574,26925,212,,False
1780155964,2026-05-30T15:46:04+00:00,44.405548,12.166441,26925,212,,False
1780155966,2026-05-30T15:46:06+00:00,44.404037,12.167973,26925,214,,False
1780155968,2026-05-30T15:46:08+00:00,44.402378,12.169545,26900,214,,False
1780155970,2026-05-30T15:46:10+00:00,44.400692,12.171585,26900,214,,False
1780155972,2026-05-30T15:46:12+00:00,44.399048,12.173874,26925,214,,False
1780155974,2026-05-30T15:46:14+00:00,44.397728,12.176118,26925,214,,False
1780155976,2026-05-30T15:46:16+00:00,44.396648,12.178208,26925,212,,False
1780155978,2026-05-30T15:46:18+00:00,44.395569,12.180515,26925,212,,False
1780155980,2026-05-30T15:46:20+00:00,44.394581,12.183228,26950,212,,False
1780155983,2026-05-30T15:46:23+00:00,44.393898,12.185739,26950,212,,False
1780155985,2026-05-30T15:46:25+00:00,44.393276,12.188569,26950,210,,False
1780155987,2026-05-30T15:46:27+00:00,44.39286,12.19126,26950,210,,False
1780155989,2026-05-30T15:46:29+00:00,44.392609,12.194034,26950,208,,False
1780155991,2026-05-30T15:46:31+00:00,44.392506,12.197407,26950,208,,False
1780155994,2026-05-30T15:46:34+00:00,44.392578,12.20039,26975,206,,False
1780155996,2026-05-30T15:46:36+00:00,44.392899,12.203502,26975,204,,False
1780155998,2026-05-30T15:46:38+00:00,44.393311,12.206351,26975,204,,False
1780156000,2026-05-30T15:46:40+00:00,44.394066,12.209032,26975,202,,False
1780156003,2026-05-30T15:46:43+00:00,44.394924,12.211793,26975,202,,False
1780156005,2026-05-30T15:46:45+00:00,44.395863,12.214376,26975,198,,False
1780156007,2026-05-30T15:46:47+00:00,44.397007,12.216461,26975,198,,False
1780156009,2026-05-30T15:46:49+00:00,44.398335,12.218986,26975,194,,False
1780156011,2026-05-30T15:46:51+00:00,44.399632,12.220709,26975,194,,False
1780156013,2026-05-30T15:46:53+00:00,44.401077,12.222261,26975,192,,False
1780156015,2026-05-30T15:46:55+00:00,44.402466,12.223789,26975,190,,False
1780156018,2026-05-30T15:46:58+00:00,44.404343,12.225144,26950,190,,False
1780156020,2026-05-30T15:47:00+00:00,44.405769,12.226075,26950,186,,False
1780156022,2026-05-30T15:47:02+00:00,44.407566,12.227,26950,186,,False
1780156024,2026-05-30T15:47:04+00:00,44.409626,12.227789,26950,184,,False
1780156026,2026-05-30T15:47:06+00:00,44.411171,12.228171,26950,184,,False
1780156029,2026-05-30T15:47:09+00:00,44.413189,12.228148,26950,182,,False
1780156031,2026-05-30T15:47:11+00:00,44.41494,12.228068,26950,180,,False
1780156033,2026-05-30T15:47:13+00:00,44.416862,12.227754,26950,178,,False
1780156035,2026-05-30T15:47:15+00:00,44.418427,12.227153,26950,178,,False
1780156037,2026-05-30T15:47:17+00:00,44.420017,12.226375,26950,176,,False
1780156040,2026-05-30T15:47:20+00:00,44.422058,12.225004,26950,176,,False
1780156042,2026-05-30T15:47:22+00:00,44.423523,12.223793,26950,176,,False
1780156044,2026-05-30T15:47:24+00:00,44.424816,12.222213,26950,174,,False
1780156046,2026-05-30T15:47:26+00:00,44.426052,12.220689,26950,174,,False
1780156048,2026-05-30T15:47:28+00:00,44.427284,12.218709,26950,174,,False
1780156050,2026-05-30T15:47:30+00:00,44.428127,12.216756,26950,174,,False
1780156052,2026-05-30T15:47:32+00:00,44.429138,12.214471,26950,174,,False
1780156055,2026-05-30T15:47:35+00:00,44.42976,12.212478,26950,174,,False
1780156057,2026-05-30T15:47:37+00:00,44.430195,12.210168,26950,174,,False
1780156059,2026-05-30T15:47:39+00:00,44.430595,12.207644,26950,174,,False
1780156061,2026-05-30T15:47:41+00:00,44.430706,12.205333,26950,174,,False
1780156063,2026-05-30T15:47:43+00:00,44.430721,12.202806,26950,174,,False
1780156066,2026-05-30T15:47:46+00:00,44.430614,12.200342,26950,171,,False
1780156068,2026-05-30T15:47:48+00:00,44.430103,12.197489,26950,179,,False
1780156070,2026-05-30T15:47:50+00:00,44.429409,12.194568,26950,180,,False
1780156073,2026-05-30T15:47:53+00:00,44.428658,12.192663,26950,178,,False
1780156075,2026-05-30T15:47:55+00:00,44.42778,12.190482,26950,179,,False
1780156077,2026-05-30T15:47:57+00:00,44.426567,12.188237,26950,188,,False
1780156080,2026-05-30T15:48:00+00:00,44.425228,12.186012,26950,181,,False
1780156082,2026-05-30T15:48:02+00:00,44.423733,12.184188,26950,183,,False
1780156084,2026-05-30T15:48:04+00:00,44.42218,12.182642,26950,188,,False
1780156086,2026-05-30T15:48:06+00:00,44.420582,12.18135,26950,188,,False
1780156088,2026-05-30T15:48:08+00:00,44.418789,12.180086,26950,189,,False
1780156090,2026-05-30T15:48:10+00:00,44.417049,12.179276,26950,185,,False
1780156093,2026-05-30T15:48:13+00:00,44.415077,12.178594,26950,194,,False
1780156095,2026-05-30T15:48:15+00:00,44.413269,12.178337,26950,192,,False
1780156097,2026-05-30T15:48:17+00:00,44.411343,12.177899,26950,197,,False
1780156099,2026-05-30T15:48:19+00:00,44.409367,12.178013,26950,196,,False
1780156101,2026-05-30T15:48:21+00:00,44.407234,12.178326,26950,201,,False
1780156103,2026-05-30T15:48:23+00:00,44.405201,12.178926,26950,200,,False
1780156105,2026-05-30T15:48:25+00:00,44.403553,12.179642,26950,202,,False
1780156107,2026-05-30T15:48:27+00:00,44.401684,12.180593,26950,204,,False
1780156110,2026-05-30T15:48:30+00:00,44.39996,12.181624,26950,204,,False
1780156112,2026-05-30T15:48:32+00:00,44.398033,12.183172,26950,204,,False
1780156114,2026-05-30T15:48:34+00:00,44.396366,12.184685,26950,204,,False
1780156116,2026-05-30T15:48:36+00:00,44.395081,12.186474,26950,206,,False
1780156118,2026-05-30T15:48:38+00:00,44.393528,12.188529,26950,206,,False
1780156120,2026-05-30T15:48:40+00:00,44.392284,12.190437,26950,206,,False
1780156122,2026-05-30T15:48:42+00:00,44.391098,12.192714,26950,206,,False
1780156124,2026-05-30T15:48:44+00:00,44.389969,12.195348,26950,206,,False
1780156126,2026-05-30T15:48:46+00:00,44.389072,12.197795,26950,206,,False
1780156129,2026-05-30T15:48:49+00:00,44.388367,12.200356,26950,206,,False
1780156131,2026-05-30T15:48:51+00:00,44.387718,12.203218,26950,206,,False
1780156133,2026-05-30T15:48:53+00:00,44.387352,12.205976,26950,206,,False
1780156135,2026-05-30T15:48:55+00:00,44.387077,12.208717,26950,204,,False
1780156137,2026-05-30T15:48:57+00:00,44.387009,12.211803,26950,204,,False
1780156139,2026-05-30T15:48:59+00:00,44.387104,12.214813,26950,202,,False
1780156141,2026-05-30T15:49:01+00:00,44.387367,12.217372,26950,202,,False
1780156144,2026-05-30T15:49:04+00:00,44.387794,12.220243,26950,200,,False
1780156146,2026-05-30T15:49:06+00:00,44.388554,12.222587,26950,200,,False
1780156148,2026-05-30T15:49:08+00:00,44.389271,12.224948,26950,198,,False
1780156150,2026-05-30T15:49:10+00:00,44.390156,12.22757,26950,198,,False
1780156152,2026-05-30T15:49:12+00:00,44.391335,12.229803,26950,194,,False
1780156154,2026-05-30T15:49:14+00:00,44.392483,12.231977,26950,192,,False
1780156156,2026-05-30T15:49:16+00:00,44.393711,12.233745,26950,192,,False
1780156159,2026-05-30T15:49:19+00:00,44.39513,12.235487,26950,192,,False
1780156161,2026-05-30T15:49:21+00:00,44.396812,12.237136,26950,188,,False
1780156163,2026-05-30T15:49:23+00:00,44.398357,12.238317,26950,186,,False
1780156165,2026-05-30T15:49:25+00:00,44.400089,12.239362,26950,184,,False
1780156167,2026-05-30T15:49:27+00:00,44.401802,12.240287,26950,184,,False
1780156169,2026-05-30T15:49:29+00:00,44.403664,12.240904,26950,182,,False
1780156171,2026-05-30T15:49:31+00:00,44.405373,12.241344,26950,180,,False
1780156174,2026-05-30T15:49:34+00:00,44.407085,12.241461,26950,180,,False
1780156176,2026-05-30T15:49:36+00:00,44.40905,12.241324,26950,176,,False
1780156178,2026-05-30T15:49:38+00:00,44.410988,12.240799,26950,176,,False
1780156180,2026-05-30T15:49:40+00:00,44.412766,12.240015,26950,174,,False
1780156182,2026-05-30T15:49:42+00:00,44.414112,12.239291,26950,174,,False
1780156184,2026-05-30T15:49:44+00:00,44.415688,12.2382,26950,172,,False
1780156187,2026-05-30T15:49:47+00:00,44.417065,12.237088,26950,172,,False
1780156189,2026-05-30T15:49:49+00:00,44.418388,12.235563,26950,172,,False
1780156191,2026-05-30T15:49:51+00:00,44.419548,12.234049,26950,170,,False
1780156193,2026-05-30T15:49:53+00:00,44.420666,12.232043,26950,170,,False
1780156195,2026-05-30T15:49:55+00:00,44.421627,12.230049,26950,170,,False
1780156197,2026-05-30T15:49:57+00:00,44.422436,12.228083,26950,170,,False
1780156199,2026-05-30T15:49:59+00:00,44.423134,12.225978,26950,170,,False
1780156202,2026-05-30T15:50:02+00:00,44.423595,12.223568,26950,170,,False
1780156204,2026-05-30T15:50:04+00:00,44.423943,12.221197,26950,172,,False
1780156206,2026-05-30T15:50:06+00:00,44.424015,12.218906,26950,172,,False
1780156208,2026-05-30T15:50:08+00:00,44.423981,12.216322,26950,172,,False
1780156210,2026-05-30T15:50:10+00:00,44.423828,12.213745,26950,172,,False
1780156213,2026-05-30T15:50:13+00:00,44.423206,12.210601,26950,172,,False
1780156215,2026-05-30T15:50:15+00:00,44.422737,12.208917,26950,173,,False
1780156217,2026-05-30T15:50:17+00:00,44.421925,12.206681,26950,174,,False
1780156219,2026-05-30T15:50:19+00:00,44.420986,12.204573,26950,178,,False
1780156221,2026-05-30T15:50:21+00:00,44.419884,12.202544,26950,183,,False
1780156224,2026-05-30T15:50:24+00:00,44.418594,12.200506,26950,179,,False
1780156226,2026-05-30T15:50:26+00:00,44.417248,12.198915,26950,186,,False
1780156228,2026-05-30T15:50:28+00:00,44.415649,12.197226,26950,186,,False
1780156230,2026-05-30T15:50:30+00:00,44.414085,12.196079,26950,184,,False
1780156232,2026-05-30T15:50:32+00:00,44.412453,12.195031,26950,185,,False
1780156235,2026-05-30T15:50:35+00:00,44.410492,12.193942,26950,190,,False
1780156237,2026-05-30T15:50:37+00:00,44.408394,12.19326,26950,191,,False
1780156239,2026-05-30T15:50:39+00:00,44.406437,12.192901,26950,192,,False
1780156241,2026-05-30T15:50:41+00:00,44.404404,12.192898,26950,193,,False
1780156244,2026-05-30T15:50:44+00:00,44.402508,12.192883,26950,192,,False
1780156246,2026-05-30T15:50:46+00:00,44.4002,12.19348,26950,201,,False
1780156248,2026-05-30T15:50:48+00:00,44.398582,12.194008,26950,198,,False
1780156250,2026-05-30T15:50:50+00:00,44.396561,12.194976,26950,200,,False
1780156252,2026-05-30T15:50:52+00:00,44.39476,12.196101,26950,200,,False
1780156255,2026-05-30T15:50:55+00:00,44.392849,12.197525,26950,202,,False
1780156257,2026-05-30T15:50:57+00:00,44.39127,12.19902,26950,202,,False
1780156259,2026-05-30T15:50:59+00:00,44.389793,12.200647,26950,202,,False
1780156261,2026-05-30T15:51:01+00:00,44.388088,12.202986,26950,204,,False
1780156263,2026-05-30T15:51:03+00:00,44.386986,12.20471,26950,204,,False
1780156265,2026-05-30T15:51:05+00:00,44.385712,12.206808,26950,204,,False
1780156267,2026-05-30T15:51:07+00:00,44.384609,12.209613,26950,204,,False
1780156269,2026-05-30T15:51:09+00:00,44.383743,12.211946,26950,204,,False
1780156272,2026-05-30T15:51:12+00:00,44.383011,12.214445,26950,202,,False
1780156274,2026-05-30T15:51:14+00:00,44.382473,12.217365,26950,202,,False
1780156276,2026-05-30T15:51:16+00:00,44.382118,12.220173,26950,202,,False
1780156278,2026-05-30T15:51:18+00:00,44.381824,12.223007,26950,200,,False
1780156280,2026-05-30T15:51:20+00:00,44.381824,12.225691,26950,200,,False
1780156283,2026-05-30T15:51:23+00:00,44.381927,12.228892,26950,198,,False
1780156285,2026-05-30T15:51:25+00:00,44.382225,12.231414,26950,198,,False
1780156287,2026-05-30T15:51:27+00:00,44.382679,12.234018,26950,196,,False
1780156289,2026-05-30T15:51:29+00:00,44.383507,12.236711,26950,196,,False
1780156291,2026-05-30T15:51:31+00:00,44.384274,12.239022,26950,194,,False
1780156293,2026-05-30T15:51:33+00:00,44.385223,12.241475,26950,194,,False
1780156296,2026-05-30T15:51:36+00:00,44.386501,12.243883,26950,190,,False
1780156298,2026-05-30T15:51:38+00:00,44.38784,12.245939,26950,190,,False
1780156300,2026-05-30T15:51:40+00:00,44.38895,12.247428,26950,188,,False
1780156302,2026-05-30T15:51:42+00:00,44.390446,12.249127,26950,186,,False
1780156304,2026-05-30T15:51:44+00:00,44.39193,12.25048,26950,184,,False
1780156306,2026-05-30T15:51:46+00:00,44.393562,12.251664,26950,184,,False
1780156308,2026-05-30T15:51:48+00:00,44.395031,12.252492,26950,180,,False
1780156310,2026-05-30T15:51:50+00:00,44.396839,12.253238,26950,180,,False
1780156313,2026-05-30T15:51:53+00:00,44.398651,12.253797,26950,178,,False
1780156315,2026-05-30T15:51:55+00:00,44.400318,12.254112,26950,178,,False
1780156317,2026-05-30T15:51:57+00:00,44.402245,12.254319,26925,176,,False
1780156319,2026-05-30T15:51:59+00:00,44.404175,12.25435,26925,176,,False
1780156322,2026-05-30T15:52:02+00:00,44.405865,12.254134,26925,174,,False
1780156324,2026-05-30T15:52:04+00:00,44.407543,12.253627,26925,174,,False
1780156326,2026-05-30T15:52:06+00:00,44.409153,12.252873,26925,174,,False
1780156328,2026-05-30T15:52:08+00:00,44.410843,12.251916,26925,172,,False
1780156330,2026-05-30T15:52:10+00:00,44.412716,12.250669,26925,172,,False
1780156333,2026-05-30T15:52:13+00:00,44.414005,12.249371,26925,172,,False
1780156335,2026-05-30T15:52:15+00:00,44.415382,12.248035,26925,172,,False
1780156337,2026-05-30T15:52:17+00:00,44.416477,12.246507,26925,170,,False
1780156339,2026-05-30T15:52:19+00:00,44.417702,12.244849,26925,170,,False
1780156341,2026-05-30T15:52:21+00:00,44.418747,12.243061,26925,170,,False
1780156343,2026-05-30T15:52:23+00:00,44.41972,12.240981,26925,170,,False
1780156345,2026-05-30T15:52:25+00:00,44.420624,12.238569,26925,170,,False
1780156347,2026-05-30T15:52:27+00:00,44.421215,12.236503,26925,172,,False
1780156349,2026-05-30T15:52:29+00:00,44.421719,12.234596,26925,172,,False
1780156351,2026-05-30T15:52:31+00:00,44.422092,12.232345,26925,172,,False
1780156354,2026-05-30T15:52:34+00:00,44.422394,12.22972,26925,172,,False
1780156356,2026-05-30T15:52:36+00:00,44.422401,12.227246,26925,172,,False
1780156358,2026-05-30T15:52:38+00:00,44.422443,12.225094,26925,172,,False
1780156360,2026-05-30T15:52:40+00:00,44.422287,12.222636,26950,172,,False
1780156362,2026-05-30T15:52:42+00:00,44.421894,12.22011,26950,172,,False
1780156365,2026-05-30T15:52:45+00:00,44.421238,12.217172,26950,175,,False
1780156367,2026-05-30T15:52:47+00:00,44.420658,12.215198,26950,181,,False
1780156369,2026-05-30T15:52:49+00:00,44.419853,12.21306,26950,178,,False
1780156372,2026-05-30T15:52:52+00:00,44.41872,12.210563,26950,187,,False
1780156374,2026-05-30T15:52:54+00:00,44.417557,12.208475,26950,184,,False
1780156376,2026-05-30T15:52:56+00:00,44.41642,12.206624,26950,178,,False
1780156378,2026-05-30T15:52:58+00:00,44.415077,12.20474,26950,181,,False
1780156381,2026-05-30T15:53:01+00:00,44.413151,12.202616,26950,187,,False
1780156383,2026-05-30T15:53:03+00:00,44.411621,12.201073,26950,188,,False
1780156385,2026-05-30T15:53:05+00:00,44.409653,12.199692,26950,189,,False
1780156387,2026-05-30T15:53:07+00:00,44.407864,12.19871,26950,188,,False
1780156390,2026-05-30T15:53:10+00:00,44.406101,12.197882,26950,193,,False
1780156392,2026-05-30T15:53:12+00:00,44.404293,12.197304,26950,193,,False
1780156394,2026-05-30T15:53:14+00:00,44.402275,12.196714,26950,191,,False
1780156396,2026-05-30T15:53:16+00:00,44.400425,12.196392,26950,198,,False
1780156398,2026-05-30T15:53:18+00:00,44.398148,12.196352,26950,199,,False
1780156401,2026-05-30T15:53:21+00:00,44.396336,12.196515,26950,200,,False
1780156403,2026-05-30T15:53:23+00:00,44.394352,12.196835,26950,200,,False
1780156405,2026-05-30T15:53:25+00:00,44.392471,12.197361,26950,200,,False
1780156407,2026-05-30T15:53:27+00:00,44.390682,12.198186,26950,202,,False
1780156409,2026-05-30T15:53:29+00:00,44.388748,12.199113,26950,202,,False
1780156411,2026-05-30T15:53:31+00:00,44.386864,12.200288,26950,202,,False
1780156413,2026-05-30T15:53:33+00:00,44.38496,12.201724,26950,204,,False
1780156416,2026-05-30T15:53:36+00:00,44.383198,12.203458,26950,204,,False
1780156418,2026-05-30T15:53:38+00:00,44.381683,12.20502,26950,206,,False
1780156420,2026-05-30T15:53:40+00:00,44.380169,12.206904,26950,206,,False
1780156422,2026-05-30T15:53:42+00:00,44.378742,12.208851,26950,206,,False
1780156424,2026-05-30T15:53:44+00:00,44.377319,12.211072,26950,206,,False
1780156426,2026-05-30T15:53:46+00:00,44.376118,12.213438,26950,206,,False
1780156428,2026-05-30T15:53:48+00:00,44.375038,12.215818,26950,206,,False
1780156430,2026-05-30T15:53:50+00:00,44.374123,12.218318,26950,206,,False
1780156433,2026-05-30T15:53:53+00:00,44.373272,12.220876,26950,206,,False
1780156435,2026-05-30T15:53:55+00:00,44.372536,12.223619,26950,206,,False
1780156437,2026-05-30T15:53:57+00:00,44.372139,12.226173,26950,206,,False
1780156439,2026-05-30T15:53:59+00:00,44.371738,12.228987,26950,206,,False
1780156441,2026-05-30T15:54:01+00:00,44.371391,12.232143,26950,204,,False
1780156443,2026-05-30T15:54:03+00:00,44.371319,12.234508,26950,204,,False
1780156445,2026-05-30T15:54:05+00:00,44.371368,12.237171,26950,202,,False
1780156447,2026-05-30T15:54:07+00:00,44.371521,12.239999,26950,202,,False
1780156449,2026-05-30T15:54:09+00:00,44.371738,12.242626,26950,202,,False
1780156451,2026-05-30T15:54:11+00:00,44.372261,12.245228,26950,200,,False
1780156454,2026-05-30T15:54:14+00:00,44.372868,12.247933,26950,200,,False
1780156456,2026-05-30T15:54:16+00:00,44.373615,12.250525,26950,198,,False
1780156458,2026-05-30T15:54:18+00:00,44.374451,12.252909,26950,196,,False
1780156460,2026-05-30T15:54:20+00:00,44.375458,12.255311,26950,196,,False
1780156462,2026-05-30T15:54:22+00:00,44.376583,12.257517,26950,194,,False
1780156464,2026-05-30T15:54:24+00:00,44.37775,12.259488,26950,194,,False
1780156467,2026-05-30T15:54:27+00:00,44.379501,12.26219,26950,192,,False
1780156469,2026-05-30T15:54:29+00:00,44.380772,12.263543,26950,190,,False
1780156471,2026-05-30T15:54:31+00:00,44.382317,12.265179,26950,190,,False
1780156473,2026-05-30T15:54:33+00:00,44.383892,12.266469,26950,188,,False
1780156475,2026-05-30T15:54:35+00:00,44.385471,12.26762,26950,184,,False
1780156478,2026-05-30T15:54:38+00:00,44.387012,12.26866,26950,184,,False
1780156480,2026-05-30T15:54:40+00:00,44.389065,12.269486,26950,182,,False
1780156482,2026-05-30T15:54:42+00:00,44.390762,12.270048,26950,182,,False
1780156484,2026-05-30T15:54:44+00:00,44.392536,12.270461,26950,180,,False
1780156486,2026-05-30T15:54:46+00:00,44.394253,12.270636,26950,180,,False
1780156489,2026-05-30T15:54:49+00:00,44.395988,12.270639,26950,178,,False
1780156491,2026-05-30T15:54:51+00:00,44.398018,12.270371,26950,178,,False
1780156493,2026-05-30T15:54:53+00:00,44.399597,12.269888,26950,176,,False
1780156495,2026-05-30T15:54:55+00:00,44.401279,12.269317,26950,176,,False
1780156497,2026-05-30T15:54:57+00:00,44.40303,12.26852,26950,174,,False
1780156499,2026-05-30T15:54:59+00:00,44.404617,12.267546,26950,174,,False
1780156501,2026-05-30T15:55:01+00:00,44.40609,12.266279,26950,174,,False
1780156504,2026-05-30T15:55:04+00:00,44.407604,12.264988,26975,174,,False
1780156506,2026-05-30T15:55:06+00:00,44.408894,12.263663,26975,174,,False
1780156508,2026-05-30T15:55:08+00:00,44.4104,12.262374,26950,176,,False
1780156510,2026-05-30T15:55:10+00:00,44.41201,12.261016,26950,176,,False
1780156512,2026-05-30T15:55:12+00:00,44.413383,12.259779,26925,176,,False
1780156514,2026-05-30T15:55:14+00:00,44.414951,12.258395,26950,176,,False
1780156516,2026-05-30T15:55:16+00:00,44.416313,12.257318,26950,176,,False
1780156518,2026-05-30T15:55:18+00:00,44.417854,12.256068,26950,176,,False
1780156520,2026-05-30T15:55:20+00:00,44.419216,12.254946,26925,178,,False
1780156523,2026-05-30T15:55:23+00:00,44.420719,12.253801,26925,178,,False
1780156525,2026-05-30T15:55:25+00:00,44.422466,12.25229,26925,178,,False
1780156527,2026-05-30T15:55:27+00:00,44.423927,12.25109,26925,178,,False
1780156529,2026-05-30T15:55:29+00:00,44.425484,12.249875,26925,178,,False
1780156531,2026-05-30T15:55:31+00:00,44.427055,12.248681,26925,178,,False
1780156533,2026-05-30T15:55:33+00:00,44.428505,12.247553,26925,178,,False
1780156536,2026-05-30T15:55:36+00:00,44.429977,12.246224,26925,178,,False
1780156538,2026-05-30T15:55:38+00:00,44.431751,12.244557,26925,178,,False
1780156540,2026-05-30T15:55:40+00:00,44.432961,12.242976,26925,176,,False
1780156542,2026-05-30T15:55:42+00:00,44.434196,12.241188,26950,176,,False
1780156544,2026-05-30T15:55:44+00:00,44.435215,12.239423,26950,176,,False
1780156547,2026-05-30T15:55:47+00:00,44.436356,12.237148,26925,176,,False
1780156549,2026-05-30T15:55:49+00:00,44.437153,12.235101,26925,176,,False
1780156551,2026-05-30T15:55:51+00:00,44.437962,12.232839,26925,176,,False
1780156553,2026-05-30T15:55:53+00:00,44.438557,12.230993,26950,176,,False
1780156555,2026-05-30T15:55:55+00:00,44.439137,12.228298,26950,176,,False
1780156558,2026-05-30T15:55:58+00:00,44.439529,12.225665,26950,178,,False
1780156560,2026-05-30T15:56:00+00:00,44.439831,12.222789,26950,178,,False
1780156562,2026-05-30T15:56:02+00:00,44.439926,12.220238,26950,178,,False
1780156565,2026-05-30T15:56:05+00:00,44.439877,12.217658,26950,178,,False
1780156567,2026-05-30T15:56:07+00:00,44.439686,12.214857,26950,178,,False
1780156569,2026-05-30T15:56:09+00:00,44.439327,12.212545,26950,178,,False
1780156572,2026-05-30T15:56:12+00:00,44.438847,12.209823,26950,184,,False
1780156574,2026-05-30T15:56:14+00:00,44.438103,12.20717,26950,182,,False
1780156576,2026-05-30T15:56:16+00:00,44.437305,12.204685,26950,183,,False
1780156578,2026-05-30T15:56:18+00:00,44.436371,12.20221,26950,185,,False
1780156580,2026-05-30T15:56:20+00:00,44.435356,12.200077,26975,191,,False
1780156583,2026-05-30T15:56:23+00:00,44.434242,12.198079,26975,190,,False
1780156585,2026-05-30T15:56:25+00:00,44.432705,12.195677,26975,188,,False
1780156587,2026-05-30T15:56:27+00:00,44.431076,12.193514,26975,194,,False
1780156590,2026-05-30T15:56:30+00:00,44.429779,12.192051,26950,191,,False
1780156592,2026-05-30T15:56:32+00:00,44.428284,12.190663,26950,193,,False
1780156594,2026-05-30T15:56:34+00:00,44.426353,12.188879,26950,194,,False
1780156596,2026-05-30T15:56:36+00:00,44.424751,12.18784,26950,195,,False
1780156598,2026-05-30T15:56:38+00:00,44.422749,12.186754,26950,196,,False
1780156600,2026-05-30T15:56:40+00:00,44.421036,12.185742,26950,196,,False
1780156603,2026-05-30T15:56:43+00:00,44.418556,12.184912,26950,202,,False
1780156605,2026-05-30T15:56:45+00:00,44.416656,12.184449,26950,199,,False
1780156607,2026-05-30T15:56:47+00:00,44.414654,12.184089,26950,200,,False
1780156610,2026-05-30T15:56:50+00:00,44.412666,12.184059,26950,204,,False
1780156612,2026-05-30T15:56:52+00:00,44.4105,12.184031,26950,211,,False
1780156614,2026-05-30T15:56:54+00:00,44.408417,12.184374,26950,205,,False
1780156616,2026-05-30T15:56:56+00:00,44.406204,12.184752,26950,204,,False
1780156619,2026-05-30T15:56:59+00:00,44.403999,12.185596,26950,208,,False
1780156621,2026-05-30T15:57:01+00:00,44.401577,12.186711,26950,208,,False
1780156623,2026-05-30T15:57:03+00:00,44.399818,12.187531,26950,208,,False
1780156625,2026-05-30T15:57:05+00:00,44.397964,12.18889,26950,210,,False
1780156627,2026-05-30T15:57:07+00:00,44.39621,12.190124,26950,210,,False
1780156630,2026-05-30T15:57:10+00:00,44.394501,12.191715,26950,210,,False
1780156632,2026-05-30T15:57:12+00:00,44.392559,12.193717,26950,210,,False
1780156634,2026-05-30T15:57:14+00:00,44.391022,12.195438,26950,210,,False
1780156636,2026-05-30T15:57:16+00:00,44.389549,12.197465,26950,210,,False
1780156638,2026-05-30T15:57:18+00:00,44.388138,12.199512,26950,210,,False
1780156641,2026-05-30T15:57:21+00:00,44.386856,12.2016,26950,210,,False
1780156643,2026-05-30T15:57:23+00:00,44.385464,12.204344,26950,210,,False
1780156645,2026-05-30T15:57:25+00:00,44.384243,12.207137,26950,210,,False
1780156647,2026-05-30T15:57:27+00:00,44.383286,12.209616,26950,210,,False
1780156649,2026-05-30T15:57:29+00:00,44.382523,12.212339,26950,210,,False
1780156651,2026-05-30T15:57:31+00:00,44.381824,12.214925,26950,210,,False
1780156653,2026-05-30T15:57:33+00:00,44.381165,12.217994,26950,210,,False
1780156656,2026-05-30T15:57:36+00:00,44.380684,12.220883,26950,208,,False
1780156658,2026-05-30T15:57:38+00:00,44.380386,12.223769,26950,208,,False
1780156660,2026-05-30T15:57:40+00:00,44.380085,12.22689,26950,208,,False
1780156662,2026-05-30T15:57:42+00:00,44.380051,12.229628,26950,208,,False
1780156665,2026-05-30T15:57:45+00:00,44.380161,12.232476,26950,206,,False
1780156667,2026-05-30T15:57:47+00:00,44.380383,12.235195,26950,206,,False
1780156669,2026-05-30T15:57:49+00:00,44.380657,12.238141,26950,204,,False
1780156671,2026-05-30T15:57:51+00:00,44.381142,12.240868,26950,204,,False
1780156673,2026-05-30T15:57:53+00:00,44.381882,12.243684,26950,202,,False
1780156675,2026-05-30T15:57:55+00:00,44.382545,12.246105,26950,202,,False
1780156677,2026-05-30T15:57:57+00:00,44.383472,12.248988,26950,200,,False
1780156679,2026-05-30T15:57:59+00:00,44.384277,12.251003,26950,200,,False
1780156682,2026-05-30T15:58:02+00:00,44.385223,12.253116,26950,198,,False
1780156684,2026-05-30T15:58:04+00:00,44.386845,12.256052,26950,196,,False
1780156687,2026-05-30T15:58:07+00:00,44.388332,12.258397,26950,196,,False
1780156689,2026-05-30T15:58:09+00:00,44.389771,12.260377,26950,194,,False
1780156691,2026-05-30T15:58:11+00:00,44.391262,12.262071,26950,192,,False
1780156693,2026-05-30T15:58:13+00:00,44.392742,12.263618,26950,192,,False
1780156695,2026-05-30T15:58:15+00:00,44.394344,12.265011,26950,190,,False
1780156698,2026-05-30T15:58:18+00:00,44.396446,12.266568,26950,190,,False
1780156700,2026-05-30T15:58:20+00:00,44.397949,12.267384,26950,188,,False
1780156702,2026-05-30T15:58:22+00:00,44.399734,12.268251,26950,188,,False
1780156704,2026-05-30T15:58:24+00:00,44.401417,12.268943,26950,186,,False
1780156706,2026-05-30T15:58:26+00:00,44.40324,12.269465,26950,186,,False
1780156708,2026-05-30T15:58:28+00:00,44.404854,12.269691,26950,184,,False
1780156711,2026-05-30T15:58:31+00:00,44.406986,12.269888,26950,184,,False
1780156713,2026-05-30T15:58:33+00:00,44.409142,12.269877,26950,182,,False
1780156715,2026-05-30T15:58:35+00:00,44.410873,12.269574,26950,180,,False
1780156717,2026-05-30T15:58:37+00:00,44.412605,12.268982,26950,180,,False
1780156720,2026-05-30T15:58:40+00:00,44.414261,12.268361,26950,178,,False
1780156722,2026-05-30T15:58:42+00:00,44.415871,12.267653,26950,178,,False
1780156724,2026-05-30T15:58:44+00:00,44.417824,12.266484,26950,178,,False
1780156726,2026-05-30T15:58:46+00:00,44.419159,12.26554,26950,178,,False
1780156728,2026-05-30T15:58:48+00:00,44.42057,12.264268,26950,176,,False
1780156730,2026-05-30T15:58:50+00:00,44.422085,12.262583,26950,176,,False
1780156732,2026-05-30T15:58:52+00:00,44.423237,12.261149,26950,176,,False
1780156734,2026-05-30T15:58:54+00:00,44.424385,12.259604,26950,176,,False
1780156736,2026-05-30T15:58:56+00:00,44.425518,12.257793,26950,176,,False
1780156739,2026-05-30T15:58:59+00:00,44.42646,12.255904,26950,176,,False
1780156741,2026-05-30T15:59:01+00:00,44.427452,12.253773,26950,176,,False
1780156743,2026-05-30T15:59:03+00:00,44.428307,12.251637,26925,176,,False
1780156745,2026-05-30T15:59:05+00:00,44.428894,12.24956,26950,176,,False
1780156747,2026-05-30T15:59:07+00:00,44.429447,12.24736,26950,176,,False
1780156749,2026-05-30T15:59:09+00:00,44.429951,12.2447,26950,178,,False
1780156751,2026-05-30T15:59:11+00:00,44.430206,12.242317,26950,178,,False
1780156754,2026-05-30T15:59:14+00:00,44.430492,12.23988,26950,178,,False
1780156756,2026-05-30T15:59:16+00:00,44.430756,12.237116,26950,178,,False
1780156758,2026-05-30T15:59:18+00:00,44.431065,12.234798,26950,178,,False
1780156760,2026-05-30T15:59:20+00:00,44.431355,12.232244,26925,178,,False
1780156762,2026-05-30T15:59:22+00:00,44.43166,12.229538,26925,178,,False
1780156765,2026-05-30T15:59:25+00:00,44.431942,12.227122,26925,178,,False
1780156767,2026-05-30T15:59:27+00:00,44.432358,12.224195,26925,178,,False
1780156769,2026-05-30T15:59:29+00:00,44.43261,12.222031,26925,178,,False
1780156771,2026-05-30T15:59:31+00:00,44.432911,12.219705,26925,180,,False
1780156773,2026-05-30T15:59:33+00:00,44.433247,12.217159,26925,180,,False
1780156775,2026-05-30T15:59:35+00:00,44.43354,12.214869,26925,180,,False
1780156778,2026-05-30T15:59:38+00:00,44.433887,12.212192,26925,180,,False
1780156793,2026-05-30T15:59:53+00:00,44.43586,12.194928,26925,180,,False
1780156795,2026-05-30T15:59:55+00:00,44.435753,12.192378,26925,180,,False
1780156797,2026-05-30T15:59:57+00:00,44.435509,12.189671,26950,180,,False
1780156799,2026-05-30T15:59:59+00:00,44.435143,12.186996,26950,181,,False
1780156802,2026-05-30T16:00:02+00:00,44.434692,12.184853,26950,180,,False
1780156804,2026-05-30T16:00:04+00:00,44.433884,12.181976,26950,183,,False
1780156806,2026-05-30T16:00:06+00:00,44.433075,12.179619,26950,185,,False
1780156808,2026-05-30T16:00:08+00:00,44.432148,12.177396,26950,190,,False
1780156810,2026-05-30T16:00:10+00:00,44.431114,12.17532,26950,193,,False
1780156813,2026-05-30T16:00:13+00:00,44.429989,12.173444,26950,185,,False
1780156815,2026-05-30T16:00:15+00:00,44.428635,12.171169,26975,187,,False
1780156817,2026-05-30T16:00:17+00:00,44.427376,12.169519,26950,191,,False
1780156819,2026-05-30T16:00:19+00:00,44.425617,12.167531,26950,198,,False
1780156821,2026-05-30T16:00:21+00:00,44.423962,12.165775,26950,195,,False
1780156823,2026-05-30T16:00:23+00:00,44.422672,12.164805,26950,194,,False
1780156826,2026-05-30T16:00:26+00:00,44.420898,12.163563,26950,194,,False
1780156828,2026-05-30T16:00:28+00:00,44.419033,12.162458,26950,196,,False
1780156830,2026-05-30T16:00:30+00:00,44.41713,12.161622,26950,199,,False
1780156832,2026-05-30T16:00:32+00:00,44.415188,12.160881,26950,201,,False
1780156834,2026-05-30T16:00:34+00:00,44.413166,12.160344,26950,202,,False
1780156836,2026-05-30T16:00:36+00:00,44.411144,12.159971,26950,204,,False
1780156838,2026-05-30T16:00:38+00:00,44.409107,12.159853,26950,203,,False
1780156841,2026-05-30T16:00:41+00:00,44.407116,12.159918,26950,206,,False
1780156843,2026-05-30T16:00:43+00:00,44.404922,12.160097,26950,206,,False
1780156845,2026-05-30T16:00:45+00:00,44.402775,12.160663,26950,206,,False
1780156847,2026-05-30T16:00:47+00:00,44.400871,12.161321,26950,208,,False
1780156850,2026-05-30T16:00:50+00:00,44.398956,12.162086,26950,208,,False
1780156852,2026-05-30T16:00:52+00:00,44.396526,12.163394,26950,210,,False
1780156854,2026-05-30T16:00:54+00:00,44.394592,12.164669,26950,210,,False
1780156856,2026-05-30T16:00:56+00:00,44.392788,12.165954,26950,210,,False
1780156858,2026-05-30T16:00:58+00:00,44.390976,12.167619,26950,210,,False
1780156860,2026-05-30T16:01:00+00:00,44.389252,12.169403,26950,210,,False
1780156863,2026-05-30T16:01:03+00:00,44.387589,12.171291,26950,210,,False
1780156865,2026-05-30T16:01:05+00:00,44.386284,12.173071,26950,210,,False
1780156868,2026-05-30T16:01:08+00:00,44.384399,12.176105,26950,210,,False
1780156870,2026-05-30T16:01:10+00:00,44.38311,12.178364,26950,210,,False
1780156872,2026-05-30T16:01:12+00:00,44.381844,12.181227,26950,210,,False
1780156874,2026-05-30T16:01:14+00:00,44.380863,12.183563,26950,210,,False
1780156876,2026-05-30T16:01:16+00:00,44.379971,12.186156,26950,210,,False
1780156878,2026-05-30T16:01:18+00:00,44.379242,12.188752,26950,210,,False
1780156881,2026-05-30T16:01:21+00:00,44.378395,12.191781,26950,208,,False
1780156883,2026-05-30T16:01:23+00:00,44.377991,12.194723,26950,208,,False
1780156885,2026-05-30T16:01:25+00:00,44.377586,12.19767,26950,208,,False
1780156887,2026-05-30T16:01:27+00:00,44.377384,12.200753,26950,206,,False
1780156890,2026-05-30T16:01:30+00:00,44.377262,12.203448,26950,206,,False
1780156892,2026-05-30T16:01:32+00:00,44.377316,12.206317,26950,206,,False
1780156894,2026-05-30T16:01:34+00:00,44.377514,12.20955,26950,206,,False
1780156896,2026-05-30T16:01:36+00:00,44.377769,12.212399,26950,204,,False
1780156898,2026-05-30T16:01:38+00:00,44.378326,12.215274,26950,202,,False
1780156900,2026-05-30T16:01:40+00:00,44.378838,12.217517,26950,202,,False
1780156903,2026-05-30T16:01:43+00:00,44.379562,12.220348,26950,200,,False
1780156905,2026-05-30T16:01:45+00:00,44.380398,12.222688,26950,200,,False
1780156907,2026-05-30T16:01:47+00:00,44.381348,12.225253,26950,198,,False
1780156909,2026-05-30T16:01:49+00:00,44.382282,12.227245,26950,198,,False
1780156911,2026-05-30T16:01:51+00:00,44.38353,12.229566,26950,196,,False
1780156913,2026-05-30T16:01:53+00:00,44.384811,12.231744,26950,196,,False
1780156916,2026-05-30T16:01:56+00:00,44.386246,12.233718,26950,194,,False
1780156918,2026-05-30T16:01:58+00:00,44.387703,12.235484,26950,194,,False
1780156920,2026-05-30T16:02:00+00:00,44.389278,12.237175,26950,192,,False
1780156922,2026-05-30T16:02:02+00:00,44.391094,12.238683,26950,192,,False
1780156924,2026-05-30T16:02:04+00:00,44.392704,12.239861,26950,188,,False
1780156927,2026-05-30T16:02:07+00:00,44.394321,12.240855,26950,188,,False
1780156929,2026-05-30T16:02:09+00:00,44.395981,12.241816,26950,186,,False
1780156931,2026-05-30T16:02:11+00:00,44.39822,12.242752,26950,184,,False
1780156933,2026-05-30T16:02:13+00:00,44.400097,12.243254,26950,184,,False
1780156936,2026-05-30T16:02:16+00:00,44.401642,12.243325,26950,182,,False
1780156938,2026-05-30T16:02:18+00:00,44.40387,12.243579,26950,182,,False
1780156941,2026-05-30T16:02:21+00:00,44.405617,12.243504,26950,180,,False
1780156943,2026-05-30T16:02:23+00:00,44.407738,12.242976,26950,178,,False
1780156945,2026-05-30T16:02:25+00:00,44.409492,12.24244,26950,178,,False
1780156947,2026-05-30T16:02:27+00:00,44.411568,12.241578,26950,176,,False
1780156950,2026-05-30T16:02:30+00:00,44.413277,12.240576,26950,176,,False
1780156953,2026-05-30T16:02:33+00:00,44.415268,12.239091,26950,176,,False
1780156955,2026-05-30T16:02:35+00:00,44.416733,12.237811,26950,176,,False
1780156957,2026-05-30T16:02:37+00:00,44.418392,12.235965,26950,176,,False
1780156959,2026-05-30T16:02:39+00:00,44.419567,12.234403,26950,176,,False
1780156961,2026-05-30T16:02:41+00:00,44.420959,12.232464,26950,176,,False
1780156964,2026-05-30T16:02:44+00:00,44.42186,12.230736,26950,176,,False
1780156966,2026-05-30T16:02:46+00:00,44.422729,12.228685,26950,176,,False
1780156968,2026-05-30T16:02:48+00:00,44.423698,12.226164,26950,176,,False
1780156970,2026-05-30T16:02:50+00:00,44.424614,12.223739,26975,176,,False
1780156973,2026-05-30T16:02:53+00:00,44.425289,12.221828,26975,176,,False
1780156975,2026-05-30T16:02:55+00:00,44.426197,12.219437,26950,176,,False
1780156977,2026-05-30T16:02:57+00:00,44.42691,12.217425,26950,176,,False
1780156979,2026-05-30T16:02:59+00:00,44.42767,12.215471,26950,176,,False
1780156981,2026-05-30T16:03:01+00:00,44.428699,12.212766,26950,176,,False
1780156983,2026-05-30T16:03:03+00:00,44.429482,12.210851,26950,178,,False
1780156986,2026-05-30T16:03:06+00:00,44.430298,12.208646,26950,178,,False
1780156988,2026-05-30T16:03:08+00:00,44.431175,12.206349,26925,178,,False
1780156990,2026-05-30T16:03:10+00:00,44.432049,12.20425,26925,178,,False
1780156992,2026-05-30T16:03:12+00:00,44.432877,12.202129,26925,178,,False
1780156994,2026-05-30T16:03:14+00:00,44.433872,12.199739,26925,178,,False
1780156996,2026-05-30T16:03:16+00:00,44.434639,12.19778,26925,178,,False
1780156998,2026-05-30T16:03:18+00:00,44.435444,12.195753,26925,178,,False
1780157001,2026-05-30T16:03:21+00:00,44.436409,12.19342,26925,178,,False
1780157003,2026-05-30T16:03:23+00:00,44.437454,12.19073,26925,178,,False
1780157005,2026-05-30T16:03:25+00:00,44.438221,12.188859,26925,178,,False
1780157007,2026-05-30T16:03:27+00:00,44.438992,12.186815,26925,178,,False
1780157010,2026-05-30T16:03:30+00:00,44.43988,12.184743,26925,178,,False
1780157012,2026-05-30T16:03:32+00:00,44.440945,12.182042,26925,178,,False
1780157014,2026-05-30T16:03:34+00:00,44.441837,12.179859,26925,178,,False
1780157016,2026-05-30T16:03:36+00:00,44.442719,12.177806,26925,178,,False
1780157018,2026-05-30T16:03:38+00:00,44.44355,12.17557,26925,178,,False
1780157021,2026-05-30T16:03:41+00:00,44.444397,12.173452,26925,178,,False
1780157023,2026-05-30T16:03:43+00:00,44.445316,12.171067,26925,178,,False
1780157025,2026-05-30T16:03:45+00:00,44.44611,12.169214,26925,178,,False
1780157027,2026-05-30T16:03:47+00:00,44.446934,12.166797,26925,178,,False
1780157030,2026-05-30T16:03:50+00:00,44.447693,12.164305,26925,178,,False
1780157032,2026-05-30T16:03:52+00:00,44.448193,12.161677,26950,178,,False
1780157034,2026-05-30T16:03:54+00:00,44.448586,12.159228,26950,178,,False
1780157037,2026-05-30T16:03:57+00:00,44.448959,12.156652,26950,178,,False
1780157039,2026-05-30T16:03:59+00:00,44.449116,12.154184,26950,178,,False
1780157041,2026-05-30T16:04:01+00:00,44.449196,12.151325,26950,178,,False
1780157044,2026-05-30T16:04:04+00:00,44.449081,12.14847,26950,178,,False
1780157046,2026-05-30T16:04:06+00:00,44.448952,12.145664,26950,178,,False
1780157048,2026-05-30T16:04:08+00:00,44.448685,12.143221,26975,189,,False
1780157050,2026-05-30T16:04:10+00:00,44.448296,12.141187,26975,183,,False
1780157052,2026-05-30T16:04:12+00:00,44.44772,12.13851,26975,185,,False
1780157054,2026-05-30T16:04:14+00:00,44.447113,12.136031,26950,178,,False
1780157057,2026-05-30T16:04:17+00:00,44.446316,12.13364,26975,184,,False
1780157059,2026-05-30T16:04:19+00:00,44.445442,12.131266,26975,182,,False
1780157061,2026-05-30T16:04:21+00:00,44.444225,12.128486,26975,189,,False
1780157063,2026-05-30T16:04:23+00:00,44.443275,12.126471,26975,184,,False
1780157066,2026-05-30T16:04:26+00:00,44.442059,12.124362,26975,193,,False
1780157068,2026-05-30T16:04:28+00:00,44.440784,12.122316,26975,190,,False
1780157070,2026-05-30T16:04:30+00:00,44.439526,12.120495,26975,185,,False
1780157072,2026-05-30T16:04:32+00:00,44.438072,12.118679,26975,191,,False
1780157074,2026-05-30T16:04:34+00:00,44.436531,12.11693,26950,195,,False
1780157076,2026-05-30T16:04:36+00:00,44.434994,12.115381,26950,193,,False
1780157079,2026-05-30T16:04:39+00:00,44.433411,12.114017,26950,192,,False
1780157081,2026-05-30T16:04:41+00:00,44.431805,12.112768,26950,192,,False
1780157083,2026-05-30T16:04:43+00:00,44.429775,12.111404,26950,200,,False
1780157085,2026-05-30T16:04:45+00:00,44.427784,12.110294,26950,199,,False
1780157087,2026-05-30T16:04:47+00:00,44.425941,12.109365,26950,198,,False
1780157090,2026-05-30T16:04:50+00:00,44.424061,12.108666,26950,200,,False
1780157092,2026-05-30T16:04:52+00:00,44.422165,12.10804,26950,204,,False
1780157094,2026-05-30T16:04:54+00:00,44.420254,12.10766,26950,199,,False
1780157096,2026-05-30T16:04:56+00:00,44.417854,12.107164,26950,203,,False
1780157098,2026-05-30T16:04:58+00:00,44.416145,12.107139,26950,201,,False
1780157100,2026-05-30T16:05:00+00:00,44.413971,12.107039,26950,206,,False
1780157102,2026-05-30T16:05:02+00:00,44.412056,12.107242,26950,208,,False
1780157104,2026-05-30T16:05:04+00:00,44.410122,12.107453,26950,207,,False
1780157107,2026-05-30T16:05:07+00:00,44.407959,12.107876,26950,205,,False
1780157109,2026-05-30T16:05:09+00:00,44.405903,12.108562,26925,208,,False
1780157111,2026-05-30T16:05:11+00:00,44.404015,12.109525,26925,208,,False
1780157113,2026-05-30T16:05:13+00:00,44.402134,12.110457,26925,210,,False
1780157116,2026-05-30T16:05:16+00:00,44.399925,12.111938,26950,210,,False
1780157118,2026-05-30T16:05:18+00:00,44.398167,12.113291,26950,210,,False
1780157120,2026-05-30T16:05:20+00:00,44.396145,12.11513,26950,210,,False
1780157123,2026-05-30T16:05:23+00:00,44.394382,12.117026,26950,210,,False
1780157125,2026-05-30T16:05:25+00:00,44.392677,12.118966,26950,210,,False
1780157127,2026-05-30T16:05:27+00:00,44.391037,12.121232,26950,210,,False
1780157129,2026-05-30T16:05:29+00:00,44.389729,12.123229,26950,210,,False
1780157131,2026-05-30T16:05:31+00:00,44.388237,12.126104,26950,210,,False
1780157133,2026-05-30T16:05:33+00:00,44.387371,12.127839,26950,210,,False
1780157135,2026-05-30T16:05:35+00:00,44.38641,12.130268,26950,210,,False
1780157137,2026-05-30T16:05:37+00:00,44.385475,12.133011,26950,210,,False
1780157140,2026-05-30T16:05:40+00:00,44.384674,12.135433,26950,210,,False
1780157142,2026-05-30T16:05:42+00:00,44.384113,12.138048,26950,208,,False
1780157144,2026-05-30T16:05:44+00:00,44.383579,12.14077,26950,208,,False
1780157146,2026-05-30T16:05:46+00:00,44.383087,12.14414,26950,208,,False
1780157148,2026-05-30T16:05:48+00:00,44.382843,12.14668,26950,208,,False
1780157150,2026-05-30T16:05:50+00:00,44.38261,12.149862,26950,206,,False
1780157153,2026-05-30T16:05:53+00:00,44.382641,12.152822,26950,206,,False
1780157155,2026-05-30T16:05:55+00:00,44.382851,12.156152,26950,206,,False
1780157157,2026-05-30T16:05:57+00:00,44.383137,12.158713,26950,204,,False
1780157159,2026-05-30T16:05:59+00:00,44.383564,12.161169,26950,204,,False
1780157161,2026-05-30T16:06:01+00:00,44.384075,12.163841,26950,202,,False
1780157163,2026-05-30T16:06:03+00:00,44.3848,12.166773,26950,200,,False
1780157166,2026-05-30T16:06:06+00:00,44.385765,12.169519,26950,200,,False
1780157168,2026-05-30T16:06:08+00:00,44.386669,12.171941,26950,198,,False
1780157170,2026-05-30T16:06:10+00:00,44.387619,12.174234,26950,198,,False
1780157172,2026-05-30T16:06:12+00:00,44.388828,12.176312,26950,196,,False
1780157174,2026-05-30T16:06:14+00:00,44.390083,12.17837,26950,196,,False
1780157177,2026-05-30T16:06:17+00:00,44.39143,12.180262,26950,192,,False
1780157179,2026-05-30T16:06:19+00:00,44.39283,12.182127,26950,192,,False
1780157181,2026-05-30T16:06:21+00:00,44.394661,12.183942,26950,190,,False
1780157184,2026-05-30T16:06:24+00:00,44.396313,12.185401,26950,188,,False
1780157186,2026-05-30T16:06:26+00:00,44.398403,12.187052,26950,188,,False
1780157188,2026-05-30T16:06:28+00:00,44.399677,12.188027,26950,188,,False
1780157190,2026-05-30T16:06:30+00:00,44.401199,12.189186,26950,188,,False
1780157192,2026-05-30T16:06:32+00:00,44.403152,12.19071,26950,188,,False
1780157195,2026-05-30T16:06:35+00:00,44.404728,12.192005,26950,188,,False
1780157197,2026-05-30T16:06:37+00:00,44.406258,12.193226,26950,190,,False
1780157199,2026-05-30T16:06:39+00:00,44.407822,12.194477,26950,190,,False
1780157201,2026-05-30T16:06:41+00:00,44.409672,12.196044,26950,190,,False
1780157203,2026-05-30T16:06:43+00:00,44.411034,12.197106,26925,190,,False
1780157205,2026-05-30T16:06:45+00:00,44.412792,12.198511,26925,190,,False
1780157207,2026-05-30T16:06:47+00:00,44.414429,12.199788,26925,190,,False
1780157210,2026-05-30T16:06:50+00:00,44.416077,12.201102,26925,190,,False
1780157232,2026-05-30T16:07:12+00:00,44.433651,12.215286,26925,192,,False
1780157235,2026-05-30T16:07:15+00:00,44.435249,12.216494,26925,192,,False
1780157237,2026-05-30T16:07:17+00:00,44.437244,12.21792,26925,190,,False
1780157239,2026-05-30T16:07:19+00:00,44.438873,12.218856,26925,188,,False
1780157241,2026-05-30T16:07:21+00:00,44.440838,12.219876,26950,188,,False
1780157243,2026-05-30T16:07:23+00:00,44.442387,12.220481,26950,188,,False
1780157246,2026-05-30T16:07:26+00:00,44.444126,12.22097,26950,188,,False
1780157248,2026-05-30T16:07:28+00:00,44.445953,12.221364,26950,188,,False
1780157250,2026-05-30T16:07:30+00:00,44.447765,12.221597,26950,188,,False
1780157252,2026-05-30T16:07:32+00:00,44.449734,12.221715,26950,183,,False
1780157254,2026-05-30T16:07:34+00:00,44.451538,12.221623,26950,181,,False
1780157257,2026-05-30T16:07:37+00:00,44.453583,12.22135,26950,178,,False
1780157259,2026-05-30T16:07:39+00:00,44.455204,12.22083,26950,178,,False
1780157261,2026-05-30T16:07:41+00:00,44.456924,12.220222,26950,178,,False
1780157263,2026-05-30T16:07:43+00:00,44.458687,12.219512,26950,176,,False
1780157265,2026-05-30T16:07:45+00:00,44.460224,12.218634,26950,176,,False
1780157267,2026-05-30T16:07:47+00:00,44.46183,12.217684,26950,174,,False
1780157269,2026-05-30T16:07:49+00:00,44.463276,12.216558,26950,174,,False
1780157272,2026-05-30T16:07:52+00:00,44.464752,12.215064,26950,174,,False
1780157274,2026-05-30T16:07:54+00:00,44.466141,12.213737,26950,174,,False
1780157276,2026-05-30T16:07:56+00:00,44.467659,12.211941,26950,174,,False
1780157279,2026-05-30T16:07:59+00:00,44.468914,12.210373,26950,174,,False
1780157281,2026-05-30T16:08:01+00:00,44.470108,12.208441,26950,172,,False
1780157283,2026-05-30T16:08:03+00:00,44.471424,12.206125,26950,172,,False
1780157285,2026-05-30T16:08:05+00:00,44.472324,12.204103,26950,172,,False
1780157287,2026-05-30T16:08:07+00:00,44.473125,12.202206,26950,174,,False
1780157290,2026-05-30T16:08:10+00:00,44.473942,12.199931,26950,174,,False
1780157292,2026-05-30T16:08:12+00:00,44.474693,12.197235,26950,174,,False
1780157294,2026-05-30T16:08:14+00:00,44.475304,12.194876,26950,174,,False
1780157297,2026-05-30T16:08:17+00:00,44.475658,12.192645,26950,174,,False
1780157299,2026-05-30T16:08:19+00:00,44.476002,12.189836,26950,174,,False
1780157301,2026-05-30T16:08:21+00:00,44.476238,12.187311,26950,174,,False
1780157303,2026-05-30T16:08:23+00:00,44.47633,12.18483,26950,174,,False
1780157306,2026-05-30T16:08:26+00:00,44.476246,12.182372,26950,174,,False
1780157308,2026-05-30T16:08:28+00:00,44.476109,12.180023,26950,174,,False
1780157310,2026-05-30T16:08:30+00:00,44.475792,12.177256,26950,175,,False
1780157312,2026-05-30T16:08:32+00:00,44.475422,12.174839,26950,183,,False
1780157314,2026-05-30T16:08:34+00:00,44.474823,12.171945,26950,178,,False
1780157316,2026-05-30T16:08:36+00:00,44.474281,12.170125,26950,178,,False
1780157319,2026-05-30T16:08:39+00:00,44.47356,12.167767,26950,185,,False
1780157321,2026-05-30T16:08:41+00:00,44.472496,12.164824,26950,186,,False
1780157323,2026-05-30T16:08:43+00:00,44.471573,12.162725,26950,177,,False
1780157325,2026-05-30T16:08:45+00:00,44.470554,12.160695,26950,189,,False
1780157328,2026-05-30T16:08:48+00:00,44.469471,12.15874,26950,182,,False
1780157330,2026-05-30T16:08:50+00:00,44.468056,12.156454,26950,186,,False
1780157332,2026-05-30T16:08:52+00:00,44.466873,12.15479,26950,185,,False
1780157334,2026-05-30T16:08:54+00:00,44.46513,12.152676,26950,194,,False
1780157336,2026-05-30T16:08:56+00:00,44.463856,12.151461,26950,186,,False
1780157338,2026-05-30T16:08:58+00:00,44.462189,12.149782,26950,194,,False
1780157340,2026-05-30T16:09:00+00:00,44.460598,12.14848,26950,193,,False
1780157342,2026-05-30T16:09:02+00:00,44.458988,12.147325,26950,195,,False
1780157344,2026-05-30T16:09:04+00:00,44.457394,12.146273,26950,194,,False
1780157347,2026-05-30T16:09:07+00:00,44.455635,12.145348,26950,196,,False
1780157349,2026-05-30T16:09:09+00:00,44.453857,12.144573,26950,200,,False
1780157351,2026-05-30T16:09:11+00:00,44.45208,12.143778,26950,193,,False
1780157353,2026-05-30T16:09:13+00:00,44.44997,12.143277,26950,195,,False
1780157355,2026-05-30T16:09:15+00:00,44.44809,12.142804,26925,201,,False
1780157357,2026-05-30T16:09:17+00:00,44.445934,12.142443,26925,200,,False
1780157359,2026-05-30T16:09:19+00:00,44.443962,12.142346,26925,207,,False
1780157361,2026-05-30T16:09:21+00:00,44.441998,12.14238,26925,202,,False
1780157364,2026-05-30T16:09:24+00:00,44.440071,12.142717,26925,204,,False
1780157366,2026-05-30T16:09:26+00:00,44.437756,12.143145,26925,204,,False
1780157368,2026-05-30T16:09:28+00:00,44.435688,12.143613,26925,206,,False
1780157370,2026-05-30T16:09:30+00:00,44.433472,12.144444,26925,206,,False
1780157373,2026-05-30T16:09:33+00:00,44.431618,12.145388,26950,206,,False
1780157375,2026-05-30T16:09:35+00:00,44.429756,12.146371,26950,206,,False
1780157377,2026-05-30T16:09:37+00:00,44.427441,12.147691,26950,208,,False
1780157379,2026-05-30T16:09:39+00:00,44.425976,12.148716,26950,208,,False
1780157381,2026-05-30T16:09:41+00:00,44.42395,12.149964,26950,208,,False
1780157384,2026-05-30T16:09:44+00:00,44.421974,12.151197,26950,208,,False
1780157386,2026-05-30T16:09:46+00:00,44.41964,12.152714,26925,208,,False
1780157388,2026-05-30T16:09:48+00:00,44.417713,12.153958,26925,210,,False
1780157391,2026-05-30T16:09:51+00:00,44.415863,12.155051,26925,210,,False
1780157393,2026-05-30T16:09:53+00:00,44.413822,12.156264,26925,210,,False
1780157395,2026-05-30T16:09:55+00:00,44.411488,12.157773,26925,210,,False
1780157398,2026-05-30T16:09:58+00:00,44.409607,12.159006,26925,210,,False
1780157400,2026-05-30T16:10:00+00:00,44.407776,12.160167,26925,210,,False
1780157402,2026-05-30T16:10:02+00:00,44.405785,12.161398,26925,210,,False
1780157404,2026-05-30T16:10:04+00:00,44.404003,12.162448,26925,210,,False
1780157406,2026-05-30T16:10:06+00:00,44.401875,12.16378,26925,210,,False
1780157415,2026-05-30T16:10:15+00:00,44.394329,12.168981,26925,212,,False
1780157417,2026-05-30T16:10:17+00:00,44.39246,12.170589,26925,212,,False
1780157419,2026-05-30T16:10:19+00:00,44.39064,12.172414,26950,210,,False
1780157421,2026-05-30T16:10:21+00:00,44.389084,12.173985,26950,210,,False
1780157424,2026-05-30T16:10:24+00:00,44.387539,12.1757,26950,212,,False
1780157426,2026-05-30T16:10:26+00:00,44.385811,12.177975,26950,212,,False
1780157428,2026-05-30T16:10:28+00:00,44.384418,12.180045,26950,212,,False
1780157430,2026-05-30T16:10:30+00:00,44.382786,12.182461,26950,212,,False
1780157432,2026-05-30T16:10:32+00:00,44.381351,12.185322,26950,210,,False
1780157435,2026-05-30T16:10:35+00:00,44.380558,12.186994,26950,210,,False
1780157437,2026-05-30T16:10:37+00:00,44.379444,12.189638,26950,210,,False
1780157439,2026-05-30T16:10:39+00:00,44.378544,12.192323,26950,210,,False
1780157441,2026-05-30T16:10:41+00:00,44.377651,12.195037,26950,210,,False
1780157443,2026-05-30T16:10:43+00:00,44.37698,12.197588,26950,208,,False
1780157445,2026-05-30T16:10:45+00:00,44.376434,12.200274,26950,208,,False
1780157447,2026-05-30T16:10:47+00:00,44.375919,12.203191,26950,208,,False
1780157450,2026-05-30T16:10:50+00:00,44.375542,12.205862,26950,208,,False
1780157452,2026-05-30T16:10:52+00:00,44.375298,12.208762,26950,206,,False
1780157454,2026-05-30T16:10:54+00:00,44.375164,12.211739,26950,206,,False
1780157456,2026-05-30T16:10:56+00:00,44.375191,12.214822,26950,206,,False
1780157458,2026-05-30T16:10:58+00:00,44.375305,12.217632,26950,206,,False
1780157461,2026-05-30T16:11:01+00:00,44.3755,12.22046,26950,204,,False
1780157463,2026-05-30T16:11:03+00:00,44.375843,12.223246,26950,202,,False
1780157465,2026-05-30T16:11:05+00:00,44.376335,12.226137,26950,202,,False
1780157468,2026-05-30T16:11:08+00:00,44.37709,12.229345,26950,200,,False
1780157470,2026-05-30T16:11:10+00:00,44.377831,12.231867,26950,200,,False
1780157472,2026-05-30T16:11:12+00:00,44.378689,12.234141,26950,198,,False
1780157474,2026-05-30T16:11:14+00:00,44.379585,12.236593,26950,198,,False
1780157476,2026-05-30T16:11:16+00:00,44.380638,12.239034,26950,196,,False
1780157478,2026-05-30T16:11:18+00:00,44.381828,12.241205,26950,196,,False
1780157480,2026-05-30T16:11:20+00:00,44.383064,12.243242,26950,194,,False
1780157483,2026-05-30T16:11:23+00:00,44.384384,12.245321,26950,194,,False
1780157485,2026-05-30T16:11:25+00:00,44.385742,12.247026,26950,192,,False
1780157487,2026-05-30T16:11:27+00:00,44.387188,12.248693,26950,192,,False
1780157489,2026-05-30T16:11:29+00:00,44.388844,12.250485,26950,190,,False
1780157491,2026-05-30T16:11:31+00:00,44.390511,12.251971,26950,190,,False
1780157494,2026-05-30T16:11:34+00:00,44.392467,12.253359,26950,188,,False
1780157496,2026-05-30T16:11:36+00:00,44.393986,12.254255,26950,186,,False
1780157498,2026-05-30T16:11:38+00:00,44.395451,12.254962,26950,186,,False
1780157500,2026-05-30T16:11:40+00:00,44.39735,12.255868,26950,182,,False
1780157502,2026-05-30T16:11:42+00:00,44.399063,12.256431,26950,182,,False
1780157505,2026-05-30T16:11:45+00:00,44.4011,12.256809,26950,180,,False
1780157507,2026-05-30T16:11:47+00:00,44.40279,12.257108,26950,180,,False
1780157509,2026-05-30T16:11:49+00:00,44.404594,12.257182,26950,178,,False
1780157511,2026-05-30T16:11:51+00:00,44.406578,12.25709,26950,178,,False
1780157513,2026-05-30T16:11:53+00:00,44.408318,12.256702,26950,178,,False
1780157516,2026-05-30T16:11:56+00:00,44.410137,12.256207,26950,176,,False
1780157518,2026-05-30T16:11:58+00:00,44.412155,12.255435,26950,176,,False
1780157520,2026-05-30T16:12:00+00:00,44.413609,12.254688,26950,174,,False
1780157523,2026-05-30T16:12:03+00:00,44.415493,12.253541,26950,174,,False
1780157525,2026-05-30T16:12:05+00:00,44.417171,12.252206,26950,174,,False
1780157527,2026-05-30T16:12:07+00:00,44.418617,12.251047,26950,174,,False
1780157529,2026-05-30T16:12:09+00:00,44.4202,12.249417,26950,174,,False
1780157532,2026-05-30T16:12:12+00:00,44.421379,12.24784,26950,174,,False
1780157535,2026-05-30T16:12:15+00:00,44.422852,12.245751,26950,174,,False
1780157537,2026-05-30T16:12:17+00:00,44.424099,12.243679,26950,174,,False
1780157539,2026-05-30T16:12:19+00:00,44.425045,12.241908,26950,174,,False
1780157541,2026-05-30T16:12:21+00:00,44.42606,12.239579,26950,174,,False
1780157543,2026-05-30T16:12:23+00:00,44.426819,12.237544,26950,174,,False
1780157545,2026-05-30T16:12:25+00:00,44.427448,12.235519,26950,174,,False
1780157547,2026-05-30T16:12:27+00:00,44.428078,12.232945,26950,176,,False
1780157550,2026-05-30T16:12:30+00:00,44.428547,12.230557,26950,176,,False
1780157552,2026-05-30T16:12:32+00:00,44.428928,12.227949,26950,178,,False
1780157554,2026-05-30T16:12:34+00:00,44.429161,12.225514,26950,178,,False
1780157556,2026-05-30T16:12:36+00:00,44.429237,12.223149,26950,178,,False
1780157558,2026-05-30T16:12:38+00:00,44.429218,12.220572,26950,178,,False
1780157561,2026-05-30T16:12:41+00:00,44.429131,12.217958,26950,178,,False
1780157563,2026-05-30T16:12:43+00:00,44.428791,12.215231,26950,178,,False
1780157565,2026-05-30T16:12:45+00:00,44.428402,12.212933,26950,178,,False
1780157567,2026-05-30T16:12:47+00:00,44.427795,12.210107,26950,184,,False
1780157570,2026-05-30T16:12:50+00:00,44.427147,12.207782,26950,182,,False
1780157572,2026-05-30T16:12:52+00:00,44.426437,12.205544,26950,183,,False
1780157574,2026-05-30T16:12:54+00:00,44.425533,12.203298,26950,186,,False
1780157576,2026-05-30T16:12:56+00:00,44.424664,12.201276,26950,188,,False
1780157578,2026-05-30T16:12:58+00:00,44.423313,12.198518,26950,189,,False
1780157580,2026-05-30T16:13:00+00:00,44.421997,12.196461,26950,190,,False
1780157582,2026-05-30T16:13:02+00:00,44.42086,12.194604,26950,192,,False
1780157585,2026-05-30T16:13:05+00:00,44.419449,12.19296,26950,191,,False
1780157587,2026-05-30T16:13:07+00:00,44.417965,12.191255,26950,190,,False
1780157589,2026-05-30T16:13:09+00:00,44.416519,12.189658,26950,195,,False
1780157591,2026-05-30T16:13:11+00:00,44.414711,12.188101,26950,194,,False
1780157593,2026-05-30T16:13:13+00:00,44.412949,12.186843,26950,195,,False
1780157596,2026-05-30T16:13:16+00:00,44.411175,12.185595,26950,196,,False
1780157598,2026-05-30T16:13:18+00:00,44.409328,12.184693,26950,201,,False
1780157600,2026-05-30T16:13:20+00:00,44.407238,12.183605,26950,199,,False
1780157602,2026-05-30T16:13:22+00:00,44.405792,12.183128,26950,195,,False
1780157604,2026-05-30T16:13:24+00:00,44.403576,12.18244,26950,201,,False
1780157606,2026-05-30T16:13:26+00:00,44.401508,12.182087,26950,201,,False
1780157609,2026-05-30T16:13:29+00:00,44.399319,12.181834,26950,206,,False
1780157611,2026-05-30T16:13:31+00:00,44.397396,12.181802,26950,203,,False
1780157613,2026-05-30T16:13:33+00:00,44.395237,12.181986,26950,206,,False
1780157615,2026-05-30T16:13:35+00:00,44.393509,12.182317,26950,208,,False
1780157617,2026-05-30T16:13:37+00:00,44.391468,12.182743,26950,208,,False
1780157619,2026-05-30T16:13:39+00:00,44.389454,12.183328,26950,210,,False
1780157621,2026-05-30T16:13:41+00:00,44.387466,12.184078,26950,210,,False
1780157623,2026-05-30T16:13:43+00:00,44.385254,12.185163,26950,210,,False
1780157625,2026-05-30T16:13:45+00:00,44.383377,12.186337,26950,210,,False
1780157628,2026-05-30T16:13:48+00:00,44.381485,12.187584,26950,212,,False
1780157630,2026-05-30T16:13:50+00:00,44.379562,12.189084,26925,212,,False
1780157632,2026-05-30T16:13:52+00:00,44.377949,12.190662,26925,212,,False
1780157634,2026-05-30T16:13:54+00:00,44.37635,12.192607,26925,212,,False
1780157636,2026-05-30T16:13:56+00:00,44.374866,12.194654,26950,212,,False
1780157639,2026-05-30T16:13:59+00:00,44.373295,12.1972,26950,212,,False
1780157641,2026-05-30T16:14:01+00:00,44.372143,12.199345,26950,210,,False
1780157643,2026-05-30T16:14:03+00:00,44.370872,12.202243,26950,210,,False
1780157645,2026-05-30T16:14:05+00:00,44.370064,12.204552,26950,210,,False
1780157647,2026-05-30T16:14:07+00:00,44.369244,12.207196,26950,208,,False
1780157649,2026-05-30T16:14:09+00:00,44.368473,12.210249,26950,208,,False
1780157652,2026-05-30T16:14:12+00:00,44.368095,12.212936,26950,206,,False
1780157654,2026-05-30T16:14:14+00:00,44.367825,12.215777,26950,206,,False
1780157656,2026-05-30T16:14:16+00:00,44.367702,12.218476,26950,204,,False
1780157658,2026-05-30T16:14:18+00:00,44.367699,12.221148,26950,204,,False
1780157660,2026-05-30T16:14:20+00:00,44.367878,12.223964,26950,202,,False
1780157662,2026-05-30T16:14:22+00:00,44.368252,12.226917,26950,202,,False
1780157665,2026-05-30T16:14:25+00:00,44.368877,12.2298,26950,202,,False
1780157667,2026-05-30T16:14:27+00:00,44.369537,12.232289,26950,198,,False
1780157669,2026-05-30T16:14:29+00:00,44.370289,12.23466,26950,196,,False
1780157671,2026-05-30T16:14:31+00:00,44.371235,12.237019,26950,196,,False
1780157673,2026-05-30T16:14:33+00:00,44.372681,12.23996,26950,192,,False
1780157675,2026-05-30T16:14:35+00:00,44.373726,12.241579,26950,190,,False
1780157678,2026-05-30T16:14:38+00:00,44.375401,12.243881,26950,190,,False
1780157680,2026-05-30T16:14:40+00:00,44.376678,12.245194,26950,188,,False
1780157682,2026-05-30T16:14:42+00:00,44.378044,12.246419,26950,188,,False
1780157684,2026-05-30T16:14:44+00:00,44.379814,12.247915,26950,184,,False
1780157686,2026-05-30T16:14:46+00:00,44.38121,12.248772,26950,184,,False
1780157688,2026-05-30T16:14:48+00:00,44.382915,12.249641,26950,180,,False
1780157691,2026-05-30T16:14:51+00:00,44.384972,12.250314,26950,180,,False
1780157693,2026-05-30T16:14:53+00:00,44.386665,12.250674,26950,178,,False
1780157695,2026-05-30T16:14:55+00:00,44.388302,12.250691,26950,176,,False
1780157697,2026-05-30T16:14:57+00:00,44.390495,12.250576,26950,176,,False
1780157699,2026-05-30T16:14:59+00:00,44.392189,12.250352,26950,174,,False
1780157702,2026-05-30T16:15:02+00:00,44.393726,12.249615,26950,174,,False
1780157704,2026-05-30T16:15:04+00:00,44.395569,12.248896,26950,172,,False
1780157706,2026-05-30T16:15:06+00:00,44.397091,12.247725,26950,172,,False
1780157709,2026-05-30T16:15:09+00:00,44.398853,12.246256,26975,172,,False
1780157711,2026-05-30T16:15:11+00:00,44.400345,12.245054,26975,172,,False
1780157713,2026-05-30T16:15:13+00:00,44.402035,12.243784,26950,172,,False
1780157715,2026-05-30T16:15:15+00:00,44.403507,12.242685,26950,174,,False
1780157717,2026-05-30T16:15:17+00:00,44.40493,12.241529,26950,174,,False
1780157720,2026-05-30T16:15:20+00:00,44.40654,12.240331,26950,174,,False
1780157722,2026-05-30T16:15:22+00:00,44.408009,12.239219,26925,174,,False
1780157724,2026-05-30T16:15:24+00:00,44.409538,12.238011,26925,176,,False
1780157726,2026-05-30T16:15:26+00:00,44.410965,12.236874,26925,176,,False
1780157728,2026-05-30T16:15:28+00:00,44.412575,12.235696,26925,176,,False
1780157730,2026-05-30T16:15:30+00:00,44.414192,12.234464,26925,176,,False
1780157733,2026-05-30T16:15:33+00:00,44.415691,12.23326,26925,176,,False
1780157735,2026-05-30T16:15:35+00:00,44.417149,12.232091,26925,176,,False
1780157747,2026-05-30T16:15:47+00:00,44.426285,12.2248,26925,178,,False
1780157752,2026-05-30T16:15:52+00:00,44.429276,12.222352,26925,178,,False
1780157754,2026-05-30T16:15:54+00:00,44.430824,12.221073,26925,178,,False
1780157756,2026-05-30T16:15:56+00:00,44.43227,12.219862,26925,178,,False
1780157758,2026-05-30T16:15:58+00:00,44.433819,12.218573,26925,178,,False
1780157760,2026-05-30T16:16:00+00:00,44.435333,12.217291,26925,178,,False
1780157762,2026-05-30T16:16:02+00:00,44.436779,12.216112,26925,178,,False
1780157764,2026-05-30T16:16:04+00:00,44.43832,12.214755,26925,178,,False
1780157767,2026-05-30T16:16:07+00:00,44.439751,12.213306,26925,178,,False
1780157769,2026-05-30T16:16:09+00:00,44.441067,12.211699,26950,176,,False
1780157771,2026-05-30T16:16:11+00:00,44.442383,12.209867,26950,176,,False
1780157773,2026-05-30T16:16:13+00:00,44.443451,12.208338,26950,176,,False
1780157775,2026-05-30T16:16:15+00:00,44.444633,12.20645,26950,176,,False
1780157777,2026-05-30T16:16:17+00:00,44.445744,12.204293,26950,176,,False
1780157780,2026-05-30T16:16:20+00:00,44.446766,12.202154,26950,176,,False
1780157782,2026-05-30T16:16:22+00:00,44.447575,12.200165,26950,176,,False
1780157784,2026-05-30T16:16:24+00:00,44.44841,12.197937,26950,176,,False
1780157786,2026-05-30T16:16:26+00:00,44.449055,12.195939,26975,176,,False
1780157788,2026-05-30T16:16:28+00:00,44.449734,12.193359,26950,176,,False
1780157790,2026-05-30T16:16:30+00:00,44.450249,12.191202,26950,178,,False
1780157792,2026-05-30T16:16:32+00:00,44.450569,12.188829,26950,178,,False
1780157794,2026-05-30T16:16:34+00:00,44.450752,12.186337,26950,178,,False
1780157797,2026-05-30T16:16:37+00:00,44.450775,12.183801,26975,178,,False
1780157799,2026-05-30T16:16:39+00:00,44.450619,12.181267,26975,178,,False
1780157801,2026-05-30T16:16:41+00:00,44.450333,12.178144,26975,182,,False
1780157803,2026-05-30T16:16:43+00:00,44.449833,12.17589,26950,183,,False
1780157806,2026-05-30T16:16:46+00:00,44.449142,12.173591,26950,181,,False
1780157808,2026-05-30T16:16:48+00:00,44.448429,12.171385,26950,186,,False
1780157810,2026-05-30T16:16:50+00:00,44.447433,12.169048,26975,182,,False
1780157812,2026-05-30T16:16:52+00:00,44.446461,12.167028,26975,187,,False
1780157814,2026-05-30T16:16:54+00:00,44.445332,12.165073,26975,194,,False
1780157816,2026-05-30T16:16:56+00:00,44.44408,12.163193,26975,188,,False
1780157818,2026-05-30T16:16:58+00:00,44.442497,12.161306,26975,190,,False
1780157821,2026-05-30T16:17:01+00:00,44.440899,12.159631,26975,193,,False
1780157823,2026-05-30T16:17:03+00:00,44.439152,12.158234,26950,196,,False
1780157825,2026-05-30T16:17:05+00:00,44.436954,12.156595,26950,189,,False
1780157827,2026-05-30T16:17:07+00:00,44.43565,12.155888,26950,194,,False
1780157829,2026-05-30T16:17:09+00:00,44.433498,12.154902,26950,198,,False
1780157832,2026-05-30T16:17:12+00:00,44.431614,12.154231,26950,201,,False
1780157834,2026-05-30T16:17:14+00:00,44.429707,12.153895,26950,204,,False
1780157836,2026-05-30T16:17:16+00:00,44.427837,12.153672,26950,204,,False
1780157838,2026-05-30T16:17:18+00:00,44.425896,12.153715,26950,204,,False
1780157840,2026-05-30T16:17:20+00:00,44.423733,12.153979,26950,209,,False
1780157842,2026-05-30T16:17:22+00:00,44.421749,12.154272,26950,206,,False
1780157844,2026-05-30T16:17:24+00:00,44.419689,12.154946,26950,208,,False
1780157846,2026-05-30T16:17:26+00:00,44.417774,12.155863,26950,210,,False
1780157848,2026-05-30T16:17:28+00:00,44.415829,12.156883,26950,210,,False
1780157850,2026-05-30T16:17:30+00:00,44.413918,12.158114,26950,210,,False
1780157853,2026-05-30T16:17:33+00:00,44.412247,12.159504,26950,212,,False
1780157855,2026-05-30T16:17:35+00:00,44.410587,12.161106,26950,212,,False
1780157857,2026-05-30T16:17:37+00:00,44.40876,12.16294,26950,212,,False
1780157859,2026-05-30T16:17:39+00:00,44.406967,12.165251,26950,212,,False
1780157862,2026-05-30T16:17:42+00:00,44.405643,12.167297,26950,212,,False
1780157864,2026-05-30T16:17:44+00:00,44.404301,12.16959,26950,212,,False
1780157866,2026-05-30T16:17:46+00:00,44.403069,12.171996,26950,212,,False
1780157868,2026-05-30T16:17:48+00:00,44.402088,12.174371,26950,212,,False
1780157870,2026-05-30T16:17:50+00:00,44.401134,12.176785,26950,212,,False
1780157872,2026-05-30T16:17:52+00:00,44.400391,12.179274,26950,212,,False
1780157874,2026-05-30T16:17:54+00:00,44.399696,12.182294,26950,210,,False
1780157876,2026-05-30T16:17:56+00:00,44.399174,12.185343,26950,210,,False
1780157878,2026-05-30T16:17:58+00:00,44.398846,12.187912,26950,210,,False
1780157881,2026-05-30T16:18:01+00:00,44.398613,12.190966,26950,208,,False
1780157883,2026-05-30T16:18:03+00:00,44.398586,12.193885,26950,208,,False
1780157885,2026-05-30T16:18:05+00:00,44.39867,12.196545,26950,206,,False
1780157887,2026-05-30T16:18:07+00:00,44.398861,12.199239,26950,206,,False
1780157889,2026-05-30T16:18:09+00:00,44.39917,12.20188,26950,204,,False
1780157891,2026-05-30T16:18:11+00:00,44.399681,12.204431,26950,204,,False
1780157893,2026-05-30T16:18:13+00:00,44.400333,12.206982,26950,202,,False
1780157895,2026-05-30T16:18:15+00:00,44.401234,12.209844,26950,200,,False
1780157897,2026-05-30T16:18:17+00:00,44.402138,12.212197,26950,200,,False
1780157899,2026-05-30T16:18:19+00:00,44.403168,12.214696,26950,198,,False
1780157902,2026-05-30T16:18:22+00:00,44.404343,12.216568,26950,196,,False
1780157904,2026-05-30T16:18:24+00:00,44.405834,12.218883,26950,194,,False
1780157906,2026-05-30T16:18:26+00:00,44.406895,12.220457,26950,194,,False
1780157908,2026-05-30T16:18:28+00:00,44.40876,12.222404,26950,192,,False
1780157910,2026-05-30T16:18:30+00:00,44.410278,12.223858,26950,192,,False
1780157913,2026-05-30T16:18:33+00:00,44.411983,12.225214,26950,188,,False
1780157916,2026-05-30T16:18:36+00:00,44.41407,12.226513,26950,186,,False
1780157918,2026-05-30T16:18:38+00:00,44.416019,12.227475,26950,186,,False
1780157920,2026-05-30T16:18:40+00:00,44.418228,12.228051,26950,184,,False
1780157922,2026-05-30T16:18:42+00:00,44.420074,12.228415,26950,182,,False
1780157925,2026-05-30T16:18:45+00:00,44.421749,12.228476,26950,182,,False
1780157927,2026-05-30T16:18:47+00:00,44.424004,12.228547,26925,182,,False
1780157929,2026-05-30T16:18:49+00:00,44.425694,12.228106,26950,180,,False
1780157931,2026-05-30T16:18:51+00:00,44.427338,12.227488,26950,180,,False
1780157934,2026-05-30T16:18:54+00:00,44.429173,12.226674,26950,176,,False
1780157936,2026-05-30T16:18:56+00:00,44.430801,12.225697,26950,176,,False
1780157938,2026-05-30T16:18:58+00:00,44.432163,12.224727,26950,176,,False
1780157940,2026-05-30T16:19:00+00:00,44.433712,12.223336,26950,176,,False
1780157942,2026-05-30T16:19:02+00:00,44.435062,12.221853,26950,176,,False
1780157944,2026-05-30T16:19:04+00:00,44.436317,12.220034,26950,174,,False
1780157946,2026-05-30T16:19:06+00:00,44.437542,12.218135,26950,174,,False
1780157948,2026-05-30T16:19:08+00:00,44.438538,12.216505,26950,174,,False
1780157951,2026-05-30T16:19:11+00:00,44.439468,12.214291,26950,176,,False
1780157953,2026-05-30T16:19:13+00:00,44.440151,12.212275,26950,176,,False
1780157955,2026-05-30T16:19:15+00:00,44.4408,12.210056,26950,176,,False
1780157957,2026-05-30T16:19:17+00:00,44.441284,12.207775,26950,176,,False
1780157959,2026-05-30T16:19:19+00:00,44.441669,12.205117,26950,176,,False
1780157961,2026-05-30T16:19:21+00:00,44.441837,12.202767,26950,178,,False
1780157964,2026-05-30T16:19:24+00:00,44.441883,12.20018,26950,178,,False
1780157966,2026-05-30T16:19:26+00:00,44.44178,12.197832,26950,178,,False
1780157968,2026-05-30T16:19:28+00:00,44.441544,12.195414,26950,181,,False
1780157970,2026-05-30T16:19:30+00:00,44.441143,12.193052,26950,181,,False
1780157972,2026-05-30T16:19:32+00:00,44.440544,12.190604,26950,181,,False
1780157974,2026-05-30T16:19:34+00:00,44.439747,12.188162,26950,183,,False
1780157976,2026-05-30T16:19:36+00:00,44.438927,12.185935,26950,182,,False
1780157979,2026-05-30T16:19:39+00:00,44.437744,12.183384,26950,186,,False
1780157981,2026-05-30T16:19:41+00:00,44.436661,12.181494,26950,191,,False
1780157983,2026-05-30T16:19:43+00:00,44.43549,12.179532,26950,186,,False
1780157985,2026-05-30T16:19:45+00:00,44.434288,12.17801,26950,185,,False
1780157987,2026-05-30T16:19:47+00:00,44.4324,12.175872,26950,195,,False
1780157989,2026-05-30T16:19:49+00:00,44.43087,12.17445,26950,196,,False
1780157991,2026-05-30T16:19:51+00:00,44.429348,12.173207,26950,195,,False
1780157993,2026-05-30T16:19:53+00:00,44.427399,12.171914,26950,191,,False
1780157995,2026-05-30T16:19:55+00:00,44.425888,12.171103,26950,199,,False
1780157998,2026-05-30T16:19:58+00:00,44.424122,12.170429,26950,197,,False
1780158000,2026-05-30T16:20:00+00:00,44.422169,12.169817,26950,195,,False
1780158002,2026-05-30T16:20:02+00:00,44.420135,12.169518,26950,203,,False
1780158004,2026-05-30T16:20:04+00:00,44.418053,12.169298,26950,209,,False
1780158006,2026-05-30T16:20:06+00:00,44.415955,12.169278,26950,204,,False
1780158008,2026-05-30T16:20:08+00:00,44.413944,12.169676,26950,203,,False
1780158010,2026-05-30T16:20:10+00:00,44.41169,12.170138,26950,203,,False
1780158012,2026-05-30T16:20:12+00:00,44.409966,12.170826,26950,208,,False
1780158014,2026-05-30T16:20:14+00:00,44.408176,12.171669,26950,208,,False
1780158017,2026-05-30T16:20:17+00:00,44.40625,12.172674,26950,210,,False
1780158019,2026-05-30T16:20:19+00:00,44.404465,12.173894,26950,210,,False
1780158021,2026-05-30T16:20:21+00:00,44.402805,12.175339,26950,210,,False
1780158023,2026-05-30T16:20:23+00:00,44.401039,12.176853,26950,210,,False
1780158025,2026-05-30T16:20:25+00:00,44.399216,12.179027,26950,212,,False
1780158027,2026-05-30T16:20:27+00:00,44.397781,12.180789,26950,212,,False
1780158029,2026-05-30T16:20:29+00:00,44.396336,12.182977,26950,212,,False
1780158032,2026-05-30T16:20:32+00:00,44.394928,12.185451,26950,212,,False
1780158034,2026-05-30T16:20:34+00:00,44.393764,12.187803,26950,212,,False
1780158036,2026-05-30T16:20:36+00:00,44.392693,12.190288,26950,212,,False
1780158038,2026-05-30T16:20:38+00:00,44.391731,12.193097,26950,212,,False
1780158041,2026-05-30T16:20:41+00:00,44.390961,12.195998,26950,210,,False
1780158043,2026-05-30T16:20:43+00:00,44.390236,12.199288,26950,210,,False
1780158045,2026-05-30T16:20:45+00:00,44.389889,12.201761,26950,210,,False
1780158047,2026-05-30T16:20:47+00:00,44.389503,12.204688,26950,210,,False
1780158049,2026-05-30T16:20:49+00:00,44.389393,12.207615,26950,208,,False
1780158051,2026-05-30T16:20:51+00:00,44.389336,12.210224,26950,206,,False
1780158053,2026-05-30T16:20:53+00:00,44.389496,12.213179,26950,206,,False
1780158055,2026-05-30T16:20:55+00:00,44.389812,12.215904,26925,204,,False
1780158058,2026-05-30T16:20:58+00:00,44.390194,12.218578,26950,204,,False
1780158060,2026-05-30T16:21:00+00:00,44.390881,12.221204,26950,202,,False
1780158062,2026-05-30T16:21:02+00:00,44.391636,12.223744,26950,202,,False
1780158064,2026-05-30T16:21:04+00:00,44.392647,12.226778,26950,200,,False
1780158067,2026-05-30T16:21:07+00:00,44.393726,12.229293,26950,200,,False
1780158069,2026-05-30T16:21:09+00:00,44.394825,12.231455,26950,196,,False
1780158071,2026-05-30T16:21:11+00:00,44.396282,12.23384,26950,194,,False
1780158073,2026-05-30T16:21:13+00:00,44.397545,12.235783,26950,194,,False
1780158075,2026-05-30T16:21:15+00:00,44.399147,12.237489,26950,192,,False
1780158078,2026-05-30T16:21:18+00:00,44.400635,12.2389,26950,192,,False
1780158080,2026-05-30T16:21:20+00:00,44.402206,12.240254,26950,192,,False
1780158082,2026-05-30T16:21:22+00:00,44.404118,12.241461,26950,192,,False
1780158084,2026-05-30T16:21:24+00:00,44.405708,12.242282,26950,186,,False
1780158086,2026-05-30T16:21:26+00:00,44.407417,12.243017,26950,186,,False
1780158089,2026-05-30T16:21:29+00:00,44.409386,12.243587,26950,186,,False
1780158091,2026-05-30T16:21:31+00:00,44.411217,12.243803,26950,182,,False
1780158093,2026-05-30T16:21:33+00:00,44.413044,12.244027,26950,180,,False
1780158095,2026-05-30T16:21:35+00:00,44.415119,12.243892,26950,180,,False
1780158097,2026-05-30T16:21:37+00:00,44.416691,12.243499,26950,178,,False
1780158099,2026-05-30T16:21:39+00:00,44.418385,12.242839,26950,178,,False
1780158102,2026-05-30T16:21:42+00:00,44.420101,12.242213,26950,178,,False
1780158104,2026-05-30T16:21:44+00:00,44.421917,12.241045,26950,176,,False
1780158106,2026-05-30T16:21:46+00:00,44.423466,12.239775,26950,176,,False
1780158108,2026-05-30T16:21:48+00:00,44.424881,12.23842,26950,176,,False
1780158110,2026-05-30T16:21:50+00:00,44.426289,12.236814,26950,176,,False
1780158113,2026-05-30T16:21:53+00:00,44.427387,12.235333,26950,174,,False
1780158115,2026-05-30T16:21:55+00:00,44.428734,12.233239,26950,174,,False
1780158117,2026-05-30T16:21:57+00:00,44.429802,12.231227,26950,174,,False
1780158119,2026-05-30T16:21:59+00:00,44.430817,12.22934,26950,174,,False
1780158122,2026-05-30T16:22:02+00:00,44.431999,12.227274,26950,174,,False
1780158124,2026-05-30T16:22:04+00:00,44.433308,12.225166,26925,176,,False
1780158126,2026-05-30T16:22:06+00:00,44.434441,12.223156,26925,176,,False
1780158129,2026-05-30T16:22:09+00:00,44.435585,12.22128,26950,176,,False
1780158131,2026-05-30T16:22:11+00:00,44.436718,12.219485,26950,176,,False
1780158133,2026-05-30T16:22:13+00:00,44.438023,12.217357,26925,176,,False
1780158135,2026-05-30T16:22:15+00:00,44.43922,12.215432,26925,176,,False
1780158137,2026-05-30T16:22:17+00:00,44.440243,12.213742,26925,176,,False
1780158139,2026-05-30T16:22:19+00:00,44.441353,12.21196,26925,176,,False
1780158142,2026-05-30T16:22:22+00:00,44.442635,12.209881,26925,176,,False
1780158144,2026-05-30T16:22:24+00:00,44.443958,12.207695,26925,178,,False
1780158146,2026-05-30T16:22:26+00:00,44.445095,12.205981,26925,178,,False
1780158148,2026-05-30T16:22:28+00:00,44.446136,12.204348,26925,178,,False
1780158150,2026-05-30T16:22:30+00:00,44.447559,12.202034,26925,178,,False
1780158152,2026-05-30T16:22:32+00:00,44.448418,12.200665,26925,178,,False
1780158165,2026-05-30T16:22:45+00:00,44.455254,12.1892,26900,178,,False
1780158167,2026-05-30T16:22:47+00:00,44.456005,12.187118,26925,178,,False
1780158169,2026-05-30T16:22:49+00:00,44.456673,12.184868,26925,178,,False
1780158172,2026-05-30T16:22:52+00:00,44.45726,12.182622,26925,178,,False
1780158174,2026-05-30T16:22:54+00:00,44.457813,12.179917,26925,178,,False
1780158176,2026-05-30T16:22:56+00:00,44.458073,12.177646,26925,178,,False
1780158178,2026-05-30T16:22:58+00:00,44.458172,12.174993,26950,178,,False
1780158181,2026-05-30T16:23:01+00:00,44.458076,12.172444,26950,178,,False
1780158183,2026-05-30T16:23:03+00:00,44.457905,12.16987,26950,178,,False
1780158185,2026-05-30T16:23:05+00:00,44.45752,12.167094,26950,178,,False
1780158187,2026-05-30T16:23:07+00:00,44.457054,12.165033,26950,178,,False
1780158189,2026-05-30T16:23:09+00:00,44.45628,12.162135,26950,182,,False
1780158191,2026-05-30T16:23:11+00:00,44.45557,12.160367,26950,182,,False
1780158194,2026-05-30T16:23:14+00:00,44.454628,12.158173,26950,184,,False
1780158196,2026-05-30T16:23:16+00:00,44.453491,12.15591,26950,184,,False
1780158198,2026-05-30T16:23:18+00:00,44.452206,12.153772,26975,189,,False
1780158200,2026-05-30T16:23:20+00:00,44.451015,12.152076,26975,181,,False
1780158202,2026-05-30T16:23:22+00:00,44.44944,12.150296,26975,189,,False
1780158204,2026-05-30T16:23:24+00:00,44.447815,12.148781,26950,191,,False
1780158207,2026-05-30T16:23:27+00:00,44.446156,12.147346,26950,192,,False
1780158209,2026-05-30T16:23:29+00:00,44.444172,12.146055,26950,193,,False
1780158211,2026-05-30T16:23:31+00:00,44.442749,12.145328,26950,193,,False
1780158213,2026-05-30T16:23:33+00:00,44.440845,12.144458,26950,196,,False
1780158215,2026-05-30T16:23:35+00:00,44.43869,12.143861,26950,198,,False
1780158218,2026-05-30T16:23:38+00:00,44.436562,12.143387,26950,202,,False
1780158220,2026-05-30T16:23:40+00:00,44.434608,12.143264,26950,200,,False
1780158222,2026-05-30T16:23:42+00:00,44.432713,12.14336,26950,204,,False
1780158224,2026-05-30T16:23:44+00:00,44.430359,12.143708,26950,206,,False
1780158226,2026-05-30T16:23:46+00:00,44.428406,12.144177,26950,203,,False
1780158228,2026-05-30T16:23:48+00:00,44.426643,12.14483,26950,206,,False
1780158231,2026-05-30T16:23:51+00:00,44.42445,12.145928,26950,206,,False
1780158233,2026-05-30T16:23:53+00:00,44.422539,12.146971,26950,206,,False
1780158235,2026-05-30T16:23:55+00:00,44.420567,12.148397,26950,208,,False
1780158237,2026-05-30T16:23:57+00:00,44.418468,12.150122,26950,208,,False
1780158239,2026-05-30T16:23:59+00:00,44.417076,12.151627,26950,208,,False
1780158242,2026-05-30T16:24:02+00:00,44.414982,12.154041,26950,208,,False
1780158244,2026-05-30T16:24:04+00:00,44.414223,12.155349,26950,208,,False
1780158246,2026-05-30T16:24:06+00:00,44.41259,12.157767,26950,208,,False
1780158248,2026-05-30T16:24:08+00:00,44.411346,12.160089,26950,208,,False
1780158250,2026-05-30T16:24:10+00:00,44.410202,12.162472,26950,208,,False
1780158253,2026-05-30T16:24:13+00:00,44.409214,12.165,26950,208,,False
1780158255,2026-05-30T16:24:15+00:00,44.408337,12.16783,26950,208,,False
1780158257,2026-05-30T16:24:17+00:00,44.407475,12.171115,26950,208,,False
1780158260,2026-05-30T16:24:20+00:00,44.40691,12.174365,26950,206,,False
1780158262,2026-05-30T16:24:22+00:00,44.406425,12.177508,26950,206,,False
1780158264,2026-05-30T16:24:24+00:00,44.406326,12.180388,26950,206,,False
1780158267,2026-05-30T16:24:27+00:00,44.406319,12.183229,26950,204,,False
1780158269,2026-05-30T16:24:29+00:00,44.406429,12.186714,26950,204,,False
1780158271,2026-05-30T16:24:31+00:00,44.406712,12.189397,26950,202,,False
1780158273,2026-05-30T16:24:33+00:00,44.407146,12.192469,26950,202,,False
1780158276,2026-05-30T16:24:36+00:00,44.407692,12.195062,26950,202,,False
1780158278,2026-05-30T16:24:38+00:00,44.408562,12.198012,26950,198,,False
1780158280,2026-05-30T16:24:40+00:00,44.40942,12.200098,26950,198,,False
1780158283,2026-05-30T16:24:43+00:00,44.410404,12.202684,26950,196,,False
1780158285,2026-05-30T16:24:45+00:00,44.411621,12.205086,26950,196,,False
1780158287,2026-05-30T16:24:47+00:00,44.412964,12.207326,26950,194,,False
1780158289,2026-05-30T16:24:49+00:00,44.414185,12.209091,26950,192,,False
1780158291,2026-05-30T16:24:51+00:00,44.415562,12.210795,26950,190,,False
1780158293,2026-05-30T16:24:53+00:00,44.417091,12.212302,26950,190,,False
1780158295,2026-05-30T16:24:55+00:00,44.418877,12.21389,26950,188,,False
1780158297,2026-05-30T16:24:57+00:00,44.420391,12.215024,26950,188,,False
1780158299,2026-05-30T16:24:59+00:00,44.421959,12.215867,26950,186,,False
1780158301,2026-05-30T16:25:01+00:00,44.423565,12.216693,26950,184,,False
1780158304,2026-05-30T16:25:04+00:00,44.425251,12.21716,26950,182,,False
1780158306,2026-05-30T16:25:06+00:00,44.426979,12.21771,26950,182,,False
1780158308,2026-05-30T16:25:08+00:00,44.428955,12.217907,26950,180,,False
1780158310,2026-05-30T16:25:10+00:00,44.430984,12.217916,26950,178,,False
1780158313,2026-05-30T16:25:13+00:00,44.432613,12.217745,26950,178,,False
1780158315,2026-05-30T16:25:15+00:00,44.434353,12.217193,26950,178,,False
1780158317,2026-05-30T16:25:17+00:00,44.43615,12.216494,26950,176,,False
1780158319,2026-05-30T16:25:19+00:00,44.437874,12.215742,26950,176,,False
1780158321,2026-05-30T16:25:21+00:00,44.439365,12.21471,26950,176,,False
1780158323,2026-05-30T16:25:23+00:00,44.44112,12.213457,26950,174,,False
1780158325,2026-05-30T16:25:25+00:00,44.442417,12.212021,26950,174,,False
1780158328,2026-05-30T16:25:28+00:00,44.44368,12.210552,26950,174,,False
1780158330,2026-05-30T16:25:30+00:00,44.444977,12.208761,26950,174,,False
1780158332,2026-05-30T16:25:32+00:00,44.446136,12.206926,26950,174,,False
1780158334,2026-05-30T16:25:34+00:00,44.447086,12.204887,26950,174,,False
1780158336,2026-05-30T16:25:36+00:00,44.44796,12.202712,26950,174,,False
1780158339,2026-05-30T16:25:39+00:00,44.448719,12.200384,26950,174,,False
1780158341,2026-05-30T16:25:41+00:00,44.449245,12.198155,26950,174,,False
1780158343,2026-05-30T16:25:43+00:00,44.449764,12.195626,26950,176,,False
1780158345,2026-05-30T16:25:45+00:00,44.4501,12.192536,26950,176,,False
1780158348,2026-05-30T16:25:48+00:00,44.450115,12.190509,26950,176,,False
1780158350,2026-05-30T16:25:50+00:00,44.450119,12.188018,26950,176,,False
1780158352,2026-05-30T16:25:52+00:00,44.449989,12.185443,26950,176,,False
1780158354,2026-05-30T16:25:54+00:00,44.449631,12.18302,26950,176,,False
1780158356,2026-05-30T16:25:56+00:00,44.449177,12.180797,26950,176,,False
1780158358,2026-05-30T16:25:58+00:00,44.44849,12.178414,26950,185,,False
1780158361,2026-05-30T16:26:01+00:00,44.447632,12.176154,26950,182,,False
1780158363,2026-05-30T16:26:03+00:00,44.446629,12.173675,26950,182,,False
1780158365,2026-05-30T16:26:05+00:00,44.445545,12.171573,26950,189,,False
1780158367,2026-05-30T16:26:07+00:00,44.444294,12.169592,26950,188,,False
1780158369,2026-05-30T16:26:09+00:00,44.442921,12.167527,26950,185,,False
1780158372,2026-05-30T16:26:12+00:00,44.441547,12.165921,26950,189,,False
1780158374,2026-05-30T16:26:14+00:00,44.439827,12.164268,26950,193,,False
1780158376,2026-05-30T16:26:16+00:00,44.438141,12.162799,26950,189,,False
1780158378,2026-05-30T16:26:18+00:00,44.436337,12.161624,26950,191,,False
1780158381,2026-05-30T16:26:21+00:00,44.434296,12.16039,26950,197,,False
1780158383,2026-05-30T16:26:23+00:00,44.432602,12.159652,26950,193,,False
1780158385,2026-05-30T16:26:25+00:00,44.430698,12.15912,26950,192,,False
1780158387,2026-05-30T16:26:27+00:00,44.428822,12.158801,26950,201,,False
1780158389,2026-05-30T16:26:29+00:00,44.426678,12.158468,26950,203,,False
1780158391,2026-05-30T16:26:31+00:00,44.424671,12.158468,26950,203,,False
1780158394,2026-05-30T16:26:34+00:00,44.422482,12.158778,26950,202,,False
1780158396,2026-05-30T16:26:36+00:00,44.420601,12.159318,26950,200,,False
1780158398,2026-05-30T16:26:38+00:00,44.41853,12.160051,26950,204,,False
1780158400,2026-05-30T16:26:40+00:00,44.416256,12.160992,26925,204,,False
1780158403,2026-05-30T16:26:43+00:00,44.414364,12.16203,26950,206,,False
1780158405,2026-05-30T16:26:45+00:00,44.412361,12.163527,26950,206,,False
1780158407,2026-05-30T16:26:47+00:00,44.410007,12.165359,26950,206,,False
1780158409,2026-05-30T16:26:49+00:00,44.408585,12.166426,26950,208,,False
1780158412,2026-05-30T16:26:52+00:00,44.406685,12.167802,26950,208,,False
1780158414,2026-05-30T16:26:54+00:00,44.404987,12.169031,26925,208,,False
1780158416,2026-05-30T16:26:56+00:00,44.402733,12.170645,26925,208,,False
1780158419,2026-05-30T16:26:59+00:00,44.400818,12.172035,26950,208,,False
1780158421,2026-05-30T16:27:01+00:00,44.39883,12.173407,26925,208,,False
1780158423,2026-05-30T16:27:03+00:00,44.397118,12.174708,26925,208,,False
1780158425,2026-05-30T16:27:05+00:00,44.395203,12.176134,26925,210,,False
1780158427,2026-05-30T16:27:07+00:00,44.393166,12.177892,26925,210,,False
1780158429,2026-05-30T16:27:09+00:00,44.391911,12.179195,26925,210,,False
1780158431,2026-05-30T16:27:11+00:00,44.3904,12.180993,26925,210,,False
1780158433,2026-05-30T16:27:13+00:00,44.388988,12.182884,26925,210,,False
1780158436,2026-05-30T16:27:16+00:00,44.387527,12.185259,26925,210,,False
1780158438,2026-05-30T16:27:18+00:00,44.386253,12.187549,26925,210,,False
1780158440,2026-05-30T16:27:20+00:00,44.385174,12.189787,26925,210,,False
1780158442,2026-05-30T16:27:22+00:00,44.384125,12.192185,26925,208,,False
1780158444,2026-05-30T16:27:24+00:00,44.383198,12.194961,26925,208,,False
1780158446,2026-05-30T16:27:26+00:00,44.382545,12.197418,26950,208,,False
1780158448,2026-05-30T16:27:28+00:00,44.381935,12.200084,26950,206,,False
1780158450,2026-05-30T16:27:30+00:00,44.381485,12.202887,26950,206,,False
1780158453,2026-05-30T16:27:33+00:00,44.381119,12.206169,26950,204,,False
1780158455,2026-05-30T16:27:35+00:00,44.380962,12.208974,26950,204,,False
1780158457,2026-05-30T16:27:37+00:00,44.380966,12.211578,26950,204,,False
1780158459,2026-05-30T16:27:39+00:00,44.381115,12.214331,26950,204,,False
1780158461,2026-05-30T16:27:41+00:00,44.381264,12.216849,26950,202,,False
1780158463,2026-05-30T16:27:43+00:00,44.38171,12.21984,26950,202,,False
1780158465,2026-05-30T16:27:45+00:00,44.382206,12.222507,26950,200,,False
1780158467,2026-05-30T16:27:47+00:00,44.383018,12.224849,26950,198,,False
1780158470,2026-05-30T16:27:50+00:00,44.383862,12.227424,26950,196,,False
1780158472,2026-05-30T16:27:52+00:00,44.384846,12.229974,26950,196,,False
1780158474,2026-05-30T16:27:54+00:00,44.385937,12.232121,26950,194,,False
1780158476,2026-05-30T16:27:56+00:00,44.387169,12.234539,26950,192,,False
1780158479,2026-05-30T16:27:59+00:00,44.388474,12.236511,26950,192,,False
1780158481,2026-05-30T16:28:01+00:00,44.389992,12.238288,26950,190,,False
1780158483,2026-05-30T16:28:03+00:00,44.391365,12.23987,26950,190,,False
1780158485,2026-05-30T16:28:05+00:00,44.39312,12.241396,26950,188,,False
1780158487,2026-05-30T16:28:07+00:00,44.395218,12.243009,26950,186,,False
1780158490,2026-05-30T16:28:10+00:00,44.396217,12.243631,26950,184,,False
1780158492,2026-05-30T16:28:12+00:00,44.398319,12.24472,26950,184,,False
1780158494,2026-05-30T16:28:14+00:00,44.400249,12.245457,26950,184,,False
1780158496,2026-05-30T16:28:16+00:00,44.401989,12.245826,26950,182,,False
1780158499,2026-05-30T16:28:19+00:00,44.404099,12.245995,26950,180,,False
1780158501,2026-05-30T16:28:21+00:00,44.406151,12.245965,26950,180,,False
1780158503,2026-05-30T16:28:23+00:00,44.407822,12.24574,26950,178,,False
1780158506,2026-05-30T16:28:26+00:00,44.409748,12.24525,26950,178,,False
1780158508,2026-05-30T16:28:28+00:00,44.411484,12.244651,26950,176,,False
1780158510,2026-05-30T16:28:30+00:00,44.413074,12.243731,26950,176,,False
1780158512,2026-05-30T16:28:32+00:00,44.414398,12.242862,26950,174,,False
1780158514,2026-05-30T16:28:34+00:00,44.415833,12.241602,26950,174,,False
1780158516,2026-05-30T16:28:36+00:00,44.417351,12.240158,26950,174,,False
1780158519,2026-05-30T16:28:39+00:00,44.418797,12.238692,26950,174,,False
1780158521,2026-05-30T16:28:41+00:00,44.420059,12.236698,26950,174,,False
1780158523,2026-05-30T16:28:43+00:00,44.421188,12.234963,26950,174,,False
1780158525,2026-05-30T16:28:45+00:00,44.42215,12.232978,26950,174,,False
1780158527,2026-05-30T16:28:47+00:00,44.423023,12.230814,26950,174,,False
1780158529,2026-05-30T16:28:49+00:00,44.423832,12.2286,26950,174,,False
1780158531,2026-05-30T16:28:51+00:00,44.42432,12.226583,26950,174,,False
1780158533,2026-05-30T16:28:53+00:00,44.424801,12.224376,26950,174,,False
1780158536,2026-05-30T16:28:56+00:00,44.425156,12.221973,26950,176,,False
1780158538,2026-05-30T16:28:58+00:00,44.425396,12.219256,26950,176,,False
1780158540,2026-05-30T16:29:00+00:00,44.425438,12.216668,26950,176,,False
1780158542,2026-05-30T16:29:02+00:00,44.425316,12.214351,26950,176,,False
1780158544,2026-05-30T16:29:04+00:00,44.425095,12.211878,26950,176,,False
1780158547,2026-05-30T16:29:07+00:00,44.424789,12.209606,26950,176,,False
1780158549,2026-05-30T16:29:09+00:00,44.42411,12.206803,26950,176,,False
1780158551,2026-05-30T16:29:11+00:00,44.423328,12.204518,26950,182,,False
1780158553,2026-05-30T16:29:13+00:00,44.422478,12.202184,26950,182,,False
1780158555,2026-05-30T16:29:15+00:00,44.421288,12.199489,26950,186,,False
1780158557,2026-05-30T16:29:17+00:00,44.420441,12.197988,26950,188,,False
1780158560,2026-05-30T16:29:20+00:00,44.419128,12.195746,26950,189,,False
1780158562,2026-05-30T16:29:22+00:00,44.41777,12.193993,26950,188,,False
1780158564,2026-05-30T16:29:24+00:00,44.416237,12.192249,26950,190,,False
1780158566,2026-05-30T16:29:26+00:00,44.414589,12.190586,26950,193,,False
1780158568,2026-05-30T16:29:28+00:00,44.413002,12.189482,26950,193,,False
1780158571,2026-05-30T16:29:31+00:00,44.411007,12.188092,26950,189,,False
1780158573,2026-05-30T16:29:33+00:00,44.409275,12.18717,26950,192,,False
1780158575,2026-05-30T16:29:35+00:00,44.407082,12.186098,26950,198,,False
1780158577,2026-05-30T16:29:37+00:00,44.40551,12.185765,26950,195,,False
1780158579,2026-05-30T16:29:39+00:00,44.403149,12.185178,26950,202,,False
1780158582,2026-05-30T16:29:42+00:00,44.401161,12.185125,26950,201,,False
1780158584,2026-05-30T16:29:44+00:00,44.399097,12.185271,26950,203,,False
1780158586,2026-05-30T16:29:46+00:00,44.397266,12.185573,26950,202,,False
1780158588,2026-05-30T16:29:48+00:00,44.395287,12.186015,26950,204,,False
1780158590,2026-05-30T16:29:50+00:00,44.393291,12.186634,26950,204,,False
1780158592,2026-05-30T16:29:52+00:00,44.391418,12.187521,26950,206,,False
1780158594,2026-05-30T16:29:54+00:00,44.389328,12.188601,26950,206,,False
1780158596,2026-05-30T16:29:56+00:00,44.387875,12.189692,26950,206,,False
1780158598,2026-05-30T16:29:58+00:00,44.386009,12.191041,26950,206,,False
1780158601,2026-05-30T16:30:01+00:00,44.384296,12.192638,26950,208,,False
1780158603,2026-05-30T16:30:03+00:00,44.382721,12.194404,26950,208,,False
1780158605,2026-05-30T16:30:05+00:00,44.381218,12.196379,26950,208,,False
1780158607,2026-05-30T16:30:07+00:00,44.379505,12.198804,26950,208,,False
1780158609,2026-05-30T16:30:09+00:00,44.378361,12.200692,26950,208,,False
1780158611,2026-05-30T16:30:11+00:00,44.377171,12.203167,26950,208,,False
1780158614,2026-05-30T16:30:14+00:00,44.375923,12.205841,26950,206,,False
1780158616,2026-05-30T16:30:16+00:00,44.374996,12.208355,26950,206,,False
1780158618,2026-05-30T16:30:18+00:00,44.374187,12.211065,26950,206,,False
1780158620,2026-05-30T16:30:20+00:00,44.373611,12.213852,26925,206,,False
1780158623,2026-05-30T16:30:23+00:00,44.373135,12.216784,26925,206,,False
1780158625,2026-05-30T16:30:25+00:00,44.372684,12.219719,26950,204,,False
1780158627,2026-05-30T16:30:27+00:00,44.372513,12.222882,26950,202,,False
1780158629,2026-05-30T16:30:29+00:00,44.372417,12.225615,26950,202,,False
1780158632,2026-05-30T16:30:32+00:00,44.372593,12.228829,26950,200,,False
1780158634,2026-05-30T16:30:34+00:00,44.372833,12.231481,26950,200,,False
1780158636,2026-05-30T16:30:36+00:00,44.373241,12.233863,26950,198,,False
1780158638,2026-05-30T16:30:38+00:00,44.373859,12.236427,26950,198,,False
1780158640,2026-05-30T16:30:40+00:00,44.374489,12.238953,26950,196,,False
1780158642,2026-05-30T16:30:42+00:00,44.375305,12.241383,26950,194,,False
1780158645,2026-05-30T16:30:45+00:00,44.376392,12.244101,26950,194,,False
1780158647,2026-05-30T16:30:47+00:00,44.377708,12.246625,26950,194,,False
1780158649,2026-05-30T16:30:49+00:00,44.378704,12.248375,26950,190,,False
1780158652,2026-05-30T16:30:52+00:00,44.380291,12.250816,26950,188,,False
1780158654,2026-05-30T16:30:54+00:00,44.381756,12.25255,26950,188,,False
1780158656,2026-05-30T16:30:56+00:00,44.383492,12.254344,26950,186,,False
1780158659,2026-05-30T16:30:59+00:00,44.385052,12.255662,26950,184,,False
1780158661,2026-05-30T16:31:01+00:00,44.386703,12.256799,26950,184,,False
1780158663,2026-05-30T16:31:03+00:00,44.388241,12.257615,26950,184,,False
1780158665,2026-05-30T16:31:05+00:00,44.389999,12.258506,26950,180,,False
1780158667,2026-05-30T16:31:07+00:00,44.391636,12.259047,26950,180,,False
1780158669,2026-05-30T16:31:09+00:00,44.393494,12.259432,26950,178,,False
1780158671,2026-05-30T16:31:11+00:00,44.395149,12.259608,26950,176,,False
1780158673,2026-05-30T16:31:13+00:00,44.396774,12.259543,26950,176,,False
1780158675,2026-05-30T16:31:15+00:00,44.398407,12.259327,26950,174,,False
1780158677,2026-05-30T16:31:17+00:00,44.400074,12.258934,26950,174,,False
1780158679,2026-05-30T16:31:19+00:00,44.401943,12.258251,26950,174,,False
1780158682,2026-05-30T16:31:22+00:00,44.403507,12.257414,26950,174,,False
1780158684,2026-05-30T16:31:24+00:00,44.404873,12.256581,26950,172,,False
1780158686,2026-05-30T16:31:26+00:00,44.406307,12.255428,26950,172,,False
1780158688,2026-05-30T16:31:28+00:00,44.407883,12.254066,26950,172,,False
1780158690,2026-05-30T16:31:30+00:00,44.409115,12.25261,26975,172,,False
1780158692,2026-05-30T16:31:32+00:00,44.4104,12.25128,26975,172,,False
1780158694,2026-05-30T16:31:34+00:00,44.411732,12.249984,26975,172,,False
1780158696,2026-05-30T16:31:36+00:00,44.41304,12.248597,26950,172,,False
1780158699,2026-05-30T16:31:39+00:00,44.414593,12.247075,26950,172,,False
1780158701,2026-05-30T16:31:41+00:00,44.416092,12.24559,26950,174,,False
1780158703,2026-05-30T16:31:43+00:00,44.417511,12.244232,26950,174,,False
1780158705,2026-05-30T16:31:45+00:00,44.4189,12.242932,26950,174,,False
1780158707,2026-05-30T16:31:47+00:00,44.420364,12.241588,26950,174,,False
1780158709,2026-05-30T16:31:49+00:00,44.421734,12.240244,26950,174,,False
1780158711,2026-05-30T16:31:51+00:00,44.423218,12.23882,26925,174,,False
1780158713,2026-05-30T16:31:53+00:00,44.424541,12.237646,26925,174,,False
1780158716,2026-05-30T16:31:56+00:00,44.425976,12.236242,26925,177,,False
1780158718,2026-05-30T16:31:58+00:00,44.42765,12.234648,26925,176,,False
1780158720,2026-05-30T16:32:00+00:00,44.429287,12.233227,26925,176,,False
1780158722,2026-05-30T16:32:02+00:00,44.430721,12.231862,26925,176,,False
1780158725,2026-05-30T16:32:05+00:00,44.43203,12.230631,26925,176,,False
1780158727,2026-05-30T16:32:07+00:00,44.433914,12.228872,26925,176,,False
1780158729,2026-05-30T16:32:09+00:00,44.43512,12.22775,26925,176,,False
1780158731,2026-05-30T16:32:11+00:00,44.436596,12.226353,26925,176,,False
1780158734,2026-05-30T16:32:14+00:00,44.438305,12.22479,26925,177,,False
1780158736,2026-05-30T16:32:16+00:00,44.439957,12.223271,26925,178,,False
1780158740,2026-05-30T16:32:20+00:00,44.442665,12.220726,26925,178,,False
1780158742,2026-05-30T16:32:22+00:00,44.444229,12.219316,26950,178,,False
1780158745,2026-05-30T16:32:25+00:00,44.446007,12.217755,26925,178,,False
1780158747,2026-05-30T16:32:27+00:00,44.447392,12.216359,26925,178,,False
1780158749,2026-05-30T16:32:29+00:00,44.448715,12.215101,26925,178,,False
1780158752,2026-05-30T16:32:32+00:00,44.450333,12.21366,26925,178,,False
1780158754,2026-05-30T16:32:34+00:00,44.451973,12.212186,26925,178,,False
1780158756,2026-05-30T16:32:36+00:00,44.453392,12.210566,26925,178,,False
1780158758,2026-05-30T16:32:38+00:00,44.454514,12.209027,26925,176,,False
1780158760,2026-05-30T16:32:40+00:00,44.455746,12.207199,26950,176,,False
1780158762,2026-05-30T16:32:42+00:00,44.456886,12.204908,26950,176,,False
1780158764,2026-05-30T16:32:44+00:00,44.45763,12.20326,26950,176,,False
1780158766,2026-05-30T16:32:46+00:00,44.458347,12.201121,26950,176,,False
1780158768,2026-05-30T16:32:48+00:00,44.458973,12.198909,26950,176,,False
1780158770,2026-05-30T16:32:50+00:00,44.459484,12.196762,26950,176,,False
1780158773,2026-05-30T16:32:53+00:00,44.459858,12.194278,26950,178,,False
1780158775,2026-05-30T16:32:55+00:00,44.460098,12.19119,26975,178,,False
1780158777,2026-05-30T16:32:57+00:00,44.460129,12.189078,26975,178,,False
1780158779,2026-05-30T16:32:59+00:00,44.460091,12.186657,26975,178,,False
1780158782,2026-05-30T16:33:02+00:00,44.459919,12.184071,26975,178,,False
1780158784,2026-05-30T16:33:04+00:00,44.459427,12.18097,26975,178,,False
1780158786,2026-05-30T16:33:06+00:00,44.458973,12.179004,26975,184,,False
1780158788,2026-05-30T16:33:08+00:00,44.458214,12.176706,26975,184,,False
1780158790,2026-05-30T16:33:10+00:00,44.457336,12.174113,26975,190,,False
1780158792,2026-05-30T16:33:12+00:00,44.456539,12.172179,26975,188,,False
1780158794,2026-05-30T16:33:14+00:00,44.455441,12.170083,26975,184,,False
1780158796,2026-05-30T16:33:16+00:00,44.454262,12.168013,26975,195,,False
1780158798,2026-05-30T16:33:18+00:00,44.452988,12.166113,26975,190,,False
1780158801,2026-05-30T16:33:21+00:00,44.451557,12.164284,26975,190,,False
1780158803,2026-05-30T16:33:23+00:00,44.449886,12.162484,26975,197,,False
1780158805,2026-05-30T16:33:25+00:00,44.447895,12.160623,26975,199,,False
1780158807,2026-05-30T16:33:27+00:00,44.446156,12.1595,26975,196,,False
1780158809,2026-05-30T16:33:29+00:00,44.444599,12.158634,26950,195,,False
1780158812,2026-05-30T16:33:32+00:00,44.442425,12.15731,26950,203,,False
1780158814,2026-05-30T16:33:34+00:00,44.440323,12.156522,26950,203,,False
1780158816,2026-05-30T16:33:36+00:00,44.438412,12.155919,26950,201,,False
1780158818,2026-05-30T16:33:38+00:00,44.436279,12.155717,26950,206,,False
1780158820,2026-05-30T16:33:40+00:00,44.434174,12.15579,26950,206,,False
1780158823,2026-05-30T16:33:43+00:00,44.432171,12.155831,26950,214,,False
1780158825,2026-05-30T16:33:45+00:00,44.429955,12.156047,26950,216,,False
1780158827,2026-05-30T16:33:47+00:00,44.427601,12.156599,26950,212,,False
1780158830,2026-05-30T16:33:50+00:00,44.425537,12.15726,26950,212,,False
1780158832,2026-05-30T16:33:52+00:00,44.423298,12.158479,26950,214,,False
1780158834,2026-05-30T16:33:54+00:00,44.421268,12.159676,26950,214,,False
1780158836,2026-05-30T16:33:56+00:00,44.419502,12.16096,26950,216,,False
1780158838,2026-05-30T16:33:58+00:00,44.417568,12.16242,26950,216,,False
1780158840,2026-05-30T16:34:00+00:00,44.415863,12.164057,26950,216,,False
1780158842,2026-05-30T16:34:02+00:00,44.414028,12.16621,26950,216,,False
1780158845,2026-05-30T16:34:05+00:00,44.41264,12.168007,26950,216,,False
1780158847,2026-05-30T16:34:07+00:00,44.411228,12.170188,26950,216,,False
1780158849,2026-05-30T16:34:09+00:00,44.409866,12.172339,26950,216,,False
1780158851,2026-05-30T16:34:11+00:00,44.408623,12.174655,26950,216,,False
1780158853,2026-05-30T16:34:13+00:00,44.407379,12.177302,26950,216,,False
1780158855,2026-05-30T16:34:15+00:00,44.406338,12.180152,26950,216,,False
1780158857,2026-05-30T16:34:17+00:00,44.405613,12.182336,26950,216,,False
1780158859,2026-05-30T16:34:19+00:00,44.404896,12.185104,26950,216,,False
1780158861,2026-05-30T16:34:21+00:00,44.40424,12.187851,26950,214,,False
1780158863,2026-05-30T16:34:23+00:00,44.403839,12.190483,26950,214,,False
1780158866,2026-05-30T16:34:26+00:00,44.403431,12.193435,26950,214,,False
1780158868,2026-05-30T16:34:28+00:00,44.403217,12.197277,26950,212,,False
1780158870,2026-05-30T16:34:30+00:00,44.403179,12.200688,26950,212,,False
1780158873,2026-05-30T16:34:33+00:00,44.403351,12.203359,26950,212,,False
1780158875,2026-05-30T16:34:35+00:00,44.403542,12.206141,26950,210,,False
1780158877,2026-05-30T16:34:37+00:00,44.404053,12.208975,26950,210,,False
1780158879,2026-05-30T16:34:39+00:00,44.404659,12.212211,26950,208,,False
1780158881,2026-05-30T16:34:41+00:00,44.405396,12.214903,26950,208,,False
1780158883,2026-05-30T16:34:43+00:00,44.406521,12.218053,26950,204,,False
1780158885,2026-05-30T16:34:45+00:00,44.4072,12.219706,26950,204,,False
1780158888,2026-05-30T16:34:48+00:00,44.40815,12.221992,26950,202,,False
1780158890,2026-05-30T16:34:50+00:00,44.409615,12.224756,26950,200,,False
1780158892,2026-05-30T16:34:52+00:00,44.410824,12.226654,26950,200,,False
1780158894,2026-05-30T16:34:54+00:00,44.412506,12.228942,26950,198,,False
1780158897,2026-05-30T16:34:57+00:00,44.414021,12.230577,26950,196,,False
1780158899,2026-05-30T16:34:59+00:00,44.415409,12.231902,26950,194,,False
1780158901,2026-05-30T16:35:01+00:00,44.417072,12.233374,26925,194,,False
1780158903,2026-05-30T16:35:03+00:00,44.418896,12.23469,26925,192,,False
1780158905,2026-05-30T16:35:05+00:00,44.420525,12.235596,26950,192,,False
1780158907,2026-05-30T16:35:07+00:00,44.42226,12.236435,26950,188,,False
1780158909,2026-05-30T16:35:09+00:00,44.424156,12.237023,26950,188,,False
1780158911,2026-05-30T16:35:11+00:00,44.425865,12.237431,26950,186,,False
1780158914,2026-05-30T16:35:14+00:00,44.427742,12.237674,26950,186,,False
1780158916,2026-05-30T16:35:16+00:00,44.429768,12.237836,26950,184,,False
1780158918,2026-05-30T16:35:18+00:00,44.43174,12.237609,26950,184,,False
1780158920,2026-05-30T16:35:20+00:00,44.433483,12.237109,26950,184,,False
1780158922,2026-05-30T16:35:22+00:00,44.435043,12.236511,26950,182,,False
1780158924,2026-05-30T16:35:24+00:00,44.436981,12.235627,26925,182,,False
1780158927,2026-05-30T16:35:27+00:00,44.438908,12.234475,26925,180,,False
1780158929,2026-05-30T16:35:29+00:00,44.440437,12.233248,26950,180,,False
1780158931,2026-05-30T16:35:31+00:00,44.441818,12.231976,26950,180,,False
1780158933,2026-05-30T16:35:33+00:00,44.443264,12.230368,26950,180,,False
1780158936,2026-05-30T16:35:36+00:00,44.444588,12.2288,26950,180,,False
1780158938,2026-05-30T16:35:38+00:00,44.446098,12.22648,26950,180,,False
1780158940,2026-05-30T16:35:40+00:00,44.447033,12.22473,26950,180,,False
1780158942,2026-05-30T16:35:42+00:00,44.447937,12.222632,26950,180,,False
1780158944,2026-05-30T16:35:44+00:00,44.448689,12.220529,26950,180,,False
1780158946,2026-05-30T16:35:46+00:00,44.449402,12.218424,26950,180,,False
1780158948,2026-05-30T16:35:48+00:00,44.449997,12.215795,26950,180,,False
1780158951,2026-05-30T16:35:51+00:00,44.450409,12.213484,26950,182,,False
1780158953,2026-05-30T16:35:53+00:00,44.450703,12.210936,26950,182,,False
1780158955,2026-05-30T16:35:55+00:00,44.45084,12.208215,26950,182,,False
1780158957,2026-05-30T16:35:57+00:00,44.450867,12.20544,26950,182,,False
1780158959,2026-05-30T16:35:59+00:00,44.450764,12.203267,26950,182,,False
1780158961,2026-05-30T16:36:01+00:00,44.45042,12.200627,26950,182,,False
1780158964,2026-05-30T16:36:04+00:00,44.449993,12.198055,26950,182,,False
1780158966,2026-05-30T16:36:06+00:00,44.449375,12.195528,26950,189,,False
1780158968,2026-05-30T16:36:08+00:00,44.44849,12.192879,26950,183,,False
1780158970,2026-05-30T16:36:10+00:00,44.447586,12.190474,26950,188,,False
1780158973,2026-05-30T16:36:13+00:00,44.446243,12.187607,26950,199,,False
1780158975,2026-05-30T16:36:15+00:00,44.444923,12.18536,26950,198,,False
1780158977,2026-05-30T16:36:17+00:00,44.443855,12.183576,26950,192,,False
1780158979,2026-05-30T16:36:19+00:00,44.442581,12.181843,26950,194,,False
1780158981,2026-05-30T16:36:21+00:00,44.440876,12.179897,26950,201,,False
1780158984,2026-05-30T16:36:24+00:00,44.439392,12.178552,26950,199,,False
1780158986,2026-05-30T16:36:26+00:00,44.437218,12.176716,26950,201,,False
1780158988,2026-05-30T16:36:28+00:00,44.435661,12.175577,26950,204,,False
1780158990,2026-05-30T16:36:30+00:00,44.433922,12.174675,26950,199,,False
1780158993,2026-05-30T16:36:33+00:00,44.431442,12.17344,26950,210,,False
1780158995,2026-05-30T16:36:35+00:00,44.429325,12.172641,26950,205,,False
1780158997,2026-05-30T16:36:37+00:00,44.427292,12.172179,26950,205,,False
1780158999,2026-05-30T16:36:39+00:00,44.425159,12.171895,26950,212,,False
1780159001,2026-05-30T16:36:41+00:00,44.423191,12.171919,26950,217,,False
1780159003,2026-05-30T16:36:43+00:00,44.421139,12.171954,26950,214,,False
1780159006,2026-05-30T16:36:46+00:00,44.419147,12.172482,26950,214,,False
1780159008,2026-05-30T16:36:48+00:00,44.416809,12.172923,26950,214,,False
1780159010,2026-05-30T16:36:50+00:00,44.414764,12.17374,26950,214,,False
1780159012,2026-05-30T16:36:52+00:00,44.412846,12.174772,26925,216,,False
1780159014,2026-05-30T16:36:54+00:00,44.410938,12.175829,26950,216,,False
1780159016,2026-05-30T16:36:56+00:00,44.408943,12.177204,26950,216,,False
1780159019,2026-05-30T16:36:59+00:00,44.406784,12.178999,26950,216,,False
1780159021,2026-05-30T16:37:01+00:00,44.404995,12.18073,26950,218,,False
1780159023,2026-05-30T16:37:03+00:00,44.403168,12.182738,26950,218,,False
1780159025,2026-05-30T16:37:05+00:00,44.401779,12.184553,26950,218,,False
1780159027,2026-05-30T16:37:07+00:00,44.40041,12.186553,26950,218,,False
1780159030,2026-05-30T16:37:10+00:00,44.398914,12.189184,26950,218,,False
1780159032,2026-05-30T16:37:12+00:00,44.39756,12.191796,26950,218,,False
1780159034,2026-05-30T16:37:14+00:00,44.396515,12.194077,26950,218,,False
1780159036,2026-05-30T16:37:16+00:00,44.395473,12.196878,26950,218,,False
1780159038,2026-05-30T16:37:18+00:00,44.394581,12.199603,26950,218,,False
1780159040,2026-05-30T16:37:20+00:00,44.393883,12.202399,26950,216,,False
1780159042,2026-05-30T16:37:22+00:00,44.39336,12.205065,26950,216,,False
1780159045,2026-05-30T16:37:25+00:00,44.39275,12.208498,26950,216,,False
1780159047,2026-05-30T16:37:27+00:00,44.392586,12.211302,26950,216,,False
1780159049,2026-05-30T16:37:29+00:00,44.392368,12.214615,26950,214,,False
1780159051,2026-05-30T16:37:31+00:00,44.392361,12.217474,26950,212,,False
1780159054,2026-05-30T16:37:34+00:00,44.392521,12.220688,26950,212,,False
1780159056,2026-05-30T16:37:36+00:00,44.392826,12.223543,26950,210,,False
1780159058,2026-05-30T16:37:38+00:00,44.393276,12.226315,26950,210,,False
1780159060,2026-05-30T16:37:40+00:00,44.393906,12.229061,26950,208,,False
1780159063,2026-05-30T16:37:43+00:00,44.3946,12.231581,26950,208,,False
1780159065,2026-05-30T16:37:45+00:00,44.395901,12.235611,26950,204,,False
1780159067,2026-05-30T16:37:47+00:00,44.396618,12.237473,26950,204,,False
1780159069,2026-05-30T16:37:49+00:00,44.39785,12.23999,26950,202,,False
1780159072,2026-05-30T16:37:52+00:00,44.399239,12.242441,26950,200,,False
1780159074,2026-05-30T16:37:54+00:00,44.40065,12.244459,26950,200,,False
1780159076,2026-05-30T16:37:56+00:00,44.401962,12.246129,26950,198,,False
1780159078,2026-05-30T16:37:58+00:00,44.403622,12.247937,26950,196,,False
1780159080,2026-05-30T16:38:00+00:00,44.405334,12.249503,26925,194,,False
1780159082,2026-05-30T16:38:02+00:00,44.406982,12.250927,26950,194,,False
1780159085,2026-05-30T16:38:05+00:00,44.408623,12.251839,26950,192,,False
1780159087,2026-05-30T16:38:07+00:00,44.410435,12.252894,26950,190,,False
1780159089,2026-05-30T16:38:09+00:00,44.412498,12.253722,26950,190,,False
1780159091,2026-05-30T16:38:11+00:00,44.414257,12.254266,26950,186,,False
1780159094,2026-05-30T16:38:14+00:00,44.415993,12.254489,26950,186,,False
1780159096,2026-05-30T16:38:16+00:00,44.417965,12.254644,26950,184,,False
1780159098,2026-05-30T16:38:18+00:00,44.41991,12.254639,26950,184,,False
1780159100,2026-05-30T16:38:20+00:00,44.422005,12.254211,26950,182,,False
1780159102,2026-05-30T16:38:22+00:00,44.423542,12.253736,26950,182,,False
1780159104,2026-05-30T16:38:24+00:00,44.425335,12.253061,26950,182,,False
1780159106,2026-05-30T16:38:26+00:00,44.426876,12.252123,26950,180,,False
1780159109,2026-05-30T16:38:29+00:00,44.428501,12.251183,26950,180,,False
1780159111,2026-05-30T16:38:31+00:00,44.43029,12.249748,26950,180,,False
1780159113,2026-05-30T16:38:33+00:00,44.431652,12.248281,26950,180,,False
1780159115,2026-05-30T16:38:35+00:00,44.433033,12.246708,26950,180,,False
1780159117,2026-05-30T16:38:37+00:00,44.434254,12.244971,26950,180,,False
1780159119,2026-05-30T16:38:39+00:00,44.435402,12.243106,26950,180,,False
1780159122,2026-05-30T16:38:42+00:00,44.436481,12.24114,26950,180,,False
1780159124,2026-05-30T16:38:44+00:00,44.437477,12.238962,26950,180,,False
1780159126,2026-05-30T16:38:46+00:00,44.438232,12.236582,26950,180,,False
1780159128,2026-05-30T16:38:48+00:00,44.438858,12.234344,26950,180,,False
1780159130,2026-05-30T16:38:50+00:00,44.439598,12.231698,26950,180,,False
1780159132,2026-05-30T16:38:52+00:00,44.440243,12.229728,26950,180,,False
1780159135,2026-05-30T16:38:55+00:00,44.441051,12.227151,26950,180,,False
1780159137,2026-05-30T16:38:57+00:00,44.441856,12.224637,26950,180,,False
1780159140,2026-05-30T16:39:00+00:00,44.442631,12.222296,26950,180,,False
1780159142,2026-05-30T16:39:02+00:00,44.443539,12.219449,26925,180,,False
1780159144,2026-05-30T16:39:04+00:00,44.444427,12.21681,26925,180,,False
1780159147,2026-05-30T16:39:07+00:00,44.445187,12.214517,26925,180,,False
1780159149,2026-05-30T16:39:09+00:00,44.446041,12.21202,26925,182,,False
1780159151,2026-05-30T16:39:11+00:00,44.446762,12.20978,26925,182,,False
1780159153,2026-05-30T16:39:13+00:00,44.447571,12.207386,26925,182,,False
1780159156,2026-05-30T16:39:16+00:00,44.448421,12.204756,26925,182,,False
1780159162,2026-05-30T16:39:22+00:00,44.450302,12.197172,26925,182,,False
1780159165,2026-05-30T16:39:25+00:00,44.45063,12.194577,26925,184,,False
1780159167,2026-05-30T16:39:27+00:00,44.450703,12.192123,26925,184,,False
1780159169,2026-05-30T16:39:29+00:00,44.450665,12.189391,26925,184,,False
1780159171,2026-05-30T16:39:31+00:00,44.45055,12.186844,26925,184,,False
1780159174,2026-05-30T16:39:34+00:00,44.450256,12.183867,26950,184,,False
1780159176,2026-05-30T16:39:36+00:00,44.449722,12.181319,26950,189,,False
1780159178,2026-05-30T16:39:38+00:00,44.449093,12.179316,26950,180,,False
1780159180,2026-05-30T16:39:40+00:00,44.448181,12.176701,26950,192,,False
1780159183,2026-05-30T16:39:43+00:00,44.447102,12.174259,26950,190,,False
1780159185,2026-05-30T16:39:45+00:00,44.446003,12.172052,26950,191,,False
1780159187,2026-05-30T16:39:47+00:00,44.444633,12.169707,26950,201,,False
1780159189,2026-05-30T16:39:49+00:00,44.443275,12.16776,26950,194,,False
1780159191,2026-05-30T16:39:51+00:00,44.441761,12.165959,26975,199,,False
1780159194,2026-05-30T16:39:54+00:00,44.43988,12.164156,26975,200,,False
1780159196,2026-05-30T16:39:56+00:00,44.438137,12.162594,26975,200,,False
1780159198,2026-05-30T16:39:58+00:00,44.436543,12.161478,26975,198,,False
1780159200,2026-05-30T16:40:00+00:00,44.434727,12.16046,26975,203,,False
1780159202,2026-05-30T16:40:02+00:00,44.432701,12.159493,26975,201,,False
1780159204,2026-05-30T16:40:04+00:00,44.430595,12.158859,26975,206,,False
1780159207,2026-05-30T16:40:07+00:00,44.428436,12.158418,26975,207,,False
1780159209,2026-05-30T16:40:09+00:00,44.426186,12.158182,26950,213,,False
1780159211,2026-05-30T16:40:11+00:00,44.424328,12.158176,26950,209,,False
1780159213,2026-05-30T16:40:13+00:00,44.421677,12.158433,26950,212,,False
1780159215,2026-05-30T16:40:15+00:00,44.420208,12.15889,26950,214,,False
1780159217,2026-05-30T16:40:17+00:00,44.418091,12.159601,26950,214,,False
1780159220,2026-05-30T16:40:20+00:00,44.416,12.160559,26950,214,,False
1780159222,2026-05-30T16:40:22+00:00,44.414009,12.161485,26950,214,,False
1780159224,2026-05-30T16:40:24+00:00,44.412067,12.162727,26950,216,,False
1780159226,2026-05-30T16:40:26+00:00,44.41016,12.164282,26950,216,,False
1780159228,2026-05-30T16:40:28+00:00,44.408283,12.166102,26950,216,,False
1780159231,2026-05-30T16:40:31+00:00,44.406666,12.167896,26950,216,,False
1780159233,2026-05-30T16:40:33+00:00,44.404942,12.170028,26950,216,,False
1780159235,2026-05-30T16:40:35+00:00,44.403385,12.17226,26950,216,,False
1780159237,2026-05-30T16:40:37+00:00,44.401913,12.174642,26950,216,,False
1780159239,2026-05-30T16:40:39+00:00,44.400753,12.177004,26950,216,,False
1780159241,2026-05-30T16:40:41+00:00,44.399605,12.179555,26950,216,,False
1780159244,2026-05-30T16:40:44+00:00,44.39867,12.182521,26950,216,,False
1780159246,2026-05-30T16:40:46+00:00,44.397766,12.185336,26950,214,,False
1780159248,2026-05-30T16:40:48+00:00,44.397091,12.188114,26950,214,,False
1780159250,2026-05-30T16:40:50+00:00,44.396595,12.191084,26950,214,,False
1780159253,2026-05-30T16:40:53+00:00,44.396255,12.194049,26950,212,,False
1780159255,2026-05-30T16:40:55+00:00,44.395958,12.197382,26950,212,,False
1780159257,2026-05-30T16:40:57+00:00,44.396137,12.200336,26950,210,,False
1780159259,2026-05-30T16:40:59+00:00,44.396183,12.203124,26950,208,,False
1780159261,2026-05-30T16:41:01+00:00,44.396473,12.206008,26950,208,,False
1780159263,2026-05-30T16:41:03+00:00,44.396889,12.20894,26950,206,,False
1780159266,2026-05-30T16:41:06+00:00,44.397621,12.212082,26950,206,,False
1780159268,2026-05-30T16:41:08+00:00,44.398331,12.214651,26950,204,,False
1780159270,2026-05-30T16:41:10+00:00,44.399319,12.217325,26950,204,,False
1780159272,2026-05-30T16:41:12+00:00,44.400246,12.219585,26950,200,,False
1780159275,2026-05-30T16:41:15+00:00,44.401493,12.222234,26950,198,,False
1780159277,2026-05-30T16:41:17+00:00,44.402706,12.224277,26925,198,,False
1780159279,2026-05-30T16:41:19+00:00,44.404087,12.226126,26950,198,,False
1780159281,2026-05-30T16:41:21+00:00,44.405506,12.227858,26950,194,,False
1780159283,2026-05-30T16:41:23+00:00,44.407063,12.229361,26950,192,,False
1780159286,2026-05-30T16:41:26+00:00,44.408928,12.231003,26950,190,,False
1780159288,2026-05-30T16:41:28+00:00,44.41058,12.232161,26950,188,,False
1780159290,2026-05-30T16:41:30+00:00,44.412342,12.233149,26925,188,,False
1780159292,2026-05-30T16:41:32+00:00,44.414204,12.233993,26925,186,,False
1780159294,2026-05-30T16:41:34+00:00,44.415791,12.234468,26925,186,,False
1780159296,2026-05-30T16:41:36+00:00,44.417538,12.234765,26950,182,,False
1780159298,2026-05-30T16:41:38+00:00,44.419697,12.23488,26950,182,,False
1780159300,2026-05-30T16:41:40+00:00,44.421085,12.234866,26950,180,,False
1780159303,2026-05-30T16:41:43+00:00,44.422836,12.234616,26950,180,,False
1780159305,2026-05-30T16:41:45+00:00,44.424717,12.234048,26950,178,,False
1780159307,2026-05-30T16:41:47+00:00,44.426594,12.233169,26950,178,,False
1780159309,2026-05-30T16:41:49+00:00,44.428215,12.232322,26950,178,,False
1780159312,2026-05-30T16:41:52+00:00,44.429928,12.231026,26950,176,,False
1780159314,2026-05-30T16:41:54+00:00,44.43132,12.229589,26950,176,,False
1780159316,2026-05-30T16:41:56+00:00,44.432724,12.228103,26950,176,,False
1780159318,2026-05-30T16:41:58+00:00,44.433926,12.22652,26950,176,,False
1780159320,2026-05-30T16:42:00+00:00,44.435078,12.224836,26950,176,,False
1780159322,2026-05-30T16:42:02+00:00,44.436222,12.222854,26950,176,,False
1780159324,2026-05-30T16:42:04+00:00,44.43721,12.220634,26950,178,,False
1780159327,2026-05-30T16:42:07+00:00,44.43811,12.218195,26950,178,,False
1780159329,2026-05-30T16:42:09+00:00,44.438713,12.215661,26950,178,,False
1780159331,2026-05-30T16:42:11+00:00,44.439304,12.213412,26950,180,,False
1780159334,2026-05-30T16:42:14+00:00,44.439606,12.210787,26950,180,,False
1780159336,2026-05-30T16:42:16+00:00,44.439861,12.208148,26950,180,,False
1780159338,2026-05-30T16:42:18+00:00,44.439865,12.205623,26950,180,,False
1780159340,2026-05-30T16:42:20+00:00,44.439739,12.203077,26950,180,,False
1780159342,2026-05-30T16:42:22+00:00,44.439503,12.200491,26950,180,,False
1780159344,2026-05-30T16:42:24+00:00,44.43906,12.197966,26950,180,,False
1780159347,2026-05-30T16:42:27+00:00,44.438347,12.195262,26950,189,,False
1780159349,2026-05-30T16:42:29+00:00,44.437534,12.192901,26950,189,,False
1780159351,2026-05-30T16:42:31+00:00,44.436577,12.190535,26950,192,,False
1780159353,2026-05-30T16:42:33+00:00,44.435543,12.188411,26950,193,,False
1780159355,2026-05-30T16:42:35+00:00,44.434174,12.185907,26950,200,,False
1780159357,2026-05-30T16:42:37+00:00,44.433098,12.184255,26950,192,,False
1780159360,2026-05-30T16:42:40+00:00,44.431549,12.182213,26950,200,,False
1780159362,2026-05-30T16:42:42+00:00,44.429817,12.180408,26950,201,,False
1780159364,2026-05-30T16:42:44+00:00,44.428387,12.179056,26950,197,,False
1780159366,2026-05-30T16:42:46+00:00,44.426537,12.1777,26950,200,,False
1780159368,2026-05-30T16:42:48+00:00,44.424622,12.176414,26950,201,,False
1780159371,2026-05-30T16:42:51+00:00,44.422405,12.175204,26950,206,,False
1780159373,2026-05-30T16:42:53+00:00,44.420197,12.174579,26950,206,,False
1780159375,2026-05-30T16:42:55+00:00,44.418442,12.174033,26950,202,,False
1780159377,2026-05-30T16:42:57+00:00,44.416626,12.173649,26950,206,,False
1780159379,2026-05-30T16:42:59+00:00,44.41423,12.173651,26950,206,,False
1780159381,2026-05-30T16:43:01+00:00,44.412437,12.173818,26950,212,,False
1780159384,2026-05-30T16:43:04+00:00,44.410057,12.174146,26950,212,,False
1780159386,2026-05-30T16:43:06+00:00,44.407871,12.174716,26950,212,,False
1780159388,2026-05-30T16:43:08+00:00,44.405918,12.175462,26950,212,,False
1780159390,2026-05-30T16:43:10+00:00,44.403751,12.176469,26950,212,,False
1780159392,2026-05-30T16:43:12+00:00,44.401909,12.177654,26950,214,,False
1780159395,2026-05-30T16:43:15+00:00,44.400143,12.178946,26950,214,,False
1780159397,2026-05-30T16:43:17+00:00,44.398033,12.180806,26950,214,,False
1780159399,2026-05-30T16:43:19+00:00,44.39637,12.182509,26950,216,,False
1780159401,2026-05-30T16:43:21+00:00,44.394558,12.184547,26950,216,,False
1780159403,2026-05-30T16:43:23+00:00,44.39323,12.186379,26950,216,,False
1780159405,2026-05-30T16:43:25+00:00,44.391941,12.188463,26950,216,,False
1780159407,2026-05-30T16:43:27+00:00,44.390671,12.190848,26950,214,,False
1780159410,2026-05-30T16:43:30+00:00,44.389469,12.193398,26925,214,,False
1780159412,2026-05-30T16:43:32+00:00,44.388321,12.196293,26950,214,,False
1780159414,2026-05-30T16:43:34+00:00,44.387497,12.198798,26950,214,,False
1780159416,2026-05-30T16:43:36+00:00,44.386772,12.201627,26950,212,,False
1780159418,2026-05-30T16:43:38+00:00,44.38615,12.204556,26950,212,,False
1780159421,2026-05-30T16:43:41+00:00,44.385738,12.207399,26950,212,,False
1780159423,2026-05-30T16:43:43+00:00,44.38546,12.210423,26925,210,,False
1780159425,2026-05-30T16:43:45+00:00,44.385349,12.213424,26950,210,,False
1780159427,2026-05-30T16:43:47+00:00,44.385334,12.216243,26950,208,,False
1780159429,2026-05-30T16:43:49+00:00,44.385559,12.218931,26950,208,,False
1780159431,2026-05-30T16:43:51+00:00,44.385876,12.221701,26950,204,,False
1780159433,2026-05-30T16:43:53+00:00,44.386372,12.224468,26950,204,,False
1780159435,2026-05-30T16:43:55+00:00,44.387001,12.227185,26925,202,,False
1780159437,2026-05-30T16:43:57+00:00,44.387726,12.229579,26950,202,,False
1780159440,2026-05-30T16:44:00+00:00,44.388577,12.231803,26950,200,,False
1780159442,2026-05-30T16:44:02+00:00,44.389561,12.234375,26950,198,,False
1780159444,2026-05-30T16:44:04+00:00,44.390739,12.236493,26950,196,,False
1780159446,2026-05-30T16:44:06+00:00,44.391975,12.23862,26925,196,,False
1780159448,2026-05-30T16:44:08+00:00,44.393272,12.240503,26950,194,,False
1780159450,2026-05-30T16:44:10+00:00,44.394859,12.242335,26950,194,,False
1780159453,2026-05-30T16:44:13+00:00,44.396355,12.243893,26950,190,,False
1780159455,2026-05-30T16:44:15+00:00,44.397926,12.245231,26950,188,,False
1780159457,2026-05-30T16:44:17+00:00,44.399738,12.246423,26950,186,,False
1780159459,2026-05-30T16:44:19+00:00,44.401394,12.247327,26950,184,,False
1780159461,2026-05-30T16:44:21+00:00,44.403301,12.248043,26950,184,,False
1780159464,2026-05-30T16:44:24+00:00,44.405445,12.248753,26950,182,,False
1780159466,2026-05-30T16:44:26+00:00,44.407047,12.248969,26950,182,,False
1780159468,2026-05-30T16:44:28+00:00,44.40871,12.248927,26950,180,,False
1780159470,2026-05-30T16:44:30+00:00,44.410492,12.248888,26950,180,,False
1780159472,2026-05-30T16:44:32+00:00,44.412144,12.248709,26950,178,,False
1780159474,2026-05-30T16:44:34+00:00,44.413948,12.247915,26950,176,,False
1780159476,2026-05-30T16:44:36+00:00,44.415417,12.247288,26950,176,,False
1780159478,2026-05-30T16:44:38+00:00,44.417023,12.246495,26950,176,,False
1780159480,2026-05-30T16:44:40+00:00,44.418694,12.245382,26950,176,,False
1780159483,2026-05-30T16:44:43+00:00,44.420284,12.243815,26950,174,,False
1780159485,2026-05-30T16:44:45+00:00,44.421566,12.24225,26950,174,,False
1780159487,2026-05-30T16:44:47+00:00,44.422749,12.240712,26950,174,,False
1780159489,2026-05-30T16:44:49+00:00,44.423866,12.238915,26950,176,,False
1780159491,2026-05-30T16:44:51+00:00,44.424911,12.237054,26950,176,,False
1780159493,2026-05-30T16:44:53+00:00,44.426006,12.234593,26950,176,,False
1780159496,2026-05-30T16:44:56+00:00,44.426598,12.232536,26950,176,,False
1780159498,2026-05-30T16:44:58+00:00,44.427246,12.230291,26950,176,,False
1780159500,2026-05-30T16:45:00+00:00,44.427769,12.227927,26950,178,,False
1780159502,2026-05-30T16:45:02+00:00,44.428123,12.225589,26950,180,,False
1780159504,2026-05-30T16:45:04+00:00,44.428314,12.222734,26950,180,,False
1780159507,2026-05-30T16:45:07+00:00,44.428246,12.219974,26950,180,,False
1780159509,2026-05-30T16:45:09+00:00,44.42815,12.217435,26950,180,,False
1780159511,2026-05-30T16:45:11+00:00,44.427792,12.214725,26950,180,,False
1780159513,2026-05-30T16:45:13+00:00,44.427307,12.2121,26950,182,,False
1780159515,2026-05-30T16:45:15+00:00,44.426605,12.209504,26950,185,,False
1780159518,2026-05-30T16:45:18+00:00,44.425812,12.207476,26950,189,,False
1780159520,2026-05-30T16:45:20+00:00,44.425018,12.205338,26950,189,,False
1780159522,2026-05-30T16:45:22+00:00,44.423855,12.203127,26950,192,,False
1780159524,2026-05-30T16:45:24+00:00,44.422756,12.201088,26950,192,,False
1780159526,2026-05-30T16:45:26+00:00,44.421387,12.199018,26950,190,,False
1780159528,2026-05-30T16:45:28+00:00,44.420052,12.197294,26950,195,,False
1780159530,2026-05-30T16:45:30+00:00,44.41853,12.19566,26950,198,,False
1780159533,2026-05-30T16:45:33+00:00,44.41655,12.193897,26950,198,,False
1780159535,2026-05-30T16:45:35+00:00,44.414845,12.192599,26950,199,,False
1780159537,2026-05-30T16:45:37+00:00,44.413162,12.19159,26950,197,,False
1780159539,2026-05-30T16:45:39+00:00,44.411316,12.190735,26950,200,,False
1780159541,2026-05-30T16:45:41+00:00,44.409214,12.189704,26950,204,,False
1780159543,2026-05-30T16:45:43+00:00,44.407185,12.189184,26950,201,,False
1780159546,2026-05-30T16:45:46+00:00,44.405201,12.188857,26950,209,,False
1780159548,2026-05-30T16:45:48+00:00,44.402897,12.1887,26950,210,,False
1780159550,2026-05-30T16:45:50+00:00,44.401062,12.188837,26950,206,,False
1780159552,2026-05-30T16:45:52+00:00,44.399021,12.18937,26950,206,,False
1780159554,2026-05-30T16:45:54+00:00,44.396751,12.189915,26950,210,,False
1780159556,2026-05-30T16:45:56+00:00,44.394997,12.190509,26950,210,,False
1780159558,2026-05-30T16:45:58+00:00,44.393032,12.191491,26950,210,,False
1780159560,2026-05-30T16:46:00+00:00,44.391243,12.192591,26950,212,,False
1780159563,2026-05-30T16:46:03+00:00,44.389404,12.193875,26950,212,,False
1780159565,2026-05-30T16:46:05+00:00,44.387428,12.195646,26950,212,,False
1780159567,2026-05-30T16:46:07+00:00,44.385635,12.197293,26950,212,,False
1780159569,2026-05-30T16:46:09+00:00,44.38409,12.199007,26950,212,,False
1780159571,2026-05-30T16:46:11+00:00,44.382473,12.2012,26950,212,,False
1780159573,2026-05-30T16:46:13+00:00,44.381229,12.203232,26950,212,,False
1780159575,2026-05-30T16:46:15+00:00,44.379959,12.205635,26950,212,,False
1780159578,2026-05-30T16:46:18+00:00,44.3787,12.208292,26950,212,,False
1780159580,2026-05-30T16:46:20+00:00,44.377644,12.211009,26950,212,,False
1780159582,2026-05-30T16:46:22+00:00,44.37661,12.213874,26950,210,,False
1780159584,2026-05-30T16:46:24+00:00,44.375999,12.216481,26950,210,,False
1780159586,2026-05-30T16:46:26+00:00,44.375607,12.219152,26950,210,,False
1780159589,2026-05-30T16:46:29+00:00,44.375,12.223,26950,210,,False
1780159592,2026-05-30T16:46:32+00:00,44.374783,12.225729,26950,208,,False
1780159594,2026-05-30T16:46:34+00:00,44.374756,12.228872,26950,206,,False
1780159596,2026-05-30T16:46:36+00:00,44.374897,12.232116,26950,206,,False
1780159598,2026-05-30T16:46:38+00:00,44.37516,12.234838,26950,204,,False
1780159600,2026-05-30T16:46:40+00:00,44.375713,12.238191,26950,204,,False
1780159602,2026-05-30T16:46:42+00:00,44.376209,12.240204,26950,202,,False
1780159604,2026-05-30T16:46:44+00:00,44.376938,12.242867,26950,200,,False
1780159607,2026-05-30T16:46:47+00:00,44.377766,12.24535,26950,198,,False
1780159609,2026-05-30T16:46:49+00:00,44.378819,12.247746,26950,198,,False
1780159611,2026-05-30T16:46:51+00:00,44.379795,12.249946,26950,196,,False
1780159613,2026-05-30T16:46:53+00:00,44.381027,12.251937,26925,194,,False
1780159615,2026-05-30T16:46:55+00:00,44.382298,12.253825,26950,192,,False
1780159617,2026-05-30T16:46:57+00:00,44.383636,12.255355,26950,190,,False
1780159619,2026-05-30T16:46:59+00:00,44.385147,12.25699,26950,188,,False
1780159622,2026-05-30T16:47:02+00:00,44.386951,12.258596,26950,188,,False
1780159624,2026-05-30T16:47:04+00:00,44.388741,12.259815,26950,186,,False
1780159626,2026-05-30T16:47:06+00:00,44.390362,12.260829,26950,186,,False
1780159628,2026-05-30T16:47:08+00:00,44.392048,12.261496,26950,182,,False
1780159630,2026-05-30T16:47:10+00:00,44.393894,12.262098,26950,182,,False
1780159632,2026-05-30T16:47:12+00:00,44.395653,12.262423,26950,180,,False
1780159635,2026-05-30T16:47:15+00:00,44.39756,12.262568,26950,178,,False
1780159637,2026-05-30T16:47:17+00:00,44.399204,12.262405,26950,176,,False
1780159639,2026-05-30T16:47:19+00:00,44.400917,12.262244,26950,176,,False
1780159641,2026-05-30T16:47:21+00:00,44.402637,12.261756,26950,174,,False
1780159643,2026-05-30T16:47:23+00:00,44.404339,12.261013,26950,174,,False
1780159645,2026-05-30T16:47:25+00:00,44.40596,12.260068,26950,174,,False
1780159648,2026-05-30T16:47:28+00:00,44.407467,12.258774,26950,174,,False
1780159650,2026-05-30T16:47:30+00:00,44.409027,12.257397,26950,172,,False
1780159652,2026-05-30T16:47:32+00:00,44.410416,12.255986,26950,172,,False
1780159654,2026-05-30T16:47:34+00:00,44.4118,12.254705,26950,172,,False
1780159657,2026-05-30T16:47:37+00:00,44.4132,12.25343,26950,174,,False
1780159659,2026-05-30T16:47:39+00:00,44.414909,12.251847,26925,174,,False
1780159661,2026-05-30T16:47:41+00:00,44.416771,12.250154,26925,174,,False
1780159663,2026-05-30T16:47:43+00:00,44.417809,12.24921,26950,174,,False
1780159665,2026-05-30T16:47:45+00:00,44.419312,12.247872,26925,174,,False
1780159667,2026-05-30T16:47:47+00:00,44.420689,12.246715,26925,174,,False
1780159670,2026-05-30T16:47:50+00:00,44.422318,12.245272,26925,174,,False
1780159672,2026-05-30T16:47:52+00:00,44.423794,12.244047,26925,174,,False
1780159674,2026-05-30T16:47:54+00:00,44.425476,12.242596,26925,176,,False
1780159676,2026-05-30T16:47:56+00:00,44.427017,12.241291,26925,176,,False
1780159693,2026-05-30T16:48:13+00:00,44.438759,12.230961,26900,176,,False
1780159696,2026-05-30T16:48:16+00:00,44.440216,12.229466,26925,176,,False
1780159698,2026-05-30T16:48:18+00:00,44.441486,12.227479,26925,174,,False
1780159701,2026-05-30T16:48:21+00:00,44.442688,12.225153,26950,174,,False
1780159703,2026-05-30T16:48:23+00:00,44.443874,12.222764,26925,176,,False
1780159705,2026-05-30T16:48:25+00:00,44.444672,12.220858,26925,176,,False
1780159707,2026-05-30T16:48:27+00:00,44.445385,12.218958,26950,176,,False
1780159709,2026-05-30T16:48:29+00:00,44.445919,12.216639,26950,176,,False
1780159711,2026-05-30T16:48:31+00:00,44.446407,12.214314,26950,176,,False
1780159714,2026-05-30T16:48:34+00:00,44.446785,12.211857,26950,178,,False
1780159716,2026-05-30T16:48:36+00:00,44.447147,12.209223,26950,178,,False
1780159718,2026-05-30T16:48:38+00:00,44.447262,12.206762,26950,178,,False
1780159720,2026-05-30T16:48:40+00:00,44.447243,12.204015,26950,178,,False
1780159723,2026-05-30T16:48:43+00:00,44.447021,12.201148,26950,178,,False
1780159725,2026-05-30T16:48:45+00:00,44.44677,12.198921,26950,178,,False
1780159727,2026-05-30T16:48:47+00:00,44.446377,12.196071,26950,182,,False
1780159729,2026-05-30T16:48:49+00:00,44.445877,12.194089,26950,177,,False
1780159731,2026-05-30T16:48:51+00:00,44.445045,12.191256,26950,187,,False
1780159733,2026-05-30T16:48:53+00:00,44.44434,12.189185,26950,185,,False
1780159736,2026-05-30T16:48:56+00:00,44.443302,12.186808,26950,188,,False
1780159738,2026-05-30T16:48:58+00:00,44.44215,12.184389,26950,187,,False
1780159740,2026-05-30T16:49:00+00:00,44.44104,12.182446,26950,186,,False
1780159743,2026-05-30T16:49:03+00:00,44.439404,12.179684,26950,190,,False
1780159745,2026-05-30T16:49:05+00:00,44.438068,12.177938,26950,194,,False
1780159747,2026-05-30T16:49:07+00:00,44.436234,12.175871,26950,197,,False
1780159749,2026-05-30T16:49:09+00:00,44.434807,12.174604,26950,195,,False
1780159752,2026-05-30T16:49:12+00:00,44.43322,12.173139,26950,195,,False
1780159754,2026-05-30T16:49:14+00:00,44.431122,12.171751,26950,199,,False
1780159756,2026-05-30T16:49:16+00:00,44.429352,12.1705,26950,198,,False
1780159758,2026-05-30T16:49:18+00:00,44.427132,12.169534,26950,202,,False
1780159760,2026-05-30T16:49:20+00:00,44.424984,12.168594,26950,203,,False
1780159762,2026-05-30T16:49:22+00:00,44.423607,12.168237,26950,200,,False
1780159765,2026-05-30T16:49:25+00:00,44.421387,12.167649,26950,205,,False
1780159767,2026-05-30T16:49:27+00:00,44.419365,12.167534,26950,210,,False
1780159769,2026-05-30T16:49:29+00:00,44.417179,12.167461,26950,210,,False
1780159771,2026-05-30T16:49:31+00:00,44.41478,12.167585,26950,209,,False
1780159774,2026-05-30T16:49:34+00:00,44.413021,12.167894,26950,210,,False
1780159776,2026-05-30T16:49:36+00:00,44.410694,12.168449,26950,210,,False
1780159778,2026-05-30T16:49:38+00:00,44.408619,12.169159,26950,212,,False
1780159780,2026-05-30T16:49:40+00:00,44.406696,12.170084,26950,212,,False
1780159783,2026-05-30T16:49:43+00:00,44.404476,12.171177,26950,212,,False
1780159785,2026-05-30T16:49:45+00:00,44.402657,12.172424,26950,212,,False
1780159787,2026-05-30T16:49:47+00:00,44.400234,12.17397,26950,214,,False
1780159789,2026-05-30T16:49:49+00:00,44.398674,12.175542,26950,214,,False
1780159792,2026-05-30T16:49:52+00:00,44.396729,12.177377,26950,214,,False
1780159794,2026-05-30T16:49:54+00:00,44.39497,12.179346,26950,214,,False
1780159796,2026-05-30T16:49:56+00:00,44.393559,12.181208,26950,214,,False
1780159798,2026-05-30T16:49:58+00:00,44.39201,12.18342,26925,214,,False
1780159800,2026-05-30T16:50:00+00:00,44.390461,12.18587,26925,212,,False
1780159803,2026-05-30T16:50:03+00:00,44.389313,12.18828,26925,212,,False
1780159805,2026-05-30T16:50:05+00:00,44.388157,12.190683,26950,212,,False
1780159807,2026-05-30T16:50:07+00:00,44.387169,12.19302,26950,212,,False
1780159809,2026-05-30T16:50:09+00:00,44.386192,12.195788,26950,210,,False
1780159811,2026-05-30T16:50:11+00:00,44.385433,12.1984,26950,210,,False
1780159813,2026-05-30T16:50:13+00:00,44.384861,12.201081,26950,208,,False
1780159816,2026-05-30T16:50:16+00:00,44.384174,12.204318,26950,208,,False
1780159818,2026-05-30T16:50:18+00:00,44.383724,12.20717,26950,208,,False
1780159820,2026-05-30T16:50:20+00:00,44.383408,12.209941,26950,206,,False
1780159822,2026-05-30T16:50:22+00:00,44.383289,12.212597,26950,206,,False
1780159824,2026-05-30T16:50:24+00:00,44.383362,12.215837,26950,204,,False
1780159827,2026-05-30T16:50:27+00:00,44.38343,12.218821,26950,202,,False
1780159829,2026-05-30T16:50:29+00:00,44.383617,12.221501,26950,202,,False
1780159831,2026-05-30T16:50:31+00:00,44.383965,12.224204,26950,202,,False
1780159833,2026-05-30T16:50:33+00:00,44.38448,12.226798,26950,200,,False
1780159835,2026-05-30T16:50:35+00:00,44.385075,12.229504,26950,198,,False
1780159837,2026-05-30T16:50:37+00:00,44.385864,12.232175,26950,198,,False
1780159839,2026-05-30T16:50:39+00:00,44.386642,12.234497,26925,196,,False
1780159842,2026-05-30T16:50:42+00:00,44.387562,12.236807,26925,194,,False
1780159844,2026-05-30T16:50:44+00:00,44.388748,12.239223,26950,192,,False
1780159846,2026-05-30T16:50:46+00:00,44.389881,12.241372,26950,190,,False
1780159848,2026-05-30T16:50:48+00:00,44.391087,12.243291,26950,190,,False
1780159850,2026-05-30T16:50:50+00:00,44.392406,12.245267,26950,190,,False
1780159853,2026-05-30T16:50:53+00:00,44.393772,12.246869,26950,188,,False
1780159855,2026-05-30T16:50:55+00:00,44.395382,12.248632,26950,188,,False
1780159857,2026-05-30T16:50:57+00:00,44.396805,12.249918,26950,184,,False
1780159859,2026-05-30T16:50:59+00:00,44.398373,12.251123,26950,184,,False
1780159861,2026-05-30T16:51:01+00:00,44.399979,12.252081,26950,182,,False
1780159863,2026-05-30T16:51:03+00:00,44.401669,12.253099,26950,180,,False
1780159865,2026-05-30T16:51:05+00:00,44.403446,12.253851,26950,180,,False
1780159867,2026-05-30T16:51:07+00:00,44.405121,12.254462,26950,178,,False
1780159870,2026-05-30T16:51:10+00:00,44.406864,12.254781,26950,178,,False
1780159872,2026-05-30T16:51:12+00:00,44.408756,12.25498,26950,176,,False
1780159875,2026-05-30T16:51:15+00:00,44.4105,12.255066,26950,176,,False
1780159877,2026-05-30T16:51:17+00:00,44.412876,12.254837,26950,174,,False
1780159879,2026-05-30T16:51:19+00:00,44.414398,12.254456,26950,174,,False
1780159881,2026-05-30T16:51:21+00:00,44.416046,12.253841,26950,172,,False
1780159883,2026-05-30T16:51:23+00:00,44.417622,12.253176,26950,172,,False
1780159885,2026-05-30T16:51:25+00:00,44.419106,12.252376,26950,172,,False
1780159887,2026-05-30T16:51:27+00:00,44.420574,12.25139,26950,170,,False
1780159890,2026-05-30T16:51:30+00:00,44.422337,12.250007,26950,170,,False
1780159892,2026-05-30T16:51:32+00:00,44.423645,12.248587,26950,170,,False
1780159894,2026-05-30T16:51:34+00:00,44.424942,12.247094,26950,170,,False
1780159896,2026-05-30T16:51:36+00:00,44.426247,12.245358,26950,172,,False
1780159898,2026-05-30T16:51:38+00:00,44.427467,12.243422,26950,172,,False
1780159901,2026-05-30T16:51:41+00:00,44.42868,12.241079,26950,172,,False
1780159903,2026-05-30T16:51:43+00:00,44.429714,12.238783,26950,172,,False
1780159906,2026-05-30T16:51:46+00:00,44.430813,12.236478,26950,172,,False
1780159908,2026-05-30T16:51:48+00:00,44.431713,12.234545,26950,172,,False
1780159910,2026-05-30T16:51:50+00:00,44.432644,12.232553,26925,172,,False
1780159913,2026-05-30T16:51:53+00:00,44.433708,12.230439,26950,174,,False
1780159915,2026-05-30T16:51:55+00:00,44.434929,12.227997,26950,174,,False
1780159917,2026-05-30T16:51:57+00:00,44.435722,12.226442,26950,174,,False
1780159919,2026-05-30T16:51:59+00:00,44.436626,12.224612,26925,174,,False
1780159921,2026-05-30T16:52:01+00:00,44.437565,12.222752,26925,174,,False
1780159923,2026-05-30T16:52:03+00:00,44.438732,12.220574,26925,174,,False
1780159925,2026-05-30T16:52:05+00:00,44.439705,12.218662,26925,174,,False
1780159928,2026-05-30T16:52:08+00:00,44.440739,12.216614,26925,176,,False
1780159930,2026-05-30T16:52:10+00:00,44.441936,12.214353,26925,176,,False
1780159932,2026-05-30T16:52:12+00:00,44.442905,12.212497,26925,176,,False
1780159934,2026-05-30T16:52:14+00:00,44.443996,12.210511,26925,176,,False
1780159936,2026-05-30T16:52:16+00:00,44.444824,12.208832,26925,176,,False
1780159938,2026-05-30T16:52:18+00:00,44.445744,12.206695,26925,176,,False
1780159941,2026-05-30T16:52:21+00:00,44.446602,12.204345,26925,176,,False
1780159943,2026-05-30T16:52:23+00:00,44.447266,12.201794,26950,176,,False
1780159945,2026-05-30T16:52:25+00:00,44.44772,12.19971,26950,176,,False
1780159947,2026-05-30T16:52:27+00:00,44.448269,12.196741,26950,178,,False
1780159949,2026-05-30T16:52:29+00:00,44.448494,12.194541,26950,178,,False
1780159952,2026-05-30T16:52:32+00:00,44.448551,12.191908,26950,178,,False
1780159954,2026-05-30T16:52:34+00:00,44.448544,12.189425,26950,178,,False
1780159956,2026-05-30T16:52:36+00:00,44.448437,12.186973,26950,178,,False
1780159959,2026-05-30T16:52:39+00:00,44.448242,12.18433,26975,178,,False
1780159961,2026-05-30T16:52:41+00:00,44.447693,12.181359,26975,181,,False
1780159963,2026-05-30T16:52:43+00:00,44.447056,12.178632,26975,183,,False
1780159965,2026-05-30T16:52:45+00:00,44.446529,12.176575,26975,187,,False
1780159967,2026-05-30T16:52:47+00:00,44.445763,12.174471,26975,190,,False
1780159970,2026-05-30T16:52:50+00:00,44.444744,12.172036,26975,184,,False
1780159972,2026-05-30T16:52:52+00:00,44.443493,12.169243,26975,194,,False
1780159974,2026-05-30T16:52:54+00:00,44.442116,12.166853,26975,192,,False
1780159977,2026-05-30T16:52:57+00:00,44.440647,12.164739,26975,191,,False
1780159979,2026-05-30T16:52:59+00:00,44.439251,12.162886,26975,190,,False
1780159981,2026-05-30T16:53:01+00:00,44.437683,12.161066,26975,199,,False
1780159983,2026-05-30T16:53:03+00:00,44.435383,12.158819,26975,200,,False
1780159985,2026-05-30T16:53:05+00:00,44.434357,12.158065,26975,197,,False
1780159988,2026-05-30T16:53:08+00:00,44.432598,12.156579,26950,195,,False
1780159990,2026-05-30T16:53:10+00:00,44.430439,12.155361,26950,202,,False
1780159992,2026-05-30T16:53:12+00:00,44.428692,12.154457,26950,201,,False
1780159994,2026-05-30T16:53:14+00:00,44.426777,12.153605,26950,203,,False
1780159997,2026-05-30T16:53:17+00:00,44.424728,12.153039,26950,204,,False
1780159999,2026-05-30T16:53:19+00:00,44.422146,12.15237,26950,210,,False
1780160001,2026-05-30T16:53:21+00:00,44.420258,12.152099,26950,210,,False
1780160003,2026-05-30T16:53:23+00:00,44.418449,12.152067,26950,207,,False
1780160006,2026-05-30T16:53:26+00:00,44.415874,12.152329,26950,212,,False
1780160008,2026-05-30T16:53:28+00:00,44.41378,12.152706,26950,212,,False
1780160010,2026-05-30T16:53:30+00:00,44.411564,12.153089,26950,212,,False
1780160012,2026-05-30T16:53:32+00:00,44.409607,12.153649,26950,214,,False
1780160014,2026-05-30T16:53:34+00:00,44.407612,12.154632,26950,214,,False
1780160016,2026-05-30T16:53:36+00:00,44.405544,12.155688,26950,214,,False
1780160018,2026-05-30T16:53:38+00:00,44.403484,12.15681,26950,214,,False
1780160021,2026-05-30T16:53:41+00:00,44.401657,12.158066,26950,216,,False
1780160023,2026-05-30T16:53:43+00:00,44.399788,12.159747,26950,216,,False
1780160025,2026-05-30T16:53:45+00:00,44.397945,12.161389,26950,216,,False
1780160027,2026-05-30T16:53:47+00:00,44.395916,12.163566,26950,216,,False
1780160029,2026-05-30T16:53:49+00:00,44.394348,12.16546,26950,216,,False
1780160031,2026-05-30T16:53:51+00:00,44.392933,12.167518,26950,214,,False
1780160034,2026-05-30T16:53:54+00:00,44.391521,12.169745,26950,214,,False
1780160036,2026-05-30T16:53:56+00:00,44.390167,12.172058,26950,214,,False
1780160038,2026-05-30T16:53:58+00:00,44.389084,12.174357,26925,214,,False
1780160040,2026-05-30T16:54:00+00:00,44.387993,12.176929,26925,212,,False
1780160042,2026-05-30T16:54:02+00:00,44.387138,12.179598,26950,212,,False
1780160045,2026-05-30T16:54:05+00:00,44.38641,12.182572,26950,210,,False
1780160047,2026-05-30T16:54:07+00:00,44.385803,12.185654,26950,208,,False
1780160049,2026-05-30T16:54:09+00:00,44.385448,12.18815,26950,208,,False
1780160051,2026-05-30T16:54:11+00:00,44.385223,12.191018,26950,206,,False
1780160053,2026-05-30T16:54:13+00:00,44.385239,12.194034,26950,206,,False
1780160055,2026-05-30T16:54:15+00:00,44.385319,12.19686,26950,202,,False
1780160057,2026-05-30T16:54:17+00:00,44.385532,12.199356,26950,202,,False
1780160059,2026-05-30T16:54:19+00:00,44.385933,12.2021,26950,200,,False
1780160061,2026-05-30T16:54:21+00:00,44.386513,12.204589,26950,200,,False
1780160064,2026-05-30T16:54:24+00:00,44.387268,12.2072,26950,196,,False
1780160066,2026-05-30T16:54:26+00:00,44.388359,12.210105,26950,194,,False
1780160068,2026-05-30T16:54:28+00:00,44.389271,12.212189,26950,192,,False
1780160070,2026-05-30T16:54:30+00:00,44.390495,12.214411,26950,190,,False
1780160072,2026-05-30T16:54:32+00:00,44.391621,12.216148,26950,190,,False
1780160074,2026-05-30T16:54:34+00:00,44.392963,12.217943,26950,188,,False
1780160077,2026-05-30T16:54:37+00:00,44.394321,12.219537,26975,188,,False
1780160079,2026-05-30T16:54:39+00:00,44.395741,12.221416,26950,188,,False
1780160081,2026-05-30T16:54:41+00:00,44.397419,12.223398,26950,186,,False
1780160083,2026-05-30T16:54:43+00:00,44.398674,12.224733,26950,186,,False
1780160085,2026-05-30T16:54:45+00:00,44.40028,12.226416,26950,186,,False
1780160088,2026-05-30T16:54:48+00:00,44.402016,12.228058,26950,186,,False
1780160090,2026-05-30T16:54:50+00:00,44.403446,12.229424,26950,186,,False
1780160092,2026-05-30T16:54:52+00:00,44.404881,12.230622,26950,186,,False
1780160095,2026-05-30T16:54:55+00:00,44.406754,12.232141,26950,184,,False
1780160097,2026-05-30T16:54:57+00:00,44.408489,12.233394,26950,184,,False
1780160099,2026-05-30T16:54:59+00:00,44.410141,12.234527,26950,184,,False
1780160101,2026-05-30T16:55:01+00:00,44.411991,12.235824,26950,184,,False
1780160104,2026-05-30T16:55:04+00:00,44.413857,12.237004,26950,184,,False
1780160106,2026-05-30T16:55:06+00:00,44.415504,12.237798,26950,184,,False
1780160108,2026-05-30T16:55:08+00:00,44.417171,12.238604,26950,182,,False
1780160110,2026-05-30T16:55:10+00:00,44.418808,12.239406,26950,182,,False
1780160112,2026-05-30T16:55:12+00:00,44.42065,12.240014,26950,182,,False
1780160115,2026-05-30T16:55:15+00:00,44.422562,12.240708,26950,182,,False
1780160117,2026-05-30T16:55:17+00:00,44.424229,12.241178,26950,182,,False
1780160119,2026-05-30T16:55:19+00:00,44.426582,12.241787,26950,180,,False
1780160121,2026-05-30T16:55:21+00:00,44.428268,12.242155,26950,180,,False
1780160124,2026-05-30T16:55:24+00:00,44.430111,12.242565,26950,180,,False
1780160126,2026-05-30T16:55:26+00:00,44.431904,12.24281,26950,180,,False
1780160128,2026-05-30T16:55:28+00:00,44.433628,12.24285,26950,180,,False
1780160130,2026-05-30T16:55:30+00:00,44.435463,12.242844,26925,178,,False
1780160132,2026-05-30T16:55:32+00:00,44.437328,12.242747,26925,178,,False
1780160134,2026-05-30T16:55:34+00:00,44.439056,12.242322,26925,178,,False
1780160137,2026-05-30T16:55:37+00:00,44.441025,12.241488,26950,176,,False
1780160139,2026-05-30T16:55:39+00:00,44.442276,12.240873,26950,176,,False
1780160141,2026-05-30T16:55:41+00:00,44.443851,12.239779,26950,176,,False
1780160143,2026-05-30T16:55:43+00:00,44.445492,12.238526,26950,176,,False
1780160146,2026-05-30T16:55:46+00:00,44.44714,12.236976,26925,176,,False
1780160148,2026-05-30T16:55:48+00:00,44.448475,12.235225,26950,176,,False
1780160150,2026-05-30T16:55:50+00:00,44.449944,12.233433,26950,176,,False
1780160152,2026-05-30T16:55:52+00:00,44.45121,12.230827,26950,176,,False
1780160155,2026-05-30T16:55:55+00:00,44.451977,12.229136,26950,176,,False
1780160157,2026-05-30T16:55:57+00:00,44.45274,12.227162,26950,176,,False
1780160159,2026-05-30T16:55:59+00:00,44.453445,12.224953,26950,176,,False
1780160161,2026-05-30T16:56:01+00:00,44.454063,12.222855,26950,178,,False
1780160163,2026-05-30T16:56:03+00:00,44.454414,12.22047,26950,178,,False
1780160165,2026-05-30T16:56:05+00:00,44.454666,12.217682,26950,178,,False
1780160167,2026-05-30T16:56:07+00:00,44.454807,12.214896,26950,178,,False
1780160169,2026-05-30T16:56:09+00:00,44.454769,12.2128,26950,178,,False
1780160172,2026-05-30T16:56:12+00:00,44.454578,12.210032,26950,178,,False
1780160174,2026-05-30T16:56:14+00:00,44.454296,12.207888,26950,178,,False
1780160176,2026-05-30T16:56:16+00:00,44.453793,12.205242,26950,186,,False
1780160178,2026-05-30T16:56:18+00:00,44.453087,12.202839,26950,186,,False
1780160180,2026-05-30T16:56:20+00:00,44.452377,12.200823,26950,185,,False
1780160183,2026-05-30T16:56:23+00:00,44.45142,12.198221,26950,189,,False
1780160185,2026-05-30T16:56:25+00:00,44.450027,12.195578,26950,190,,False
1780160187,2026-05-30T16:56:27+00:00,44.448273,12.192657,26950,187,,False
1780160190,2026-05-30T16:56:30+00:00,44.447506,12.19154,26950,187,,False
1780160192,2026-05-30T16:56:32+00:00,44.445927,12.189558,26950,193,,False
1780160194,2026-05-30T16:56:34+00:00,44.444229,12.187929,26950,195,,False
1780160196,2026-05-30T16:56:36+00:00,44.442505,12.186504,26950,195,,False
1780160198,2026-05-30T16:56:38+00:00,44.440697,12.185188,26950,199,,False
1780160200,2026-05-30T16:56:40+00:00,44.438862,12.184132,26950,203,,False
1780160203,2026-05-30T16:56:43+00:00,44.436783,12.183084,26950,198,,False
1780160205,2026-05-30T16:56:45+00:00,44.434525,12.182407,26950,201,,False
1780160207,2026-05-30T16:56:47+00:00,44.432602,12.181958,26950,206,,False
1780160209,2026-05-30T16:56:49+00:00,44.430603,12.181749,26950,208,,False
1780160212,2026-05-30T16:56:52+00:00,44.428535,12.181733,26950,207,,False
1780160214,2026-05-30T16:56:54+00:00,44.426277,12.182042,26950,205,,False
1780160216,2026-05-30T16:56:56+00:00,44.424351,12.182314,26950,207,,False
1780160218,2026-05-30T16:56:58+00:00,44.422291,12.183067,26950,210,,False
1780160220,2026-05-30T16:57:00+00:00,44.420135,12.184079,26950,210,,False
1780160223,2026-05-30T16:57:03+00:00,44.41785,12.185232,26925,210,,False
1780160225,2026-05-30T16:57:05+00:00,44.415592,12.186798,26950,210,,False
1780160227,2026-05-30T16:57:07+00:00,44.414032,12.188153,26950,210,,False
1780160229,2026-05-30T16:57:09+00:00,44.412407,12.189733,26950,210,,False
1780160232,2026-05-30T16:57:12+00:00,44.410801,12.191494,26950,210,,False
1780160235,2026-05-30T16:57:15+00:00,44.408848,12.193935,26950,210,,False
1780160237,2026-05-30T16:57:17+00:00,44.40715,12.196662,26950,210,,False
1780160239,2026-05-30T16:57:19+00:00,44.405987,12.198757,26950,210,,False
1780160241,2026-05-30T16:57:21+00:00,44.40477,12.201309,26950,210,,False
1780160244,2026-05-30T16:57:24+00:00,44.403721,12.204058,26950,210,,False
1780160246,2026-05-30T16:57:26+00:00,44.402779,12.207017,26950,208,,False
1780160248,2026-05-30T16:57:28+00:00,44.401939,12.210483,26950,208,,False
1780160250,2026-05-30T16:57:30+00:00,44.401531,12.213116,26950,208,,False
1780160253,2026-05-30T16:57:33+00:00,44.401077,12.215998,26950,206,,False
1780160255,2026-05-30T16:57:35+00:00,44.400806,12.220132,26950,204,,False
1780160257,2026-05-30T16:57:37+00:00,44.400841,12.222268,26950,204,,False
1780160260,2026-05-30T16:57:40+00:00,44.400879,12.225615,26950,202,,False
1780160262,2026-05-30T16:57:42+00:00,44.401192,12.22826,26950,200,,False
1780160264,2026-05-30T16:57:44+00:00,44.401592,12.230888,26950,200,,False
1780160266,2026-05-30T16:57:46+00:00,44.402233,12.233519,26950,198,,False
1780160269,2026-05-30T16:57:49+00:00,44.402992,12.236185,26950,198,,False
1780160271,2026-05-30T16:57:51+00:00,44.404312,12.239965,26950,194,,False
1780160274,2026-05-30T16:57:54+00:00,44.405113,12.241696,26950,192,,False
1780160276,2026-05-30T16:57:56+00:00,44.40646,12.244179,26950,190,,False
1780160278,2026-05-30T16:57:58+00:00,44.407707,12.246051,26950,188,,False
1780160280,2026-05-30T16:58:00+00:00,44.408985,12.247924,26950,188,,False
1780160282,2026-05-30T16:58:02+00:00,44.410511,12.249589,26950,186,,False
1780160284,2026-05-30T16:58:04+00:00,44.411999,12.25083,26950,186,,False
1780160287,2026-05-30T16:58:07+00:00,44.413895,12.252301,26950,184,,False
1780160289,2026-05-30T16:58:09+00:00,44.415897,12.253616,26950,182,,False
1780160291,2026-05-30T16:58:11+00:00,44.416748,12.254066,26950,180,,False
1780160293,2026-05-30T16:58:13+00:00,44.418388,12.254653,26950,180,,False
1780160295,2026-05-30T16:58:15+00:00,44.420254,12.255326,26950,180,,False
1780160297,2026-05-30T16:58:17+00:00,44.421898,12.255479,26950,176,,False
1780160299,2026-05-30T16:58:19+00:00,44.423645,12.25561,26950,176,,False
1780160301,2026-05-30T16:58:21+00:00,44.425404,12.255401,26950,176,,False
1780160304,2026-05-30T16:58:24+00:00,44.427002,12.255078,26950,174,,False
1780160306,2026-05-30T16:58:26+00:00,44.42918,12.254357,26950,174,,False
1780160308,2026-05-30T16:58:28+00:00,44.430954,12.253325,26950,174,,False
1780160310,2026-05-30T16:58:30+00:00,44.432407,12.252486,26950,172,,False
1780160313,2026-05-30T16:58:33+00:00,44.434086,12.25123,26950,172,,False
1780160315,2026-05-30T16:58:35+00:00,44.435375,12.249787,26950,172,,False
1780160317,2026-05-30T16:58:37+00:00,44.436935,12.247992,26950,172,,False
1780160319,2026-05-30T16:58:39+00:00,44.438259,12.245982,26950,172,,False
1780160321,2026-05-30T16:58:41+00:00,44.439072,12.244668,26950,174,,False
1780160324,2026-05-30T16:58:44+00:00,44.439995,12.24269,26950,174,,False
1780160326,2026-05-30T16:58:46+00:00,44.440926,12.240108,26950,174,,False
1780160328,2026-05-30T16:58:48+00:00,44.441711,12.237886,26950,174,,False
1780160330,2026-05-30T16:58:50+00:00,44.442196,12.235709,26950,176,,False
1780160333,2026-05-30T16:58:53+00:00,44.442661,12.233226,26950,176,,False
1780160335,2026-05-30T16:58:55+00:00,44.442955,12.229872,26950,178,,False
1780160337,2026-05-30T16:58:57+00:00,44.443012,12.227621,26950,178,,False
1780160339,2026-05-30T16:58:59+00:00,44.442921,12.225337,26950,178,,False
1780160342,2026-05-30T16:59:02+00:00,44.442722,12.222835,26950,178,,False
1780160344,2026-05-30T16:59:04+00:00,44.442142,12.219214,26950,178,,False
1780160347,2026-05-30T16:59:07+00:00,44.441631,12.217188,26950,184,,False
1780160349,2026-05-30T16:59:09+00:00,44.44075,12.214535,26950,185,,False
1780160351,2026-05-30T16:59:11+00:00,44.439823,12.211952,26950,189,,False
1780160353,2026-05-30T16:59:13+00:00,44.438725,12.209731,26950,188,,False
1780160356,2026-05-30T16:59:16+00:00,44.437469,12.207451,26950,188,,False
1780160358,2026-05-30T16:59:18+00:00,44.436127,12.205452,26950,187,,False
1780160360,2026-05-30T16:59:20+00:00,44.434345,12.203264,26950,195,,False
1780160362,2026-05-30T16:59:22+00:00,44.433033,12.201839,26950,189,,False
1780160365,2026-05-30T16:59:25+00:00,44.431232,12.200167,26950,194,,False
1780160367,2026-05-30T16:59:27+00:00,44.429348,12.198794,26950,199,,False
1780160369,2026-05-30T16:59:29+00:00,44.427765,12.19778,26950,201,,False
1780160371,2026-05-30T16:59:31+00:00,44.425831,12.196731,26950,200,,False
1780160374,2026-05-30T16:59:34+00:00,44.423717,12.195965,26950,204,,False
1780160376,2026-05-30T16:59:36+00:00,44.421646,12.195415,26950,204,,False
1780160378,2026-05-30T16:59:38+00:00,44.419594,12.195016,26950,203,,False
1780160380,2026-05-30T16:59:40+00:00,44.41753,12.19499,26950,206,,False
1780160382,2026-05-30T16:59:42+00:00,44.415489,12.195132,26950,206,,False
1780160385,2026-05-30T16:59:45+00:00,44.413105,12.195623,26950,208,,False
1780160387,2026-05-30T16:59:47+00:00,44.410763,12.196106,26950,210,,False
1780160389,2026-05-30T16:59:49+00:00,44.408871,12.196909,26950,210,,False
1780160391,2026-05-30T16:59:51+00:00,44.40696,12.198034,26950,210,,False
1780160394,2026-05-30T16:59:54+00:00,44.4049,12.199232,26950,210,,False
1780160396,2026-05-30T16:59:56+00:00,44.402916,12.200788,26925,210,,False
1780160398,2026-05-30T16:59:58+00:00,44.401123,12.202403,26950,210,,False
1780160401,2026-05-30T17:00:01+00:00,44.399113,12.204576,26950,210,,False
1780160403,2026-05-30T17:00:03+00:00,44.397556,12.206595,26950,210,,False
1780160405,2026-05-30T17:00:05+00:00,44.396198,12.208539,26950,210,,False
1780160407,2026-05-30T17:00:07+00:00,44.394753,12.210962,26925,210,,False
1780160409,2026-05-30T17:00:09+00:00,44.393669,12.21304,26950,210,,False
1780160412,2026-05-30T17:00:12+00:00,44.392239,12.216469,26950,210,,False
1780160414,2026-05-30T17:00:14+00:00,44.391575,12.218439,26950,208,,False
1780160416,2026-05-30T17:00:16+00:00,44.390701,12.221485,26950,208,,False
1780160418,2026-05-30T17:00:18+00:00,44.390141,12.223775,26950,206,,False
1780160420,2026-05-30T17:00:20+00:00,44.389633,12.226596,26950,206,,False
1780160422,2026-05-30T17:00:22+00:00,44.389374,12.229419,26950,204,,False
1780160425,2026-05-30T17:00:25+00:00,44.389118,12.232667,26950,204,,False
1780160427,2026-05-30T17:00:27+00:00,44.389118,12.235725,26950,204,,False
1780160429,2026-05-30T17:00:29+00:00,44.389214,12.23826,26950,200,,False
1780160431,2026-05-30T17:00:31+00:00,44.389412,12.240958,26950,200,,False
1780160433,2026-05-30T17:00:33+00:00,44.389996,12.243546,26950,198,,False
1780160436,2026-05-30T17:00:36+00:00,44.390678,12.246645,26950,196,,False
1780160438,2026-05-30T17:00:38+00:00,44.391418,12.249227,26950,196,,False
1780160441,2026-05-30T17:00:41+00:00,44.392361,12.25206,26950,192,,False
1780160443,2026-05-30T17:00:43+00:00,44.393478,12.254632,26950,192,,False
1780160445,2026-05-30T17:00:45+00:00,44.39455,12.256691,26950,190,,False
1780160447,2026-05-30T17:00:47+00:00,44.395821,12.258512,26950,190,,False
1780160450,2026-05-30T17:00:50+00:00,44.397346,12.260651,26950,186,,False
1780160452,2026-05-30T17:00:52+00:00,44.398937,12.262374,26950,184,,False
1780160454,2026-05-30T17:00:54+00:00,44.400566,12.263857,26950,184,,False
1780160456,2026-05-30T17:00:56+00:00,44.402073,12.264881,26950,182,,False
1780160458,2026-05-30T17:00:58+00:00,44.403793,12.266074,26950,180,,False
1780160461,2026-05-30T17:01:01+00:00,44.405422,12.266816,26950,178,,False
1780160463,2026-05-30T17:01:03+00:00,44.407211,12.26745,26950,178,,False
1780160465,2026-05-30T17:01:05+00:00,44.408962,12.267871,26950,176,,False
1780160467,2026-05-30T17:01:07+00:00,44.410736,12.26808,26975,174,,False
1780160469,2026-05-30T17:01:09+00:00,44.412613,12.268022,26975,174,,False
1780160471,2026-05-30T17:01:11+00:00,44.414036,12.267833,26975,172,,False
1780160474,2026-05-30T17:01:14+00:00,44.415733,12.267469,26950,172,,False
1780160476,2026-05-30T17:01:16+00:00,44.417473,12.266667,26950,172,,False
1780160478,2026-05-30T17:01:18+00:00,44.419228,12.265735,26950,170,,False
1780160480,2026-05-30T17:01:20+00:00,44.420647,12.264668,26950,170,,False
1780160482,2026-05-30T17:01:22+00:00,44.42207,12.263485,26975,170,,False
1780160484,2026-05-30T17:01:24+00:00,44.42379,12.262091,26975,170,,False
1780160487,2026-05-30T17:01:27+00:00,44.425457,12.260863,26950,172,,False
1780160489,2026-05-30T17:01:29+00:00,44.427025,12.259994,26950,172,,False
1780160492,2026-05-30T17:01:32+00:00,44.42905,12.25921,26925,172,,False
1780160494,2026-05-30T17:01:34+00:00,44.430511,12.258955,26925,174,,False
1780160496,2026-05-30T17:01:36+00:00,44.432446,12.258739,26950,176,,False
1780160499,2026-05-30T17:01:39+00:00,44.434174,12.258773,26950,176,,False
1780160501,2026-05-30T17:01:41+00:00,44.436176,12.258892,26950,178,,False
1780160503,2026-05-30T17:01:43+00:00,44.438145,12.25907,26950,178,,False
1780160505,2026-05-30T17:01:45+00:00,44.440208,12.259397,26950,178,,False
1780160507,2026-05-30T17:01:47+00:00,44.441753,12.259634,26925,180,,False
1780160509,2026-05-30T17:01:49+00:00,44.44347,12.259824,26900,180,,False
1780160512,2026-05-30T17:01:52+00:00,44.445442,12.260138,26875,182,,False
1780160514,2026-05-30T17:01:54+00:00,44.447498,12.260354,26850,182,,False
1780160516,2026-05-30T17:01:56+00:00,44.449253,12.260472,26800,188,,False
1780160518,2026-05-30T17:01:58+00:00,44.451393,12.260632,26750,188,,False
1780160521,2026-05-30T17:02:01+00:00,44.452919,12.260856,26700,192,,False
1780160523,2026-05-30T17:02:03+00:00,44.454845,12.261065,26650,192,,False
1780160525,2026-05-30T17:02:05+00:00,44.457001,12.261187,26575,192,,False
1780160527,2026-05-30T17:02:07+00:00,44.458878,12.26138,26525,202,,False
1780160529,2026-05-30T17:02:09+00:00,44.460793,12.261556,26450,202,,False
1780160531,2026-05-30T17:02:11+00:00,44.462822,12.261726,26400,206,,False
1780160534,2026-05-30T17:02:14+00:00,44.464897,12.261853,26350,206,,False
1780160536,2026-05-30T17:02:16+00:00,44.467289,12.262059,26275,210,,False
1780160538,2026-05-30T17:02:18+00:00,44.469372,12.262162,26225,212,,False
1780160540,2026-05-30T17:02:20+00:00,44.471397,12.26238,26175,214,,False
1780160542,2026-05-30T17:02:22+00:00,44.473656,12.262444,26100,214,,False
1780160544,2026-05-30T17:02:24+00:00,44.475704,12.262568,26050,218,,False
1780160547,2026-05-30T17:02:27+00:00,44.478088,12.262727,25975,218,,False
1780160578,2026-05-30T17:02:58+00:00,44.511021,12.263713,25150,232,,False
1780160610,2026-05-30T17:03:30+00:00,44.545269,12.264921,24325,236,,False
1780160618,2026-05-30T17:03:38+00:00,44.554832,12.263864,24125,236,,False
1780160621,2026-05-30T17:03:41+00:00,44.557022,12.26335,24075,236,,False
1780160623,2026-05-30T17:03:43+00:00,44.559372,12.262628,24025,236,,False
1780160625,2026-05-30T17:03:45+00:00,44.56171,12.261925,23975,234,,False
1780160627,2026-05-30T17:03:47+00:00,44.563847,12.261278,23925,234,,False
1780160629,2026-05-30T17:03:49+00:00,44.566807,12.260216,23875,234,,False
1780160632,2026-05-30T17:03:52+00:00,44.568832,12.259556,23825,236,,False
1780160634,2026-05-30T17:03:54+00:00,44.571178,12.258684,23750,236,,False
1780160636,2026-05-30T17:03:56+00:00,44.573353,12.257937,23700,238,,False
1780160638,2026-05-30T17:03:58+00:00,44.575619,12.257086,23650,238,,False
1780160641,2026-05-30T17:04:01+00:00,44.578529,12.255983,23600,240,,False
1780160643,2026-05-30T17:04:03+00:00,44.580776,12.255092,23525,240,,False
1780160645,2026-05-30T17:04:05+00:00,44.58316,12.25413,23500,240,,False
1780160647,2026-05-30T17:04:07+00:00,44.58543,12.253214,23425,242,,False
1780160649,2026-05-30T17:04:09+00:00,44.58778,12.252296,23375,242,,False
1780160652,2026-05-30T17:04:12+00:00,44.590275,12.251378,23325,242,,False
1780160654,2026-05-30T17:04:14+00:00,44.593094,12.250206,23250,242,,False
1780160656,2026-05-30T17:04:16+00:00,44.595432,12.249258,23175,248,,False
1780160675,2026-05-30T17:04:35+00:00,44.615963,12.241142,22700,252,,False
1780160708,2026-05-30T17:05:08+00:00,44.653423,12.226229,21875,258,,False
1780160740,2026-05-30T17:05:40+00:00,44.690704,12.211234,21050,255,,False
1780160772,2026-05-30T17:06:12+00:00,44.726704,12.196644,20250,257,,False
1780160803,2026-05-30T17:06:43+00:00,44.761093,12.182703,19450,255,,False
1780160835,2026-05-30T17:07:15+00:00,44.797211,12.168127,18650,250,,False
1780160866,2026-05-30T17:07:46+00:00,44.83268,12.153905,17875,252,,False
1780160882,2026-05-30T17:08:02+00:00,44.850361,12.146681,17475,248,,False
1780160888,2026-05-30T17:08:08+00:00,44.858017,12.143673,17300,253,,False
1780160890,2026-05-30T17:08:10+00:00,44.860321,12.142713,17250,252,,False
1780160900,2026-05-30T17:08:20+00:00,44.87146,12.138171,17000,252,,False
1780160931,2026-05-30T17:08:51+00:00,44.906116,12.123999,16250,254,,False
1780160962,2026-05-30T17:09:22+00:00,44.942646,12.109404,15450,257,,False
1780160994,2026-05-30T17:09:54+00:00,44.978455,12.094731,14650,260,,False
1780161025,2026-05-30T17:10:25+00:00,45.01466,12.080022,13900,264,,False
1780161057,2026-05-30T17:10:57+00:00,45.052765,12.064488,13100,266,,False
1780161090,2026-05-30T17:11:30+00:00,45.091,12.048958,12225,261,,False
1780161121,2026-05-30T17:12:01+00:00,45.127575,12.034093,11450,260,,False
1780161135,2026-05-30T17:12:15+00:00,45.143791,12.027469,11100,263,,False
1780161148,2026-05-30T17:12:28+00:00,45.159576,12.021041,10750,256,,False
1780161162,2026-05-30T17:12:42+00:00,45.174824,12.014696,10425,264,,False
1780161176,2026-05-30T17:12:56+00:00,45.190929,12.0082,10075,260,,False
1780161191,2026-05-30T17:13:11+00:00,45.208187,12.00126,9675,255,,False
1780161205,2026-05-30T17:13:25+00:00,45.224026,11.994937,9325,256,,False
1780161214,2026-05-30T17:13:34+00:00,45.234406,11.991383,9125,257,,False
1780161216,2026-05-30T17:13:36+00:00,45.237057,11.990981,9050,259,,False
1780161219,2026-05-30T17:13:39+00:00,45.239471,11.990762,9000,257,,False
1780161221,2026-05-30T17:13:41+00:00,45.242779,11.990544,8950,256,,False
1780161223,2026-05-30T17:13:43+00:00,45.246059,11.990384,8900,258,,False
1780161225,2026-05-30T17:13:45+00:00,45.247997,11.990309,8850,254,,False
1780161227,2026-05-30T17:13:47+00:00,45.250832,11.99011,8775,254,,False
1780161230,2026-05-30T17:13:50+00:00,45.253868,11.989888,8725,252,,False
1780161232,2026-05-30T17:13:52+00:00,45.256344,11.989584,8650,253,,False
1780161235,2026-05-30T17:13:55+00:00,45.259445,11.98912,8600,256,,False
1780161237,2026-05-30T17:13:57+00:00,45.262077,11.988694,8550,255,,False
1780161239,2026-05-30T17:13:59+00:00,45.264435,11.988317,8500,255,,False
1780161242,2026-05-30T17:14:02+00:00,45.267639,11.987873,8425,256,,False
1780161244,2026-05-30T17:14:04+00:00,45.269947,11.987505,8400,256,,False
1780161246,2026-05-30T17:14:06+00:00,45.272236,11.987187,8325,256,,False
1780161248,2026-05-30T17:14:08+00:00,45.274845,11.986835,8275,256,,False
1780161262,2026-05-30T17:14:22+00:00,45.291473,11.984648,7900,259,,False
1780161276,2026-05-30T17:14:36+00:00,45.308197,11.982678,7550,261,,False
1780161290,2026-05-30T17:14:50+00:00,45.324772,11.980848,7200,262,,False
1780161303,2026-05-30T17:15:03+00:00,45.340893,11.979203,6850,260,,False
1780161316,2026-05-30T17:15:16+00:00,45.356735,11.97751,6500,256,,False
1780161331,2026-05-30T17:15:31+00:00,45.374527,11.975643,6150,254,,False
1780161345,2026-05-30T17:15:45+00:00,45.390808,11.973759,5800,257,,False
1780161358,2026-05-30T17:15:58+00:00,45.406296,11.972015,5450,254,,False
1780161372,2026-05-30T17:16:12+00:00,45.422829,11.970245,5075,253,,False
1780161387,2026-05-30T17:16:27+00:00,45.440395,11.968246,4725,254,,False
1780161395,2026-05-30T17:16:35+00:00,45.44997,11.967141,4525,257,,False
1780161402,2026-05-30T17:16:42+00:00,45.457806,11.966397,4350,255,,False
1780161409,2026-05-30T17:16:49+00:00,45.465996,11.96543,4175,256,,False
1780161418,2026-05-30T17:16:58+00:00,45.476372,11.964369,3950,257,,False
1780161426,2026-05-30T17:17:06+00:00,45.486649,11.963252,3725,256,,False
1780161434,2026-05-30T17:17:14+00:00,45.495243,11.962078,3550,256,,False
1780161438,2026-05-30T17:17:18+00:00,45.501453,11.961507,3425,257,,False
1780161441,2026-05-30T17:17:21+00:00,45.503223,11.961326,3350,255,,False
1780161443,2026-05-30T17:17:23+00:00,45.506336,11.960904,3325,256,,False
1780161450,2026-05-30T17:17:30+00:00,45.514652,11.960028,3125,255,,False
1780161452,2026-05-30T17:17:32+00:00,45.517269,11.959807,3100,249,,False
1780161454,2026-05-30T17:17:34+00:00,45.519775,11.959428,3075,257,,False
1780161457,2026-05-30T17:17:37+00:00,45.522148,11.959184,3025,255,,False
1780161459,2026-05-30T17:17:39+00:00,45.525169,11.958816,3000,256,,False
1780161461,2026-05-30T17:17:41+00:00,45.528015,11.958507,3000,255,,False
1780161468,2026-05-30T17:17:48+00:00,45.535358,11.95761,2950,248,,False
1780161477,2026-05-30T17:17:57+00:00,45.545628,11.956446,2950,244,,False
1780161482,2026-05-30T17:18:02+00:00,45.550964,11.95591,2950,238,,False
1780161484,2026-05-30T17:18:04+00:00,45.553127,11.955728,2925,238,,False
1780161486,2026-05-30T17:18:06+00:00,45.556057,11.955382,2925,240,,False
1780161489,2026-05-30T17:18:09+00:00,45.559021,11.955005,2950,237,,False
1780161491,2026-05-30T17:18:11+00:00,45.561443,11.954736,2925,234,,False
1780161494,2026-05-30T17:18:14+00:00,45.563911,11.954541,2925,240,,False
1780161496,2026-05-30T17:18:16+00:00,45.566242,11.954482,2925,239,,False
1780161498,2026-05-30T17:18:18+00:00,45.568874,11.954602,2925,237,,False
1780161501,2026-05-30T17:18:21+00:00,45.571575,11.955176,2925,238,,False
1780161503,2026-05-30T17:18:23+00:00,45.574215,11.956113,2950,237,,False
1780161506,2026-05-30T17:18:26+00:00,45.576675,11.95729,2950,238,,False
1780161508,2026-05-30T17:18:28+00:00,45.578865,11.95833,2950,236,,False
1780161511,2026-05-30T17:18:31+00:00,45.582729,11.961159,2950,235,,False
1780161513,2026-05-30T17:18:33+00:00,45.584145,11.962634,2950,235,,False
1780161516,2026-05-30T17:18:36+00:00,45.586472,11.965159,2950,236,,False
1780161518,2026-05-30T17:18:38+00:00,45.587883,11.967099,2950,235,,False
1780161520,2026-05-30T17:18:40+00:00,45.590031,11.970284,2925,231,,False
1780161522,2026-05-30T17:18:42+00:00,45.590988,11.972013,2925,228,,False
1780161525,2026-05-30T17:18:45+00:00,45.592564,11.975096,2875,229,,False
1780161527,2026-05-30T17:18:47+00:00,45.593834,11.978271,2850,228,,False
1780161530,2026-05-30T17:18:50+00:00,45.594982,11.981831,2800,232,,False
1780161532,2026-05-30T17:18:52+00:00,45.595829,11.984942,2775,234,,False
1780161534,2026-05-30T17:18:54+00:00,45.596638,11.987951,2750,235,,False
1780161537,2026-05-30T17:18:57+00:00,45.597778,11.993086,2675,236,,False
1780161539,2026-05-30T17:18:59+00:00,45.598408,11.996026,2650,239,,False
1780161542,2026-05-30T17:19:02+00:00,45.599163,11.999839,2625,239,,False
1780161545,2026-05-30T17:19:05+00:00,45.60022,12.004767,2575,237,,False
1780161547,2026-05-30T17:19:07+00:00,45.600887,12.008324,2525,239,,False
1780161549,2026-05-30T17:19:09+00:00,45.601543,12.01191,2500,240,,False
1780161552,2026-05-30T17:19:12+00:00,45.602085,12.014903,2475,240,,False
1780161554,2026-05-30T17:19:14+00:00,45.602825,12.019279,2425,244,,False
1780161557,2026-05-30T17:19:17+00:00,45.603516,12.02314,2375,240,,False
1780161559,2026-05-30T17:19:19+00:00,45.604153,12.026533,2350,237,,False
1780161561,2026-05-30T17:19:21+00:00,45.605011,12.0306,2325,238,,False
1780161564,2026-05-30T17:19:24+00:00,45.605804,12.034224,2250,236,,False
1780161566,2026-05-30T17:19:26+00:00,45.606525,12.03747,2200,235,,False
1780161569,2026-05-30T17:19:29+00:00,45.607464,12.041535,2125,232,,False
1780161571,2026-05-30T17:19:31+00:00,45.608265,12.044581,2100,227,,False
1780161574,2026-05-30T17:19:34+00:00,45.609123,12.047879,2025,225,,False
1780161577,2026-05-30T17:19:37+00:00,45.610374,12.053136,1975,224,,False
1780161579,2026-05-30T17:19:39+00:00,45.610992,12.056059,1875,225,,False
1780161581,2026-05-30T17:19:41+00:00,45.61161,12.058681,1825,222,,False
1780161584,2026-05-30T17:19:44+00:00,45.612583,12.062114,1750,217,,False
1780161586,2026-05-30T17:19:46+00:00,45.613468,12.064894,1700,212,,False
1780161589,2026-05-30T17:19:49+00:00,45.614368,12.068401,1650,211,,False
1780161591,2026-05-30T17:19:51+00:00,45.615196,12.071388,1600,205,,False
1780161594,2026-05-30T17:19:54+00:00,45.61586,12.073877,1575,202,,False
1780161596,2026-05-30T17:19:56+00:00,45.616699,12.077367,1500,198,,False
1780161599,2026-05-30T17:19:59+00:00,45.617409,12.079983,1475,194,,False
1780161602,2026-05-30T17:20:02+00:00,45.618317,12.082906,1425,191,,False
1780161604,2026-05-30T17:20:04+00:00,45.619453,12.086768,1350,185,,False
1780161607,2026-05-30T17:20:07+00:00,45.6199,12.08841,1350,182,,False
1780161610,2026-05-30T17:20:10+00:00,45.6208,12.091625,1325,178,,False
1780161612,2026-05-30T17:20:12+00:00,45.621628,12.094246,1300,173,,False
1780161614,2026-05-30T17:20:14+00:00,45.622181,12.096749,1275,169,,False
1780161616,2026-05-30T17:20:16+00:00,45.62302,12.100154,1250,164,,False
1780161619,2026-05-30T17:20:19+00:00,45.623314,12.101213,1200,161,,False
1780161621,2026-05-30T17:20:21+00:00,45.623959,12.103346,1150,159,,False
1780161623,2026-05-30T17:20:23+00:00,45.624264,12.104641,1125,156,,False
1780161625,2026-05-30T17:20:25+00:00,45.625107,12.108128,1075,150,,False
1780161628,2026-05-30T17:20:28+00:00,45.625492,12.109841,1025,148,,False
1780161630,2026-05-30T17:20:30+00:00,45.626225,12.11156,1000,143,,False
1780161633,2026-05-30T17:20:33+00:00,45.627094,12.114876,975,140,,False
1780161635,2026-05-30T17:20:35+00:00,45.627628,12.116607,950,137,,False
1780161638,2026-05-30T17:20:38+00:00,45.6283,12.118804,925,133,,False
1780161641,2026-05-30T17:20:41+00:00,45.628807,12.12044,900,129,,False
1780161645,2026-05-30T17:20:45+00:00,45.62933,12.123228,875,130,,False
1780161650,2026-05-30T17:20:50+00:00,45.630371,12.127593,825,127,,False
1780161652,2026-05-30T17:20:52+00:00,45.631107,12.129367,800,119,,False
1780161654,2026-05-30T17:20:54+00:00,45.631508,12.130866,775,120,,False
1780161657,2026-05-30T17:20:57+00:00,45.632198,12.133292,750,118,,False
1780161660,2026-05-30T17:21:00+00:00,45.632431,12.134045,725,116,,False
1780161663,2026-05-30T17:21:03+00:00,45.63324,12.136603,700,117,,False
1780161665,2026-05-30T17:21:05+00:00,45.63382,12.138691,675,117,,False
1780161667,2026-05-30T17:21:07+00:00,45.634068,12.139489,650,113,,False
1780161670,2026-05-30T17:21:10+00:00,45.634548,12.141201,600,113,,False
1780161675,2026-05-30T17:21:15+00:00,45.635548,12.145025,550,114,,False
1780161677,2026-05-30T17:21:17+00:00,45.635998,12.147341,525,115,,False
1780161681,2026-05-30T17:21:21+00:00,45.636593,12.149446,475,115,,False
1780161683,2026-05-30T17:21:23+00:00,45.636963,12.151003,450,113,,False
1780161686,2026-05-30T17:21:26+00:00,45.637688,12.153788,425,114,,False
1780161688,2026-05-30T17:21:28+00:00,45.638058,12.155292,400,113,,False
1780161691,2026-05-30T17:21:31+00:00,45.638512,12.156638,400,113,,False
1780161693,2026-05-30T17:21:33+00:00,45.638966,12.158014,350,111,,False
