timestamp_unix,timestamp_utc,lat,lon,alt_ft,groundspeed_kt,type,isolated
1780222354,2026-05-31T10:12:34+00:00,45.654369,12.213666,725,255,,False
1780222359,2026-05-31T10:12:39+00:00,45.654739,12.218413,950,138,,False
1780222361,2026-05-31T10:12:41+00:00,45.654938,12.219978,1050,138,,False
1780222364,2026-05-31T10:12:44+00:00,45.655281,12.221372,1125,132,,False
1780222366,2026-05-31T10:12:46+00:00,45.655666,12.223528,1200,130,,False
1780222369,2026-05-31T10:12:49+00:00,45.656082,12.2253,1275,130,,False
1780222371,2026-05-31T10:12:51+00:00,45.656296,12.227408,1375,126,,False
1780222373,2026-05-31T10:12:53+00:00,45.656548,12.229946,1450,123,,False
1780222375,2026-05-31T10:12:55+00:00,45.656631,12.230995,1500,125,,False
1780222378,2026-05-31T10:12:58+00:00,45.657059,12.23347,1625,128,,False
1780222381,2026-05-31T10:13:01+00:00,45.657223,12.235335,1725,125,,False
1780222383,2026-05-31T10:13:03+00:00,45.65736,12.237207,1775,121,,False
1780222386,2026-05-31T10:13:06+00:00,45.657215,12.240133,1875,130,,False
1780222389,2026-05-31T10:13:09+00:00,45.657082,12.242149,2000,127,,False
1780222391,2026-05-31T10:13:11+00:00,45.656853,12.244033,2050,127,,False
1780222393,2026-05-31T10:13:13+00:00,45.656532,12.245943,2125,132,,False
1780222397,2026-05-31T10:13:17+00:00,45.655853,12.248969,2225,130,,False
1780222400,2026-05-31T10:13:20+00:00,45.654945,12.251632,2375,130,,False
1780222402,2026-05-31T10:13:22+00:00,45.654266,12.252735,2425,130,,False
1780222405,2026-05-31T10:13:25+00:00,45.653179,12.25485,2575,130,,False
1780222408,2026-05-31T10:13:28+00:00,45.651924,12.256639,2650,125,,False
1780222411,2026-05-31T10:13:31+00:00,45.650921,12.257874,2725,118,,False
1780222413,2026-05-31T10:13:33+00:00,45.649811,12.259003,2800,122,,False
1780222415,2026-05-31T10:13:35+00:00,45.648693,12.260081,2900,124,,False
1780222417,2026-05-31T10:13:37+00:00,45.647446,12.261013,2950,128,,False
1780222419,2026-05-31T10:13:39+00:00,45.646366,12.261766,3025,124,,False
1780222422,2026-05-31T10:13:42+00:00,45.645065,12.262341,3075,125,,False
1780222425,2026-05-31T10:13:45+00:00,45.643559,12.262801,3175,122,,False
1780222427,2026-05-31T10:13:47+00:00,45.642456,12.26317,3275,118,,False
1780222430,2026-05-31T10:13:50+00:00,45.639961,12.263131,3325,126,,False
1780222432,2026-05-31T10:13:52+00:00,45.63913,12.263066,3450,126,,False
1780222435,2026-05-31T10:13:55+00:00,45.637531,12.262733,3500,126,,False
1780222438,2026-05-31T10:13:58+00:00,45.63546,12.26195,3625,124,,False
1780222441,2026-05-31T10:14:01+00:00,45.634125,12.26123,3700,125,,False
1780222444,2026-05-31T10:14:04+00:00,45.63269,12.260317,3750,128,,False
1780222446,2026-05-31T10:14:06+00:00,45.631413,12.259363,3850,131,,False
1780222448,2026-05-31T10:14:08+00:00,45.630665,12.258318,3950,60,,False
1780222450,2026-05-31T10:14:10+00:00,45.629192,12.256737,4000,143,,False
1780222453,2026-05-31T10:14:13+00:00,45.628414,12.255713,4075,133,,False
1780222455,2026-05-31T10:14:15+00:00,45.627548,12.254269,4125,127,,False
1780222458,2026-05-31T10:14:18+00:00,45.626835,12.252758,4225,123,,False
1780222460,2026-05-31T10:14:20+00:00,45.625999,12.250871,4325,127,,False
1780222462,2026-05-31T10:14:22+00:00,45.625359,12.248896,4375,129,,False
1780222465,2026-05-31T10:14:25+00:00,45.624821,12.246914,4475,128,,False
1780222467,2026-05-31T10:14:27+00:00,45.624557,12.245001,4525,124,,False
1780222470,2026-05-31T10:14:30+00:00,45.624088,12.242815,4625,123,,False
1780222473,2026-05-31T10:14:33+00:00,45.624058,12.240835,4675,124,,False
1780222475,2026-05-31T10:14:35+00:00,45.624088,12.238521,4775,128,,False
1780222477,2026-05-31T10:14:37+00:00,45.624111,12.236384,4825,129,,False
1780222480,2026-05-31T10:14:40+00:00,45.62431,12.234833,4850,131,,False
1780222482,2026-05-31T10:14:42+00:00,45.624622,12.232674,4875,136,,False
1780222484,2026-05-31T10:14:44+00:00,45.625004,12.230685,4900,139,,False
1780222487,2026-05-31T10:14:47+00:00,45.625568,12.227756,4925,143,,False
1780222489,2026-05-31T10:14:49+00:00,45.626057,12.22552,4925,153,,False
1780222492,2026-05-31T10:14:52+00:00,45.626564,12.223053,4925,155,,False
1780222494,2026-05-31T10:14:54+00:00,45.627216,12.219915,4925,162,,False
1780222497,2026-05-31T10:14:57+00:00,45.627697,12.217649,4925,165,,False
1780222499,2026-05-31T10:14:59+00:00,45.62825,12.21517,4925,172,,False
1780222501,2026-05-31T10:15:01+00:00,45.628723,12.212623,4925,176,,False
1780222503,2026-05-31T10:15:03+00:00,45.629566,12.20903,4925,185,,False
1780222505,2026-05-31T10:15:05+00:00,45.629868,12.20766,4900,185,,False
1780222508,2026-05-31T10:15:08+00:00,45.63052,12.204412,4900,188,,False
1780222511,2026-05-31T10:15:11+00:00,45.631184,12.200931,4900,189,,False
1780222513,2026-05-31T10:15:13+00:00,45.631847,12.197894,4900,196,,False
1780222516,2026-05-31T10:15:16+00:00,45.632454,12.194885,4900,201,,False
1780222518,2026-05-31T10:15:18+00:00,45.633247,12.19142,4875,209,,False
1780222521,2026-05-31T10:15:21+00:00,45.634064,12.187565,4875,208,,False
1780222524,2026-05-31T10:15:24+00:00,45.634678,12.184894,4875,211,,False
1780222526,2026-05-31T10:15:26+00:00,45.635441,12.18129,4900,208,,False
1780222528,2026-05-31T10:15:28+00:00,45.636097,12.177804,4950,204,,False
1780222531,2026-05-31T10:15:31+00:00,45.636612,12.175316,5000,209,,False
1780222538,2026-05-31T10:15:38+00:00,45.637932,12.164601,5250,211,,False
1780222540,2026-05-31T10:15:40+00:00,45.637829,12.161335,5350,206,,False
1780222543,2026-05-31T10:15:43+00:00,45.637489,12.158973,5400,201,,False
1780222545,2026-05-31T10:15:45+00:00,45.63707,12.154988,5525,203,,False
1780222547,2026-05-31T10:15:47+00:00,45.636559,12.152408,5625,200,,False
1780222550,2026-05-31T10:15:50+00:00,45.63612,12.150208,5725,195,,False
1780222552,2026-05-31T10:15:52+00:00,45.635269,12.146684,5850,189,,False
1780222554,2026-05-31T10:15:54+00:00,45.634842,12.144752,5900,187,,False
1780222556,2026-05-31T10:15:56+00:00,45.634163,12.141916,6025,182,,False
1780222559,2026-05-31T10:15:59+00:00,45.63343,12.139412,6125,183,,False
1780222562,2026-05-31T10:16:02+00:00,45.632648,12.136943,6225,178,,False
1780222564,2026-05-31T10:16:04+00:00,45.631676,12.133796,6325,180,,False
1780222567,2026-05-31T10:16:07+00:00,45.630623,12.130865,6425,175,,False
1780222569,2026-05-31T10:16:09+00:00,45.629913,12.128204,6500,174,,False
1780222572,2026-05-31T10:16:12+00:00,45.628876,12.125385,6625,170,,False
1780222574,2026-05-31T10:16:14+00:00,45.628387,12.12411,6725,169,,False
1780222576,2026-05-31T10:16:16+00:00,45.627598,12.121605,6850,167,,False
1780222578,2026-05-31T10:16:18+00:00,45.626945,12.119167,6925,165,,False
1780222580,2026-05-31T10:16:20+00:00,45.626163,12.116483,7050,166,,False
1780222583,2026-05-31T10:16:23+00:00,45.625572,12.114789,7150,160,,False
1780222586,2026-05-31T10:16:26+00:00,45.624733,12.112638,7300,155,,False
1780222588,2026-05-31T10:16:28+00:00,45.624054,12.110755,7375,152,,False
1780222590,2026-05-31T10:16:30+00:00,45.623505,12.108827,7525,150,,False
1780222592,2026-05-31T10:16:32+00:00,45.622578,12.105809,7625,146,,False
1780222594,2026-05-31T10:16:34+00:00,45.622147,12.104845,7725,144,,False
1780222596,2026-05-31T10:16:36+00:00,45.621502,12.103137,7800,140,,False
1780222599,2026-05-31T10:16:39+00:00,45.620869,12.101169,7900,140,,False
1780222601,2026-05-31T10:16:41+00:00,45.620228,12.099251,8000,138,,False
1780222603,2026-05-31T10:16:43+00:00,45.619709,12.096956,8075,140,,False
1780222605,2026-05-31T10:16:45+00:00,45.61927,12.095562,8150,138,,False
1780222608,2026-05-31T10:16:48+00:00,45.618687,12.093926,8225,137,,False
1780222610,2026-05-31T10:16:50+00:00,45.61808,12.092176,8275,137,,False
1780222612,2026-05-31T10:16:52+00:00,45.617538,12.090542,8350,136,,False
1780222614,2026-05-31T10:16:54+00:00,45.616898,12.088634,8425,136,,False
1780222617,2026-05-31T10:16:57+00:00,45.616348,12.086501,8525,138,,False
1780222619,2026-05-31T10:16:59+00:00,45.615601,12.084361,8600,136,,False
1780222622,2026-05-31T10:17:02+00:00,45.615013,12.082617,8675,136,,False
1780222624,2026-05-31T10:17:04+00:00,45.61433,12.080527,8750,135,,False
1780222626,2026-05-31T10:17:06+00:00,45.613533,12.078122,8825,135,,False
1780222628,2026-05-31T10:17:08+00:00,45.613075,12.07671,8900,133,,False
1780222631,2026-05-31T10:17:11+00:00,45.612427,12.074918,8975,134,,False
1780222633,2026-05-31T10:17:13+00:00,45.611908,12.073222,9050,134,,False
1780222635,2026-05-31T10:17:15+00:00,45.611202,12.071332,9125,134,,False
1780222638,2026-05-31T10:17:18+00:00,45.610565,12.069276,9175,135,,False
1780222640,2026-05-31T10:17:20+00:00,45.610027,12.067335,9275,137,,False
1780222643,2026-05-31T10:17:23+00:00,45.609287,12.064949,9350,137,,False
1780222645,2026-05-31T10:17:25+00:00,45.608665,12.063321,9425,135,,False
1780222647,2026-05-31T10:17:27+00:00,45.608047,12.061717,9475,135,,False
1780222649,2026-05-31T10:17:29+00:00,45.607403,12.059606,9525,139,,False
1780222652,2026-05-31T10:17:32+00:00,45.606804,12.058002,9600,138,,False
1780222654,2026-05-31T10:17:34+00:00,45.606121,12.055837,9675,137,,False
1780222657,2026-05-31T10:17:37+00:00,45.605469,12.053767,9775,138,,False
1780222659,2026-05-31T10:17:39+00:00,45.604774,12.051811,9825,137,,False
1780222662,2026-05-31T10:17:42+00:00,45.604141,12.049796,9900,138,,False
1780222664,2026-05-31T10:17:44+00:00,45.603432,12.047407,10000,140,,False
1780222667,2026-05-31T10:17:47+00:00,45.602669,12.045225,10075,139,,False
1780222669,2026-05-31T10:17:49+00:00,45.601921,12.043177,10150,139,,False
1780222671,2026-05-31T10:17:51+00:00,45.601425,12.041673,10225,138,,False
1780222673,2026-05-31T10:17:53+00:00,45.600826,12.040036,10275,138,,False
1780222676,2026-05-31T10:17:56+00:00,45.600224,12.038067,10375,141,,False
1780222678,2026-05-31T10:17:58+00:00,45.599644,12.03571,10425,136,,False
1780222681,2026-05-31T10:18:01+00:00,45.599297,12.03395,10500,136,,False
1780222683,2026-05-31T10:18:03+00:00,45.598988,12.031322,10550,137,,False
1780222685,2026-05-31T10:18:05+00:00,45.598953,12.029642,10625,131,,False
1780222687,2026-05-31T10:18:07+00:00,45.599358,12.027414,10675,137,,False
1780222690,2026-05-31T10:18:10+00:00,45.599621,12.025649,10750,132,,False
1780222692,2026-05-31T10:18:12+00:00,45.600384,12.022845,10825,136,,False
1780222694,2026-05-31T10:18:14+00:00,45.60088,12.021665,10900,135,,False
1780222697,2026-05-31T10:18:17+00:00,45.601715,12.019941,10975,132,,False
1780222699,2026-05-31T10:18:19+00:00,45.602798,12.018212,11050,134,,False
1780222701,2026-05-31T10:18:21+00:00,45.603741,12.017035,11100,136,,False
1780222703,2026-05-31T10:18:23+00:00,45.604797,12.015989,11175,134,,False
1780222705,2026-05-31T10:18:25+00:00,45.606033,12.015036,11225,133,,False
1780222708,2026-05-31T10:18:28+00:00,45.607162,12.014296,11300,136,,False
1780222710,2026-05-31T10:18:30+00:00,45.608543,12.013697,11375,136,,False
1780222712,2026-05-31T10:18:32+00:00,45.609856,12.013296,11400,136,,False
1780222714,2026-05-31T10:18:34+00:00,45.611179,12.013112,11475,141,,False
1780222716,2026-05-31T10:18:36+00:00,45.612671,12.013253,11550,141,,False
1780222718,2026-05-31T10:18:38+00:00,45.614265,12.013416,11600,140,,False
1780222720,2026-05-31T10:18:40+00:00,45.615475,12.013885,11675,143,,False
1780222723,2026-05-31T10:18:43+00:00,45.617138,12.014771,11750,145,,False
1780222725,2026-05-31T10:18:45+00:00,45.618351,12.015699,11825,144,,False
1780222728,2026-05-31T10:18:48+00:00,45.619617,12.017113,11900,143,,False
1780222730,2026-05-31T10:18:50+00:00,45.620853,12.018449,11950,142,,False
1780222733,2026-05-31T10:18:53+00:00,45.621891,12.019894,12025,141,,False
1780222735,2026-05-31T10:18:55+00:00,45.622921,12.021314,12100,140,,False
1780222737,2026-05-31T10:18:57+00:00,45.624054,12.022991,12175,138,,False
1780222740,2026-05-31T10:19:00+00:00,45.625034,12.024554,12250,138,,False
1780222742,2026-05-31T10:19:02+00:00,45.626194,12.026422,12325,141,,False
1780222745,2026-05-31T10:19:05+00:00,45.627243,12.028185,12400,143,,False
1780222747,2026-05-31T10:19:07+00:00,45.628204,12.029867,12475,139,,False
1780222749,2026-05-31T10:19:09+00:00,45.629074,12.031507,12550,141,,False
1780222751,2026-05-31T10:19:11+00:00,45.630001,12.032963,12600,139,,False
1780222753,2026-05-31T10:19:13+00:00,45.630939,12.034607,12675,140,,False
1780222756,2026-05-31T10:19:16+00:00,45.632145,12.036487,12725,140,,False
1780222758,2026-05-31T10:19:18+00:00,45.632946,12.037793,12800,137,,False
1780222761,2026-05-31T10:19:21+00:00,45.633915,12.039343,12875,137,,False
1780222763,2026-05-31T10:19:23+00:00,45.634869,12.041521,12925,142,,False
1780222765,2026-05-31T10:19:25+00:00,45.63575,12.043033,13000,142,,False
1780222767,2026-05-31T10:19:27+00:00,45.636745,12.044819,13050,147,,False
1780222770,2026-05-31T10:19:30+00:00,45.63763,12.046267,13100,142,,False
1780222772,2026-05-31T10:19:32+00:00,45.638592,12.047871,13175,145,,False
1780222774,2026-05-31T10:19:34+00:00,45.639477,12.049449,13250,145,,False
1780222777,2026-05-31T10:19:37+00:00,45.640503,12.051357,13325,140,,False
1780222779,2026-05-31T10:19:39+00:00,45.641682,12.053394,13400,146,,False
1780222782,2026-05-31T10:19:42+00:00,45.642689,12.054898,13450,140,,False
1780222784,2026-05-31T10:19:44+00:00,45.64365,12.056753,13550,146,,False
1780222787,2026-05-31T10:19:47+00:00,45.644714,12.058629,13600,140,,False
1780222789,2026-05-31T10:19:49+00:00,45.645836,12.060531,13700,143,,False
1780222792,2026-05-31T10:19:52+00:00,45.646832,12.062555,13775,139,,False
1780222794,2026-05-31T10:19:54+00:00,45.647732,12.064257,13825,142,,False
1780222797,2026-05-31T10:19:57+00:00,45.648964,12.066069,13900,139,,False
1780222799,2026-05-31T10:19:59+00:00,45.649876,12.068131,13975,147,,False
1780222802,2026-05-31T10:20:02+00:00,45.650928,12.070369,14075,144,,False
1780222804,2026-05-31T10:20:04+00:00,45.651859,12.071799,14125,142,,False
1780222807,2026-05-31T10:20:07+00:00,45.652882,12.073265,14200,142,,False
1780222809,2026-05-31T10:20:09+00:00,45.653923,12.075595,14250,144,,False
1780222811,2026-05-31T10:20:11+00:00,45.654945,12.076902,14325,143,,False
1780222814,2026-05-31T10:20:14+00:00,45.655777,12.078723,14400,144,,False
1780222816,2026-05-31T10:20:16+00:00,45.65659,12.08054,14425,146,,False
1780222818,2026-05-31T10:20:18+00:00,45.657482,12.082331,14500,144,,False
1780222820,2026-05-31T10:20:20+00:00,45.658375,12.083571,14550,143,,False
1780222822,2026-05-31T10:20:22+00:00,45.659161,12.085367,14600,147,,False
1780222824,2026-05-31T10:20:24+00:00,45.660049,12.087193,14675,153,,False
1780222827,2026-05-31T10:20:27+00:00,45.660851,12.088774,14725,147,,False
1780222829,2026-05-31T10:20:29+00:00,45.661869,12.090495,14775,145,,False
1780222831,2026-05-31T10:20:31+00:00,45.662758,12.092008,14825,146,,False
1780222833,2026-05-31T10:20:33+00:00,45.663582,12.093922,14900,151,,False
1780222835,2026-05-31T10:20:35+00:00,45.664566,12.095571,14950,144,,False
1780222837,2026-05-31T10:20:37+00:00,45.665558,12.097587,15025,155,,False
1780222840,2026-05-31T10:20:40+00:00,45.666565,12.099211,15075,146,,False
1780222842,2026-05-31T10:20:42+00:00,45.667389,12.10074,15125,147,,False
1780222844,2026-05-31T10:20:44+00:00,45.668179,12.102468,15175,151,,False
1780222846,2026-05-31T10:20:46+00:00,45.669174,12.104209,15250,145,,False
1780222849,2026-05-31T10:20:49+00:00,45.670029,12.1061,15300,151,,False
1780222851,2026-05-31T10:20:51+00:00,45.671223,12.10863,15350,151,,False
1780222853,2026-05-31T10:20:53+00:00,45.671768,12.109629,15425,152,,False
1780222855,2026-05-31T10:20:55+00:00,45.672817,12.111546,15475,152,,False
1780222858,2026-05-31T10:20:58+00:00,45.67387,12.113645,15550,153,,False
1780222860,2026-05-31T10:21:00+00:00,45.67477,12.115421,15625,148,,False
1780222862,2026-05-31T10:21:02+00:00,45.675713,12.117509,15675,149,,False
1780222864,2026-05-31T10:21:04+00:00,45.676502,12.11898,15750,153,,False
1780222867,2026-05-31T10:21:07+00:00,45.677467,12.120924,15825,152,,False
1780222869,2026-05-31T10:21:09+00:00,45.67831,12.122613,15875,150,,False
1780222871,2026-05-31T10:21:11+00:00,45.679173,12.124969,15950,151,,False
1780222873,2026-05-31T10:21:13+00:00,45.680058,12.126501,16025,145,,False
1780222875,2026-05-31T10:21:15+00:00,45.681053,12.128431,16075,149,,False
1780222878,2026-05-31T10:21:18+00:00,45.68177,12.130141,16125,156,,False
1780222880,2026-05-31T10:21:20+00:00,45.682793,12.131569,16200,147,,False
1780222883,2026-05-31T10:21:23+00:00,45.684196,12.133509,16275,150,,False
1780222885,2026-05-31T10:21:25+00:00,45.684959,12.134978,16325,148,,False
1780222888,2026-05-31T10:21:28+00:00,45.68605,12.137278,16425,148,,False
1780222890,2026-05-31T10:21:30+00:00,45.687096,12.139338,16500,148,,False
1780222892,2026-05-31T10:21:32+00:00,45.687782,12.141194,16550,148,,False
1780222894,2026-05-31T10:21:34+00:00,45.688789,12.143195,16625,146,,False
1780222896,2026-05-31T10:21:36+00:00,45.689495,12.144802,16700,146,,False
1780222899,2026-05-31T10:21:39+00:00,45.690441,12.146339,16750,146,,False
1780222901,2026-05-31T10:21:41+00:00,45.691269,12.148072,16825,144,,False
1780222903,2026-05-31T10:21:43+00:00,45.692112,12.149376,16875,144,,False
1780222905,2026-05-31T10:21:45+00:00,45.692883,12.150991,16925,146,,False
1780222907,2026-05-31T10:21:47+00:00,45.693901,12.152771,17000,146,,False
1780222909,2026-05-31T10:21:49+00:00,45.694729,12.154682,17050,146,,False
1780222912,2026-05-31T10:21:52+00:00,45.695663,12.156292,17100,146,,False
1780222914,2026-05-31T10:21:54+00:00,45.696484,12.157755,17150,148,,False
1780222916,2026-05-31T10:21:56+00:00,45.697441,12.15958,17175,148,,False
1780222918,2026-05-31T10:21:58+00:00,45.698334,12.161513,17250,148,,False
1780222920,2026-05-31T10:22:00+00:00,45.699051,12.163437,17275,148,,False
1780222922,2026-05-31T10:22:02+00:00,45.699883,12.165075,17325,150,,False
1780222925,2026-05-31T10:22:05+00:00,45.700825,12.166723,17350,150,,False
1780222927,2026-05-31T10:22:07+00:00,45.701687,12.168375,17400,152,,False
1780222929,2026-05-31T10:22:09+00:00,45.702625,12.170227,17450,152,,False
1780222931,2026-05-31T10:22:11+00:00,45.703503,12.1719,17475,152,,False
1780222933,2026-05-31T10:22:13+00:00,45.70438,12.173781,17525,154,,False
1780222936,2026-05-31T10:22:16+00:00,45.705223,12.175535,17575,154,,False
1780222938,2026-05-31T10:22:18+00:00,45.706146,12.177426,17625,154,,False
1780222940,2026-05-31T10:22:20+00:00,45.707127,12.179371,17650,154,,False
1780222942,2026-05-31T10:22:22+00:00,45.707821,12.180906,17700,156,,False
1780222944,2026-05-31T10:22:24+00:00,45.70882,12.182987,17750,156,,False
1780222947,2026-05-31T10:22:27+00:00,45.709724,12.18474,17825,156,,False
1780222949,2026-05-31T10:22:29+00:00,45.71069,12.18667,17850,158,,False
1780222951,2026-05-31T10:22:31+00:00,45.711601,12.188611,17900,158,,False
1780222957,2026-05-31T10:22:37+00:00,45.714249,12.193928,18050,158,,False
1780222959,2026-05-31T10:22:39+00:00,45.715317,12.19602,18100,158,,False
1780222962,2026-05-31T10:22:42+00:00,45.716095,12.197673,18150,158,,False
1780222964,2026-05-31T10:22:44+00:00,45.717144,12.199602,18200,158,,False
1780222966,2026-05-31T10:22:46+00:00,45.718128,12.201794,18250,158,,False
1780222968,2026-05-31T10:22:48+00:00,45.718998,12.203377,18300,160,,False
1780222971,2026-05-31T10:22:51+00:00,45.720028,12.205345,18325,160,,False
1780222973,2026-05-31T10:22:53+00:00,45.72097,12.207076,18375,160,,False
1780222975,2026-05-31T10:22:55+00:00,45.722038,12.208955,18425,160,,False
1780222977,2026-05-31T10:22:57+00:00,45.723019,12.210824,18450,162,,False
1780222979,2026-05-31T10:22:59+00:00,45.724068,12.212735,18500,162,,False
1780222981,2026-05-31T10:23:01+00:00,45.724991,12.214486,18550,164,,False
1780222983,2026-05-31T10:23:03+00:00,45.726002,12.216122,18575,164,,False
1780222986,2026-05-31T10:23:06+00:00,45.727146,12.21813,18625,164,,False
1780222988,2026-05-31T10:23:08+00:00,45.728035,12.219668,18650,164,,False
1780222990,2026-05-31T10:23:10+00:00,45.729115,12.221445,18700,166,,False
1780222992,2026-05-31T10:23:12+00:00,45.730202,12.223335,18750,166,,False
1780222994,2026-05-31T10:23:14+00:00,45.731136,12.225082,18775,166,,False
1780222996,2026-05-31T10:23:16+00:00,45.732254,12.226978,18825,168,,False
1780222999,2026-05-31T10:23:19+00:00,45.733437,12.228925,18875,168,,False
1780223001,2026-05-31T10:23:21+00:00,45.734554,12.230506,18900,168,,False
1780223003,2026-05-31T10:23:23+00:00,45.735775,12.232614,18950,168,,False
1780223005,2026-05-31T10:23:25+00:00,45.736645,12.234169,18975,170,,False
1780223007,2026-05-31T10:23:27+00:00,45.737759,12.236014,19025,170,,False
1780223009,2026-05-31T10:23:29+00:00,45.739105,12.238335,19050,170,,False
1780223011,2026-05-31T10:23:31+00:00,45.740097,12.239918,19100,172,,False
1780223014,2026-05-31T10:23:34+00:00,45.741119,12.241467,19150,172,,False
1780223016,2026-05-31T10:23:36+00:00,45.742252,12.243444,19175,172,,False
1780223018,2026-05-31T10:23:38+00:00,45.74337,12.245183,19225,172,,False
1780223020,2026-05-31T10:23:40+00:00,45.744659,12.247417,19300,172,,False
1780223023,2026-05-31T10:23:43+00:00,45.745903,12.249419,19325,172,,False
1780223025,2026-05-31T10:23:45+00:00,45.747017,12.251266,19375,172,,False
1780223027,2026-05-31T10:23:47+00:00,45.748474,12.253463,19450,172,,False
1780223029,2026-05-31T10:23:49+00:00,45.749626,12.255307,19500,172,,False
1780223032,2026-05-31T10:23:52+00:00,45.750557,12.256952,19525,174,,False
1780223034,2026-05-31T10:23:54+00:00,45.751644,12.258721,19575,174,,False
1780223036,2026-05-31T10:23:56+00:00,45.752823,12.260594,19625,174,,False
1780223038,2026-05-31T10:23:58+00:00,45.753796,12.262332,19650,174,,False
1780223040,2026-05-31T10:24:00+00:00,45.75494,12.26448,19700,174,,False
1780223042,2026-05-31T10:24:02+00:00,45.756218,12.266489,19750,174,,False
1780223045,2026-05-31T10:24:05+00:00,45.757458,12.268391,19800,174,,False
1780223047,2026-05-31T10:24:07+00:00,45.758457,12.270347,19850,174,,False
1780223049,2026-05-31T10:24:09+00:00,45.75959,12.272049,19900,174,,False
1780223051,2026-05-31T10:24:11+00:00,45.760712,12.27422,19925,174,,False
1780223053,2026-05-31T10:24:13+00:00,45.761742,12.275679,19975,174,,False
1780223055,2026-05-31T10:24:15+00:00,45.763073,12.277337,20025,174,,False
1780223057,2026-05-31T10:24:17+00:00,45.764431,12.279508,20075,174,,False
1780223059,2026-05-31T10:24:19+00:00,45.765434,12.281187,20125,174,,False
1780223062,2026-05-31T10:24:22+00:00,45.766541,12.283118,20175,174,,False
1780223064,2026-05-31T10:24:24+00:00,45.767555,12.285052,20200,176,,False
1780223066,2026-05-31T10:24:26+00:00,45.768871,12.286991,20250,176,,False
1780223068,2026-05-31T10:24:28+00:00,45.770027,12.288844,20300,176,,False
1780223071,2026-05-31T10:24:31+00:00,45.771355,12.290879,20350,176,,False
1780223073,2026-05-31T10:24:33+00:00,45.772377,12.292701,20400,176,,False
1780223075,2026-05-31T10:24:35+00:00,45.773533,12.294422,20450,176,,False
1780223077,2026-05-31T10:24:37+00:00,45.774681,12.296664,20475,176,,False
1780223079,2026-05-31T10:24:39+00:00,45.775726,12.298377,20525,174,,False
1780223081,2026-05-31T10:24:41+00:00,45.776878,12.300109,20575,174,,False
1780223083,2026-05-31T10:24:43+00:00,45.777996,12.302011,20625,174,,False
1780223086,2026-05-31T10:24:46+00:00,45.779305,12.303927,20650,174,,False
1780223088,2026-05-31T10:24:48+00:00,45.780384,12.305705,20725,174,,False
1780223090,2026-05-31T10:24:50+00:00,45.781582,12.307562,20750,174,,False
1780223092,2026-05-31T10:24:52+00:00,45.782902,12.309709,20800,174,,False
1780223095,2026-05-31T10:24:55+00:00,45.784111,12.311818,20850,174,,False
1780223097,2026-05-31T10:24:57+00:00,45.785194,12.313614,20900,174,,False
1780223099,2026-05-31T10:24:59+00:00,45.786285,12.315655,20925,174,,False
1780223101,2026-05-31T10:25:01+00:00,45.787594,12.317589,20975,176,,False
1780223104,2026-05-31T10:25:04+00:00,45.788921,12.319475,21025,176,,False
1780223106,2026-05-31T10:25:06+00:00,45.790047,12.321218,21050,176,,False
1780223108,2026-05-31T10:25:08+00:00,45.791473,12.323469,21100,176,,False
1780223111,2026-05-31T10:25:11+00:00,45.792709,12.325768,21150,178,,False
1780223113,2026-05-31T10:25:13+00:00,45.793789,12.327687,21175,178,,False
1780223115,2026-05-31T10:25:15+00:00,45.794918,12.329253,21225,178,,False
1780223117,2026-05-31T10:25:17+00:00,45.79628,12.331363,21275,178,,False
1780223119,2026-05-31T10:25:19+00:00,45.797356,12.333217,21300,178,,False
1780223121,2026-05-31T10:25:21+00:00,45.798695,12.335235,21350,178,,False
1780223124,2026-05-31T10:25:24+00:00,45.799744,12.336846,21400,178,,False
1780223126,2026-05-31T10:25:26+00:00,45.801071,12.339151,21450,178,,False
1780223128,2026-05-31T10:25:28+00:00,45.802067,12.340737,21475,178,,False
1780223130,2026-05-31T10:25:30+00:00,45.803513,12.342903,21525,178,,False
1780223132,2026-05-31T10:25:32+00:00,45.804626,12.344694,21575,180,,False
1780223135,2026-05-31T10:25:35+00:00,45.805748,12.346648,21600,180,,False
1780223137,2026-05-31T10:25:37+00:00,45.80703,12.348641,21650,180,,False
1780223139,2026-05-31T10:25:39+00:00,45.80822,12.350687,21675,180,,False
1780223141,2026-05-31T10:25:41+00:00,45.809769,12.35287,21725,180,,False
1780223143,2026-05-31T10:25:43+00:00,45.810741,12.354326,21750,180,,False
1780223146,2026-05-31T10:25:46+00:00,45.812176,12.356285,21800,180,,False
1780223148,2026-05-31T10:25:48+00:00,45.813511,12.357787,21825,178,,False
1780223151,2026-05-31T10:25:51+00:00,45.815376,12.3597,21875,178,,False
1780223153,2026-05-31T10:25:53+00:00,45.816811,12.361215,21900,178,,False
1780223155,2026-05-31T10:25:55+00:00,45.818279,12.362421,21950,178,,False
1780223157,2026-05-31T10:25:57+00:00,45.820011,12.363916,22000,178,,False
1780223160,2026-05-31T10:26:00+00:00,45.821873,12.365042,22025,176,,False
1780223162,2026-05-31T10:26:02+00:00,45.82365,12.366048,22075,176,,False
1780223164,2026-05-31T10:26:04+00:00,45.82531,12.366932,22125,176,,False
1780223166,2026-05-31T10:26:06+00:00,45.827034,12.36766,22175,174,,False
1780223168,2026-05-31T10:26:08+00:00,45.828686,12.368279,22225,174,,False
1780223171,2026-05-31T10:26:11+00:00,45.830269,12.368629,22275,174,,False
1780223173,2026-05-31T10:26:13+00:00,45.832088,12.369169,22300,172,,False
1780223175,2026-05-31T10:26:15+00:00,45.833607,12.369421,22350,172,,False
1780223177,2026-05-31T10:26:17+00:00,45.835175,12.36952,22400,170,,False
1780223179,2026-05-31T10:26:19+00:00,45.837044,12.369652,22425,170,,False
1780223181,2026-05-31T10:26:21+00:00,45.838722,12.369602,22475,170,,False
1780223184,2026-05-31T10:26:24+00:00,45.840397,12.369269,22525,168,,False
1780223186,2026-05-31T10:26:26+00:00,45.842068,12.36902,22550,168,,False
1780223188,2026-05-31T10:26:28+00:00,45.843716,12.368603,22600,166,,False
1780223190,2026-05-31T10:26:30+00:00,45.845421,12.368093,22650,166,,False
1780223192,2026-05-31T10:26:32+00:00,45.847149,12.367311,22675,166,,False
1780223195,2026-05-31T10:26:35+00:00,45.848866,12.366479,22725,166,,False
1780223197,2026-05-31T10:26:37+00:00,45.85022,12.365663,22775,164,,False
1780223199,2026-05-31T10:26:39+00:00,45.851566,12.364906,22800,164,,False
1780223201,2026-05-31T10:26:41+00:00,45.853226,12.363574,22850,164,,False
1780223203,2026-05-31T10:26:43+00:00,45.854553,12.362414,22900,164,,False
1780223205,2026-05-31T10:26:45+00:00,45.855843,12.36128,22925,162,,False
1780223208,2026-05-31T10:26:48+00:00,45.857262,12.359944,22950,164,,False
1780223210,2026-05-31T10:26:50+00:00,45.858635,12.35815,23000,164,,False
1780223212,2026-05-31T10:26:52+00:00,45.859692,12.356787,23025,164,,False
1780223214,2026-05-31T10:26:54+00:00,45.860851,12.355192,23050,164,,False
1780223217,2026-05-31T10:26:57+00:00,45.86211,12.35323,23100,164,,False
1780223219,2026-05-31T10:26:59+00:00,45.863575,12.3506,23125,162,,False
1780223221,2026-05-31T10:27:01+00:00,45.864235,12.349105,23175,162,,False
1780223224,2026-05-31T10:27:04+00:00,45.865116,12.347191,23200,162,,False
1780223226,2026-05-31T10:27:06+00:00,45.866329,12.344239,23250,162,,False
1780223228,2026-05-31T10:27:08+00:00,45.86689,12.342352,23300,162,,False
1780223230,2026-05-31T10:27:10+00:00,45.867622,12.339986,23325,162,,False
1780223233,2026-05-31T10:27:13+00:00,45.868141,12.337948,23350,162,,False
1780223235,2026-05-31T10:27:15+00:00,45.868687,12.335449,23400,164,,False
1780223238,2026-05-31T10:27:18+00:00,45.869274,12.332296,23450,164,,False
1780223240,2026-05-31T10:27:20+00:00,45.869419,12.330349,23475,164,,False
1780223242,2026-05-31T10:27:22+00:00,45.869713,12.327976,23525,164,,False
1780223245,2026-05-31T10:27:25+00:00,45.869766,12.325252,23575,164,,False
1780223247,2026-05-31T10:27:27+00:00,45.869854,12.323118,23625,164,,False
1780223249,2026-05-31T10:27:29+00:00,45.869812,12.320164,23675,164,,False
1780223251,2026-05-31T10:27:31+00:00,45.869709,12.317957,23725,163,,False
1780223254,2026-05-31T10:27:34+00:00,45.869411,12.315608,23775,164,,False
1780223256,2026-05-31T10:27:36+00:00,45.869053,12.31254,23825,165,,False
1780223259,2026-05-31T10:27:39+00:00,45.868622,12.3102,23850,168,,False
1780223261,2026-05-31T10:27:41+00:00,45.868088,12.307708,23875,164,,False
1780223263,2026-05-31T10:27:43+00:00,45.86747,12.305345,23925,165,,False
1780223265,2026-05-31T10:27:45+00:00,45.866776,12.302714,23950,175,,False
1780223267,2026-05-31T10:27:47+00:00,45.866192,12.300901,24000,171,,False
1780223269,2026-05-31T10:27:49+00:00,45.865345,12.298883,24050,171,,False
1780223272,2026-05-31T10:27:52+00:00,45.86451,12.296969,24075,168,,False
1780223274,2026-05-31T10:27:54+00:00,45.863506,12.295053,24125,171,,False
1780223276,2026-05-31T10:27:56+00:00,45.862602,12.293222,24175,173,,False
1780223278,2026-05-31T10:27:58+00:00,45.861469,12.291101,24225,175,,False
1780223280,2026-05-31T10:28:00+00:00,45.860306,12.28933,24250,169,,False
1780223283,2026-05-31T10:28:03+00:00,45.858982,12.28721,24275,174,,False
1780223285,2026-05-31T10:28:05+00:00,45.8577,12.285666,24300,173,,False
1780223287,2026-05-31T10:28:07+00:00,45.856339,12.283933,24325,180,,False
1780223289,2026-05-31T10:28:09+00:00,45.854549,12.281904,24375,179,,False
1780223291,2026-05-31T10:28:11+00:00,45.853462,12.280883,24400,176,,False
1780223294,2026-05-31T10:28:14+00:00,45.851768,12.279404,24425,179,,False
1780223296,2026-05-31T10:28:16+00:00,45.850224,12.278176,24450,179,,False
1780223299,2026-05-31T10:28:19+00:00,45.848335,12.276589,24500,178,,False
1780223301,2026-05-31T10:28:21+00:00,45.846512,12.275616,24525,180,,False
1780223303,2026-05-31T10:28:23+00:00,45.844746,12.274631,24550,185,,False
1780223305,2026-05-31T10:28:25+00:00,45.842758,12.273645,24600,187,,False
1780223307,2026-05-31T10:28:27+00:00,45.840916,12.272899,24625,184,,False
1780223309,2026-05-31T10:28:29+00:00,45.839245,12.272396,24650,187,,False
1780223312,2026-05-31T10:28:32+00:00,45.837303,12.271814,24675,189,,False
1780223314,2026-05-31T10:28:34+00:00,45.835625,12.271505,24725,189,,False
1780223316,2026-05-31T10:28:36+00:00,45.833317,12.271108,24750,190,,False
1780223318,2026-05-31T10:28:38+00:00,45.831535,12.270938,24800,189,,False
1780223321,2026-05-31T10:28:41+00:00,45.829136,12.270836,24850,191,,False
1780223323,2026-05-31T10:28:43+00:00,45.827503,12.270979,24875,189,,False
1780223325,2026-05-31T10:28:45+00:00,45.8251,12.271283,24900,194,,False
1780223327,2026-05-31T10:28:47+00:00,45.823441,12.271721,24950,194,,False
1780223330,2026-05-31T10:28:50+00:00,45.821522,12.272278,24975,194,,False
1780223332,2026-05-31T10:28:52+00:00,45.819668,12.273098,25025,194,,False
1780223334,2026-05-31T10:28:54+00:00,45.817883,12.273999,25050,194,,False
1780223336,2026-05-31T10:28:56+00:00,45.816315,12.274796,25100,194,,False
1780223338,2026-05-31T10:28:58+00:00,45.814629,12.275939,25150,194,,False
1780223340,2026-05-31T10:29:00+00:00,45.812805,12.277406,25175,194,,False
1780223342,2026-05-31T10:29:02+00:00,45.811157,12.278942,25225,194,,False
1780223344,2026-05-31T10:29:04+00:00,45.809586,12.280576,25250,194,,False
1780223347,2026-05-31T10:29:07+00:00,45.808067,12.282403,25300,194,,False
1780223349,2026-05-31T10:29:09+00:00,45.806702,12.284169,25325,194,,False
1780223351,2026-05-31T10:29:11+00:00,45.805328,12.286199,25350,196,,False
1780223353,2026-05-31T10:29:13+00:00,45.804142,12.288041,25375,196,,False
1780223355,2026-05-31T10:29:15+00:00,45.802757,12.290474,25400,196,,False
1780223358,2026-05-31T10:29:18+00:00,45.801651,12.292824,25425,196,,False
1780223360,2026-05-31T10:29:20+00:00,45.80048,12.295536,25475,196,,False
1780223362,2026-05-31T10:29:22+00:00,45.799355,12.298362,25500,198,,False
1780223364,2026-05-31T10:29:24+00:00,45.798672,12.300667,25525,198,,False
1780223366,2026-05-31T10:29:26+00:00,45.79797,12.303217,25550,198,,False
1780223368,2026-05-31T10:29:28+00:00,45.797466,12.305566,25575,198,,False
1780223371,2026-05-31T10:29:31+00:00,45.796925,12.308666,25600,198,,False
1780223373,2026-05-31T10:29:33+00:00,45.796513,12.311782,25650,198,,False
1780223375,2026-05-31T10:29:35+00:00,45.796219,12.3144,25675,196,,False
1780223378,2026-05-31T10:29:38+00:00,45.795979,12.317792,25700,196,,False
1780223380,2026-05-31T10:29:40+00:00,45.795937,12.320669,25750,196,,False
1780223382,2026-05-31T10:29:42+00:00,45.795933,12.323429,25775,196,,False
1780223384,2026-05-31T10:29:44+00:00,45.796097,12.325685,25800,196,,False
1780223386,2026-05-31T10:29:46+00:00,45.796349,12.328881,25825,194,,False
1780223388,2026-05-31T10:29:48+00:00,45.796715,12.331426,25850,194,,False
1780223391,2026-05-31T10:29:51+00:00,45.797169,12.33408,25900,194,,False
1780223393,2026-05-31T10:29:53+00:00,45.797897,12.336981,25900,194,,False
1780223395,2026-05-31T10:29:55+00:00,45.798805,12.339903,25925,194,,False
1780223398,2026-05-31T10:29:58+00:00,45.799713,12.342608,25975,192,,False
1780223400,2026-05-31T10:30:00+00:00,45.800568,12.344819,26000,192,,False
1780223402,2026-05-31T10:30:02+00:00,45.80183,12.347705,26025,192,,False
1780223405,2026-05-31T10:30:05+00:00,45.80291,12.349935,26050,190,,False
1780223407,2026-05-31T10:30:07+00:00,45.804123,12.352134,26075,190,,False
1780223409,2026-05-31T10:30:09+00:00,45.805252,12.354125,26100,190,,False
1780223411,2026-05-31T10:30:11+00:00,45.806782,12.356207,26125,188,,False
1780223413,2026-05-31T10:30:13+00:00,45.80822,12.357995,26150,188,,False
1780223416,2026-05-31T10:30:16+00:00,45.809757,12.359576,26175,188,,False
1780223418,2026-05-31T10:30:18+00:00,45.811333,12.361246,26200,186,,False
1780223420,2026-05-31T10:30:20+00:00,45.813046,12.362201,26225,186,,False
1780223422,2026-05-31T10:30:22+00:00,45.814754,12.363399,26250,186,,False
1780223424,2026-05-31T10:30:24+00:00,45.816116,12.364398,26275,184,,False
1780223426,2026-05-31T10:30:26+00:00,45.818024,12.365335,26300,184,,False
1780223429,2026-05-31T10:30:29+00:00,45.819942,12.366125,26325,184,,False
1780223431,2026-05-31T10:30:31+00:00,45.821701,12.366567,26325,182,,False
1780223433,2026-05-31T10:30:33+00:00,45.823399,12.367057,26350,182,,False
1780223435,2026-05-31T10:30:35+00:00,45.825199,12.367299,26375,182,,False
1780223437,2026-05-31T10:30:37+00:00,45.827328,12.367423,26400,180,,False
1780223439,2026-05-31T10:30:39+00:00,45.828838,12.36751,26425,180,,False
1780223441,2026-05-31T10:30:41+00:00,45.830608,12.367311,26450,180,,False
1780223444,2026-05-31T10:30:44+00:00,45.832558,12.366892,26475,180,,False
1780223446,2026-05-31T10:30:46+00:00,45.834152,12.36636,26500,178,,False
1780223448,2026-05-31T10:30:48+00:00,45.835854,12.365512,26525,178,,False
1780223450,2026-05-31T10:30:50+00:00,45.837597,12.364812,26575,176,,False
1780223452,2026-05-31T10:30:52+00:00,45.839062,12.363929,26600,176,,False
1780223454,2026-05-31T10:30:54+00:00,45.840595,12.362815,26625,176,,False
1780223456,2026-05-31T10:30:56+00:00,45.842369,12.361417,26650,176,,False
1780223459,2026-05-31T10:30:59+00:00,45.843716,12.360312,26700,174,,False
1780223461,2026-05-31T10:31:01+00:00,45.845226,12.359076,26725,174,,False
1780223463,2026-05-31T10:31:03+00:00,45.846741,12.357809,26750,174,,False
1780223465,2026-05-31T10:31:05+00:00,45.848312,12.356557,26775,174,,False
1780223467,2026-05-31T10:31:07+00:00,45.849632,12.355517,26800,174,,False
1780223469,2026-05-31T10:31:09+00:00,45.851257,12.354256,26850,176,,False
1780223472,2026-05-31T10:31:12+00:00,45.853138,12.352736,26875,176,,False
1780223474,2026-05-31T10:31:14+00:00,45.854633,12.351594,26875,178,,False
1780223476,2026-05-31T10:31:16+00:00,45.856201,12.350373,26875,178,,False
1780223478,2026-05-31T10:31:18+00:00,45.857796,12.349211,26900,180,,False
1780223480,2026-05-31T10:31:20+00:00,45.859489,12.347936,26900,182,,False
1780223483,2026-05-31T10:31:23+00:00,45.861065,12.346726,26925,182,,False
1780223515,2026-05-31T10:31:55+00:00,45.886482,12.327376,26950,200,,False
1780223528,2026-05-31T10:32:08+00:00,45.896828,12.319145,26950,204,,False
1780223530,2026-05-31T10:32:10+00:00,45.898495,12.317605,26950,204,,False
1780223532,2026-05-31T10:32:12+00:00,45.900509,12.315495,26975,204,,False
1780223535,2026-05-31T10:32:15+00:00,45.902069,12.313753,26975,206,,False
1780223537,2026-05-31T10:32:17+00:00,45.903584,12.311996,26975,206,,False
1780223539,2026-05-31T10:32:19+00:00,45.904903,12.310135,26975,206,,False
1780223541,2026-05-31T10:32:21+00:00,45.906414,12.307939,26975,206,,False
1780223543,2026-05-31T10:32:23+00:00,45.907684,12.305771,26975,206,,False
1780223546,2026-05-31T10:32:26+00:00,45.909096,12.303002,26975,204,,False
1780223548,2026-05-31T10:32:28+00:00,45.91029,12.300531,26950,204,,False
1780223550,2026-05-31T10:32:30+00:00,45.911228,12.297892,26950,204,,False
1780223552,2026-05-31T10:32:32+00:00,45.912186,12.295325,26950,204,,False
1780223554,2026-05-31T10:32:34+00:00,45.912983,12.292628,26950,204,,False
1780223556,2026-05-31T10:32:36+00:00,45.913712,12.289739,26950,202,,False
1780223559,2026-05-31T10:32:39+00:00,45.914124,12.286926,26950,202,,False
1780223561,2026-05-31T10:32:41+00:00,45.914555,12.283798,26950,202,,False
1780223563,2026-05-31T10:32:43+00:00,45.914837,12.281221,26950,202,,False
1780223565,2026-05-31T10:32:45+00:00,45.915035,12.278119,26950,202,,False
1780223567,2026-05-31T10:32:47+00:00,45.915031,12.275502,26950,202,,False
1780223569,2026-05-31T10:32:49+00:00,45.914963,12.27254,26950,202,,False
1780223572,2026-05-31T10:32:52+00:00,45.914749,12.269698,26950,202,,False
1780223574,2026-05-31T10:32:54+00:00,45.914368,12.26671,26950,202,,False
1780223576,2026-05-31T10:32:56+00:00,45.913918,12.264319,26950,202,,False
1780223578,2026-05-31T10:32:58+00:00,45.913277,12.261362,26950,199,,False
1780223580,2026-05-31T10:33:00+00:00,45.912552,12.258623,26950,201,,False
1780223582,2026-05-31T10:33:02+00:00,45.911678,12.255927,26950,198,,False
1780223585,2026-05-31T10:33:05+00:00,45.91066,12.253628,26950,201,,False
1780223587,2026-05-31T10:33:07+00:00,45.909374,12.251019,26950,203,,False
1780223589,2026-05-31T10:33:09+00:00,45.90799,12.248645,26950,201,,False
1780223591,2026-05-31T10:33:11+00:00,45.906624,12.246583,26950,201,,False
1780223593,2026-05-31T10:33:13+00:00,45.905006,12.244695,26950,206,,False
1780223596,2026-05-31T10:33:16+00:00,45.903465,12.243008,26950,203,,False
1780223598,2026-05-31T10:33:18+00:00,45.901619,12.241258,26950,201,,False
1780223600,2026-05-31T10:33:20+00:00,45.899857,12.240068,26950,207,,False
1780223602,2026-05-31T10:33:22+00:00,45.897919,12.238852,26950,204,,False
1780223604,2026-05-31T10:33:24+00:00,45.895878,12.237947,26950,206,,False
1780223607,2026-05-31T10:33:27+00:00,45.893974,12.237159,26950,207,,False
1780223609,2026-05-31T10:33:29+00:00,45.891682,12.236566,26950,201,,False
1780223611,2026-05-31T10:33:31+00:00,45.889511,12.236366,26950,209,,False
1780223613,2026-05-31T10:33:33+00:00,45.887333,12.236431,26925,209,,False
1780223615,2026-05-31T10:33:35+00:00,45.885338,12.23667,26925,207,,False
1780223617,2026-05-31T10:33:37+00:00,45.883602,12.237202,26950,206,,False
1780223620,2026-05-31T10:33:40+00:00,45.881279,12.23794,26950,210,,False
1780223622,2026-05-31T10:33:42+00:00,45.879387,12.238689,26950,210,,False
1780223624,2026-05-31T10:33:44+00:00,45.87748,12.239786,26950,210,,False
1780223626,2026-05-31T10:33:46+00:00,45.875469,12.241249,26950,212,,False
1780223628,2026-05-31T10:33:48+00:00,45.873806,12.242672,26950,212,,False
1780223630,2026-05-31T10:33:50+00:00,45.872147,12.244264,26950,212,,False
1780223632,2026-05-31T10:33:52+00:00,45.870369,12.246251,26950,212,,False
1780223634,2026-05-31T10:33:54+00:00,45.868885,12.248206,26950,212,,False
1780223637,2026-05-31T10:33:57+00:00,45.867767,12.250062,26950,212,,False
1780223639,2026-05-31T10:33:59+00:00,45.865982,12.253293,26950,212,,False
1780223641,2026-05-31T10:34:01+00:00,45.864944,12.255624,26950,212,,False
1780223644,2026-05-31T10:34:04+00:00,45.863686,12.259006,26950,212,,False
1780223646,2026-05-31T10:34:06+00:00,45.862835,12.261954,26950,212,,False
1780223648,2026-05-31T10:34:08+00:00,45.86219,12.264507,26950,212,,False
1780223650,2026-05-31T10:34:10+00:00,45.861675,12.267518,26950,212,,False
1780223652,2026-05-31T10:34:12+00:00,45.861225,12.270931,26925,210,,False
1780223654,2026-05-31T10:34:14+00:00,45.86113,12.273108,26925,210,,False
1780223657,2026-05-31T10:34:17+00:00,45.860996,12.276291,26925,210,,False
1780223659,2026-05-31T10:34:19+00:00,45.861065,12.279695,26925,208,,False
1780223661,2026-05-31T10:34:21+00:00,45.861206,12.282549,26925,208,,False
1780223663,2026-05-31T10:34:23+00:00,45.861595,12.284929,26925,208,,False
1780223665,2026-05-31T10:34:25+00:00,45.86227,12.288045,26925,206,,False
1780223667,2026-05-31T10:34:27+00:00,45.862942,12.290432,26925,206,,False
1780223669,2026-05-31T10:34:29+00:00,45.863682,12.293096,26925,204,,False
1780223671,2026-05-31T10:34:31+00:00,45.864609,12.295362,26925,204,,False
1780223674,2026-05-31T10:34:34+00:00,45.865768,12.298061,26950,202,,False
1780223676,2026-05-31T10:34:36+00:00,45.866997,12.300118,26950,202,,False
1780223678,2026-05-31T10:34:38+00:00,45.868301,12.302423,26950,198,,False
1780223680,2026-05-31T10:34:40+00:00,45.869785,12.30452,26950,196,,False
1780223682,2026-05-31T10:34:42+00:00,45.871338,12.306281,26950,196,,False
1780223684,2026-05-31T10:34:44+00:00,45.873066,12.307668,26950,194,,False
1780223687,2026-05-31T10:34:47+00:00,45.874641,12.30877,26950,192,,False
1780223689,2026-05-31T10:34:49+00:00,45.876461,12.309668,26950,190,,False
1780223691,2026-05-31T10:34:51+00:00,45.878521,12.310651,26950,190,,False
1780223693,2026-05-31T10:34:53+00:00,45.880146,12.311348,26950,186,,False
1780223695,2026-05-31T10:34:55+00:00,45.882,12.311544,26950,186,,False
1780223697,2026-05-31T10:34:57+00:00,45.883751,12.311591,26950,184,,False
1780223700,2026-05-31T10:35:00+00:00,45.885796,12.31128,26950,180,,False
1780223702,2026-05-31T10:35:02+00:00,45.887474,12.310955,26950,180,,False
1780223704,2026-05-31T10:35:04+00:00,45.889515,12.310132,26950,178,,False
1780223707,2026-05-31T10:35:07+00:00,45.891315,12.309169,26950,178,,False
1780223709,2026-05-31T10:35:09+00:00,45.89291,12.308012,26950,176,,False
1780223711,2026-05-31T10:35:11+00:00,45.894394,12.306555,26950,176,,False
1780223713,2026-05-31T10:35:13+00:00,45.895645,12.305167,26950,174,,False
1780223715,2026-05-31T10:35:15+00:00,45.896862,12.303675,26950,174,,False
1780223718,2026-05-31T10:35:18+00:00,45.898182,12.301177,26950,174,,False
1780223720,2026-05-31T10:35:20+00:00,45.899128,12.299194,26950,172,,False
1780223722,2026-05-31T10:35:22+00:00,45.899876,12.297184,26950,172,,False
1780223724,2026-05-31T10:35:24+00:00,45.900574,12.294674,26950,170,,False
1780223726,2026-05-31T10:35:26+00:00,45.900963,12.292386,26950,170,,False
1780223729,2026-05-31T10:35:29+00:00,45.901161,12.290195,26950,170,,False
1780223731,2026-05-31T10:35:31+00:00,45.901398,12.287272,26950,170,,False
1780223733,2026-05-31T10:35:33+00:00,45.901398,12.284735,26950,170,,False
1780223735,2026-05-31T10:35:35+00:00,45.901188,12.282168,26950,170,,False
1780223737,2026-05-31T10:35:37+00:00,45.900822,12.28007,26950,170,,False
1780223739,2026-05-31T10:35:39+00:00,45.900349,12.277707,26950,174,,False
1780223741,2026-05-31T10:35:41+00:00,45.899471,12.275023,26950,174,,False
1780223743,2026-05-31T10:35:43+00:00,45.898819,12.273564,26950,174,,False
1780223746,2026-05-31T10:35:46+00:00,45.897888,12.271386,26950,174,,False
1780223748,2026-05-31T10:35:48+00:00,45.896633,12.269233,26950,179,,False
1780223750,2026-05-31T10:35:50+00:00,45.895115,12.267522,26975,176,,False
1780223752,2026-05-31T10:35:52+00:00,45.893799,12.26619,26975,173,,False
1780223755,2026-05-31T10:35:55+00:00,45.892315,12.26469,26975,180,,False
1780223757,2026-05-31T10:35:57+00:00,45.890667,12.263442,26950,180,,False
1780223759,2026-05-31T10:35:59+00:00,45.888908,12.262402,26950,183,,False
1780223761,2026-05-31T10:36:01+00:00,45.88723,12.261633,26975,184,,False
1780223763,2026-05-31T10:36:03+00:00,45.885342,12.261157,26975,183,,False
1780223765,2026-05-31T10:36:05+00:00,45.883587,12.260929,26975,183,,False
1780223767,2026-05-31T10:36:07+00:00,45.881809,12.260962,26975,181,,False
1780223770,2026-05-31T10:36:10+00:00,45.879944,12.261153,26975,182,,False
1780223772,2026-05-31T10:36:12+00:00,45.878006,12.261641,26975,190,,False
1780223774,2026-05-31T10:36:14+00:00,45.876129,12.262366,26975,190,,False
1780223776,2026-05-31T10:36:16+00:00,45.874489,12.26329,26950,192,,False
1780223778,2026-05-31T10:36:18+00:00,45.872868,12.264372,26950,192,,False
1780223781,2026-05-31T10:36:21+00:00,45.871151,12.265875,26950,194,,False
1780223783,2026-05-31T10:36:23+00:00,45.869286,12.267712,26950,196,,False
1780223785,2026-05-31T10:36:25+00:00,45.867615,12.269714,26950,196,,False
1780223788,2026-05-31T10:36:28+00:00,45.866051,12.27197,26950,196,,False
1780223790,2026-05-31T10:36:30+00:00,45.864502,12.274134,26950,196,,False
1780223792,2026-05-31T10:36:32+00:00,45.863171,12.275873,26950,196,,False
1780223794,2026-05-31T10:36:34+00:00,45.861668,12.277966,26950,196,,False
1780223797,2026-05-31T10:36:37+00:00,45.860069,12.280108,26925,198,,False
1780223799,2026-05-31T10:36:39+00:00,45.858437,12.282458,26925,198,,False
1780223801,2026-05-31T10:36:41+00:00,45.857315,12.284101,26925,198,,False
1780223803,2026-05-31T10:36:43+00:00,45.856056,12.285944,26925,198,,False
1780223805,2026-05-31T10:36:45+00:00,45.854481,12.28826,26925,198,,False
1780223808,2026-05-31T10:36:48+00:00,45.853283,12.290108,26925,200,,False
1780223810,2026-05-31T10:36:50+00:00,45.851807,12.292633,26925,200,,False
1780223812,2026-05-31T10:36:52+00:00,45.850704,12.294704,26925,200,,False
1780223814,2026-05-31T10:36:54+00:00,45.849438,12.297476,26925,200,,False
1780223816,2026-05-31T10:36:56+00:00,45.848541,12.299818,26925,200,,False
1780223819,2026-05-31T10:36:59+00:00,45.847549,12.302535,26950,200,,False
1780223821,2026-05-31T10:37:01+00:00,45.846478,12.305883,26950,200,,False
1780223823,2026-05-31T10:37:03+00:00,45.845974,12.307844,26950,200,,False
1780223825,2026-05-31T10:37:05+00:00,45.845409,12.310483,26950,200,,False
1780223828,2026-05-31T10:37:08+00:00,45.844723,12.314008,26950,200,,False
1780223830,2026-05-31T10:37:10+00:00,45.844337,12.316625,26950,200,,False
1780223832,2026-05-31T10:37:12+00:00,45.844025,12.319383,26950,200,,False
1780223834,2026-05-31T10:37:14+00:00,45.843735,12.322467,26950,200,,False
1780223837,2026-05-31T10:37:17+00:00,45.843609,12.325893,26950,200,,False
1780223839,2026-05-31T10:37:19+00:00,45.843681,12.328722,26950,200,,False
1780223841,2026-05-31T10:37:21+00:00,45.843708,12.33142,26950,200,,False
1780223843,2026-05-31T10:37:23+00:00,45.843853,12.334349,26950,200,,False
1780223845,2026-05-31T10:37:25+00:00,45.844162,12.33728,26950,200,,False
1780223847,2026-05-31T10:37:27+00:00,45.84457,12.339945,26950,200,,False
1780223850,2026-05-31T10:37:30+00:00,45.845196,12.343655,26950,198,,False
1780223852,2026-05-31T10:37:32+00:00,45.84589,12.346083,26950,198,,False
1780223855,2026-05-31T10:37:35+00:00,45.846756,12.349073,26950,198,,False
1780223857,2026-05-31T10:37:37+00:00,45.847469,12.351406,26950,198,,False
1780223859,2026-05-31T10:37:39+00:00,45.848347,12.353902,26950,198,,False
1780223861,2026-05-31T10:37:41+00:00,45.849277,12.356271,26950,198,,False
1780223863,2026-05-31T10:37:43+00:00,45.85051,12.358851,26950,196,,False
1780223865,2026-05-31T10:37:45+00:00,45.851715,12.361131,26950,196,,False
1780223868,2026-05-31T10:37:48+00:00,45.852829,12.363254,26975,196,,False
1780223870,2026-05-31T10:37:50+00:00,45.854103,12.365389,26975,194,,False
1780223872,2026-05-31T10:37:52+00:00,45.855412,12.367292,26975,194,,False
1780223874,2026-05-31T10:37:54+00:00,45.856899,12.369209,26975,194,,False
1780223876,2026-05-31T10:37:56+00:00,45.858429,12.370882,26975,194,,False
1780223878,2026-05-31T10:37:58+00:00,45.859943,12.37236,26975,192,,False
1780223880,2026-05-31T10:38:00+00:00,45.861649,12.373997,26975,192,,False
1780223882,2026-05-31T10:38:02+00:00,45.863144,12.375355,26950,192,,False
1780223885,2026-05-31T10:38:05+00:00,45.864906,12.376471,26950,192,,False
1780223887,2026-05-31T10:38:07+00:00,45.866631,12.377498,26950,190,,False
1780223889,2026-05-31T10:38:09+00:00,45.86829,12.378352,26950,190,,False
1780223891,2026-05-31T10:38:11+00:00,45.870239,12.378756,26950,188,,False
1780223893,2026-05-31T10:38:13+00:00,45.872189,12.379274,26950,186,,False
1780223895,2026-05-31T10:38:15+00:00,45.873955,12.379637,26950,186,,False
1780223898,2026-05-31T10:38:18+00:00,45.875862,12.379554,26950,184,,False
1780223900,2026-05-31T10:38:20+00:00,45.87772,12.379246,26950,184,,False
1780223902,2026-05-31T10:38:22+00:00,45.879383,12.378898,26950,182,,False
1780223904,2026-05-31T10:38:24+00:00,45.881329,12.378349,26950,182,,False
1780223906,2026-05-31T10:38:26+00:00,45.882874,12.377627,26950,180,,False
1780223908,2026-05-31T10:38:28+00:00,45.884384,12.376814,26950,180,,False
1780223910,2026-05-31T10:38:30+00:00,45.885944,12.375645,26950,178,,False
1780223912,2026-05-31T10:38:32+00:00,45.887585,12.374314,26950,178,,False
1780223915,2026-05-31T10:38:35+00:00,45.889385,12.372602,26950,176,,False
1780223917,2026-05-31T10:38:37+00:00,45.890717,12.370872,26950,176,,False
1780223919,2026-05-31T10:38:39+00:00,45.891945,12.369203,26950,176,,False
1780223921,2026-05-31T10:38:41+00:00,45.893036,12.367344,26950,174,,False
1780223924,2026-05-31T10:38:44+00:00,45.893967,12.365461,26950,174,,False
1780223926,2026-05-31T10:38:46+00:00,45.895134,12.36291,26950,174,,False
1780223928,2026-05-31T10:38:48+00:00,45.895943,12.36052,26950,174,,False
1780223930,2026-05-31T10:38:50+00:00,45.896519,12.358259,26950,174,,False
1780223932,2026-05-31T10:38:52+00:00,45.897083,12.355723,26950,174,,False
1780223934,2026-05-31T10:38:54+00:00,45.897541,12.353417,26950,174,,False
1780223937,2026-05-31T10:38:57+00:00,45.897705,12.351213,26950,174,,False
1780223939,2026-05-31T10:38:59+00:00,45.897732,12.348757,26950,174,,False
1780223941,2026-05-31T10:39:01+00:00,45.897766,12.345949,26950,174,,False
1780223943,2026-05-31T10:39:03+00:00,45.897533,12.343575,26975,174,,False
1780223945,2026-05-31T10:39:05+00:00,45.897472,12.341228,26975,177,,False
1780223947,2026-05-31T10:39:07+00:00,45.897369,12.338912,26975,175,,False
1780223949,2026-05-31T10:39:09+00:00,45.897327,12.336437,26950,173,,False
1780223952,2026-05-31T10:39:12+00:00,45.897228,12.333952,26950,173,,False
1780223954,2026-05-31T10:39:14+00:00,45.897175,12.331541,26950,178,,False
1780223956,2026-05-31T10:39:16+00:00,45.897156,12.328871,26950,173,,False
1780223958,2026-05-31T10:39:18+00:00,45.897167,12.326513,26950,177,,False
1780223960,2026-05-31T10:39:20+00:00,45.897129,12.323939,26950,180,,False
1780223962,2026-05-31T10:39:22+00:00,45.897045,12.321548,26950,181,,False
1780223965,2026-05-31T10:39:25+00:00,45.897015,12.318463,26950,174,,False
1780223967,2026-05-31T10:39:27+00:00,45.896988,12.316022,26950,177,,False
1780223969,2026-05-31T10:39:29+00:00,45.896915,12.313767,26950,179,,False
1780223971,2026-05-31T10:39:31+00:00,45.896927,12.310773,26925,179,,False
1780223973,2026-05-31T10:39:33+00:00,45.896854,12.308292,26925,178,,False
1780223976,2026-05-31T10:39:36+00:00,45.896847,12.305647,26925,182,,False
1780223978,2026-05-31T10:39:38+00:00,45.896786,12.303239,26925,178,,False
1780223980,2026-05-31T10:39:40+00:00,45.89674,12.300742,26925,176,,False
1780223982,2026-05-31T10:39:42+00:00,45.896687,12.298346,26925,178,,False
1780223984,2026-05-31T10:39:44+00:00,45.896523,12.295595,26925,176,,False
1780223987,2026-05-31T10:39:47+00:00,45.896328,12.292531,26925,181,,False
1780223989,2026-05-31T10:39:49+00:00,45.895882,12.289959,26925,181,,False
1780223991,2026-05-31T10:39:51+00:00,45.895412,12.287677,26925,185,,False
1780223993,2026-05-31T10:39:53+00:00,45.894688,12.284924,26925,182,,False
1780223995,2026-05-31T10:39:55+00:00,45.893791,12.282572,26950,182,,False
1780223998,2026-05-31T10:39:58+00:00,45.892818,12.280404,26950,183,,False
1780224000,2026-05-31T10:40:00+00:00,45.89185,12.278364,26950,184,,False
1780224002,2026-05-31T10:40:02+00:00,45.890575,12.276189,26950,185,,False
1780224004,2026-05-31T10:40:04+00:00,45.889313,12.274412,26975,182,,False
1780224006,2026-05-31T10:40:06+00:00,45.887901,12.27266,26975,184,,False
1780224009,2026-05-31T10:40:09+00:00,45.886497,12.271008,26975,186,,False
1780224011,2026-05-31T10:40:11+00:00,45.884724,12.269445,26975,187,,False
1780224013,2026-05-31T10:40:13+00:00,45.883087,12.268298,26975,181,,False
1780224015,2026-05-31T10:40:15+00:00,45.881413,12.267151,26975,187,,False
1780224017,2026-05-31T10:40:17+00:00,45.879532,12.266232,26975,191,,False
1780224019,2026-05-31T10:40:19+00:00,45.877705,12.265472,26975,188,,False
1780224021,2026-05-31T10:40:21+00:00,45.876106,12.264919,26975,192,,False
1780224023,2026-05-31T10:40:23+00:00,45.874264,12.264684,26975,192,,False
1780224026,2026-05-31T10:40:26+00:00,45.87241,12.26447,26975,187,,False
1780224028,2026-05-31T10:40:28+00:00,45.870438,12.264546,26975,193,,False
1780224030,2026-05-31T10:40:30+00:00,45.868549,12.264683,26975,199,,False
1780224032,2026-05-31T10:40:32+00:00,45.866718,12.264985,26975,198,,False
1780224034,2026-05-31T10:40:34+00:00,45.864849,12.265564,26975,200,,False
1780224036,2026-05-31T10:40:36+00:00,45.86256,12.266456,26975,200,,False
1780224039,2026-05-31T10:40:39+00:00,45.860817,12.267491,26950,202,,False
1780224041,2026-05-31T10:40:41+00:00,45.858566,12.268987,26950,202,,False
1780224043,2026-05-31T10:40:43+00:00,45.857113,12.270152,26950,204,,False
1780224046,2026-05-31T10:40:46+00:00,45.854973,12.272087,26950,204,,False
1780224048,2026-05-31T10:40:48+00:00,45.853287,12.273858,26950,204,,False
1780224050,2026-05-31T10:40:50+00:00,45.851871,12.275523,26950,206,,False
1780224053,2026-05-31T10:40:53+00:00,45.85006,12.278175,26950,206,,False
1780224055,2026-05-31T10:40:55+00:00,45.848644,12.280629,26950,206,,False
1780224058,2026-05-31T10:40:58+00:00,45.846897,12.283854,26950,206,,False
1780224060,2026-05-31T10:41:00+00:00,45.845924,12.286295,26950,206,,False
1780224062,2026-05-31T10:41:02+00:00,45.844955,12.288871,26950,206,,False
1780224064,2026-05-31T10:41:04+00:00,45.844017,12.291809,26950,206,,False
1780224067,2026-05-31T10:41:07+00:00,45.843327,12.294886,26950,206,,False
1780224069,2026-05-31T10:41:09+00:00,45.842693,12.29796,26950,206,,False
1780224071,2026-05-31T10:41:11+00:00,45.842365,12.300534,26950,206,,False
1780224073,2026-05-31T10:41:13+00:00,45.842144,12.303345,26950,206,,False
1780224075,2026-05-31T10:41:15+00:00,45.841965,12.306577,26950,206,,False
1780224078,2026-05-31T10:41:18+00:00,45.842102,12.309794,26950,206,,False
1780224080,2026-05-31T10:41:20+00:00,45.842255,12.312683,26950,206,,False
1780224082,2026-05-31T10:41:22+00:00,45.84264,12.315899,26950,204,,False
1780224084,2026-05-31T10:41:24+00:00,45.843136,12.318662,26950,204,,False
1780224086,2026-05-31T10:41:26+00:00,45.843838,12.321215,26975,202,,False
1780224088,2026-05-31T10:41:28+00:00,45.844685,12.324027,26975,202,,False
1780224091,2026-05-31T10:41:31+00:00,45.845695,12.326616,26975,200,,False
1780224093,2026-05-31T10:41:33+00:00,45.846676,12.328799,26975,200,,False
1780224095,2026-05-31T10:41:35+00:00,45.847977,12.331144,26950,198,,False
1780224097,2026-05-31T10:41:37+00:00,45.849308,12.33338,26950,198,,False
1780224099,2026-05-31T10:41:39+00:00,45.8507,12.33531,26950,196,,False
1780224101,2026-05-31T10:41:41+00:00,45.852039,12.336932,26950,194,,False
1780224103,2026-05-31T10:41:43+00:00,45.853489,12.338533,26950,194,,False
1780224106,2026-05-31T10:41:46+00:00,45.85516,12.339897,26950,192,,False
1780224108,2026-05-31T10:41:48+00:00,45.857121,12.341329,26950,190,,False
1780224110,2026-05-31T10:41:50+00:00,45.859142,12.342411,26950,190,,False
1780224112,2026-05-31T10:41:52+00:00,45.860828,12.342993,26950,190,,False
1780224115,2026-05-31T10:41:55+00:00,45.862827,12.343637,26950,188,,False
1780224117,2026-05-31T10:41:57+00:00,45.864647,12.343928,26950,186,,False
1780224119,2026-05-31T10:41:59+00:00,45.866665,12.344007,26950,184,,False
1780224121,2026-05-31T10:42:01+00:00,45.868389,12.343758,26950,184,,False
1780224123,2026-05-31T10:42:03+00:00,45.87019,12.343361,26950,184,,False
1780224126,2026-05-31T10:42:06+00:00,45.872009,12.342797,26925,182,,False
1780224128,2026-05-31T10:42:08+00:00,45.873852,12.341983,26925,182,,False
1780224130,2026-05-31T10:42:10+00:00,45.875328,12.341036,26925,180,,False
1780224132,2026-05-31T10:42:12+00:00,45.876877,12.339952,26925,180,,False
1780224134,2026-05-31T10:42:14+00:00,45.878834,12.338352,26950,180,,False
1780224137,2026-05-31T10:42:17+00:00,45.880314,12.336991,26950,178,,False
1780224139,2026-05-31T10:42:19+00:00,45.881935,12.335673,26950,180,,False
1780224141,2026-05-31T10:42:21+00:00,45.883385,12.334435,26925,180,,False
1780224143,2026-05-31T10:42:23+00:00,45.885109,12.333075,26925,180,,False
1780224145,2026-05-31T10:42:25+00:00,45.886383,12.332088,26925,180,,False
1780224147,2026-05-31T10:42:27+00:00,45.887913,12.330778,26925,180,,False
1780224150,2026-05-31T10:42:30+00:00,45.889397,12.329572,26950,180,,False
1780224152,2026-05-31T10:42:32+00:00,45.891171,12.328171,26950,180,,False
1780224154,2026-05-31T10:42:34+00:00,45.892738,12.326926,26950,182,,False
1780224156,2026-05-31T10:42:36+00:00,45.894516,12.325519,26950,182,,False
1780224158,2026-05-31T10:42:38+00:00,45.896301,12.324083,26950,182,,False
1780224160,2026-05-31T10:42:40+00:00,45.897655,12.323032,26950,182,,False
1780224163,2026-05-31T10:42:43+00:00,45.899353,12.321816,26950,182,,False
1780224165,2026-05-31T10:42:45+00:00,45.900894,12.320575,26950,182,,False
1780224167,2026-05-31T10:42:47+00:00,45.90239,12.319412,26925,182,,False
1780224169,2026-05-31T10:42:49+00:00,45.904228,12.318015,26925,182,,False
1780224171,2026-05-31T10:42:51+00:00,45.905731,12.316864,26925,182,,False
1780224173,2026-05-31T10:42:53+00:00,45.9072,12.315731,26925,182,,False
1780224175,2026-05-31T10:42:55+00:00,45.908752,12.314489,26950,182,,False
1780224186,2026-05-31T10:43:06+00:00,45.916687,12.308245,26925,182,,False
1780224188,2026-05-31T10:43:08+00:00,45.918114,12.306749,26925,180,,False
1780224191,2026-05-31T10:43:11+00:00,45.919483,12.30505,26925,180,,False
1780224193,2026-05-31T10:43:13+00:00,45.920883,12.302921,26950,178,,False
1780224195,2026-05-31T10:43:15+00:00,45.92197,12.300747,26950,178,,False
1780224197,2026-05-31T10:43:17+00:00,45.923035,12.298433,26950,178,,False
1780224199,2026-05-31T10:43:19+00:00,45.923828,12.296197,26950,178,,False
1780224202,2026-05-31T10:43:22+00:00,45.9245,12.293912,26950,176,,False
1780224204,2026-05-31T10:43:24+00:00,45.92514,12.290806,26950,176,,False
1780224206,2026-05-31T10:43:26+00:00,45.92532,12.288609,26975,176,,False
1780224208,2026-05-31T10:43:28+00:00,45.925488,12.286342,26975,176,,False
1780224210,2026-05-31T10:43:30+00:00,45.925594,12.283625,26975,176,,False
1780224212,2026-05-31T10:43:32+00:00,45.92551,12.281162,26975,176,,False
1780224215,2026-05-31T10:43:35+00:00,45.925251,12.278975,26975,176,,False
1780224217,2026-05-31T10:43:37+00:00,45.924957,12.276474,26975,176,,False
1780224219,2026-05-31T10:43:39+00:00,45.924393,12.274176,26975,175,,False
1780224221,2026-05-31T10:43:41+00:00,45.923859,12.272018,26975,180,,False
1780224223,2026-05-31T10:43:43+00:00,45.923088,12.269795,26975,182,,False
1780224225,2026-05-31T10:43:45+00:00,45.922104,12.267343,26975,185,,False
1780224227,2026-05-31T10:43:47+00:00,45.921028,12.265111,26975,183,,False
1780224229,2026-05-31T10:43:49+00:00,45.919914,12.263288,26975,183,,False
1780224231,2026-05-31T10:43:51+00:00,45.918568,12.261459,26975,183,,False
1780224234,2026-05-31T10:43:54+00:00,45.917175,12.259676,26975,186,,False
1780224236,2026-05-31T10:43:56+00:00,45.915802,12.258367,26975,184,,False
1780224238,2026-05-31T10:43:58+00:00,45.914299,12.256929,26975,184,,False
1780224240,2026-05-31T10:44:00+00:00,45.912601,12.255588,26975,188,,False
1780224242,2026-05-31T10:44:02+00:00,45.910774,12.25457,26975,184,,False
1780224244,2026-05-31T10:44:04+00:00,45.908779,12.253701,26975,192,,False
1780224247,2026-05-31T10:44:07+00:00,45.907001,12.253058,26950,192,,False
1780224249,2026-05-31T10:44:09+00:00,45.905087,12.252778,26950,193,,False
1780224251,2026-05-31T10:44:11+00:00,45.903255,12.252611,26950,187,,False
1780224253,2026-05-31T10:44:13+00:00,45.9011,12.252569,26950,198,,False
1780224255,2026-05-31T10:44:15+00:00,45.899235,12.252826,26950,200,,False
1780224257,2026-05-31T10:44:17+00:00,45.897358,12.253254,26950,200,,False
1780224259,2026-05-31T10:44:19+00:00,45.895554,12.25395,26950,202,,False
1780224261,2026-05-31T10:44:21+00:00,45.893719,12.254681,26950,202,,False
1780224263,2026-05-31T10:44:23+00:00,45.891808,12.255789,26950,204,,False
1780224266,2026-05-31T10:44:26+00:00,45.889896,12.257327,26950,204,,False
1780224268,2026-05-31T10:44:28+00:00,45.888294,12.258677,26950,204,,False
1780224270,2026-05-31T10:44:30+00:00,45.886379,12.260393,26950,206,,False
1780224272,2026-05-31T10:44:32+00:00,45.884773,12.262369,26950,206,,False
1780224274,2026-05-31T10:44:34+00:00,45.883419,12.264097,26950,206,,False
1780224276,2026-05-31T10:44:36+00:00,45.882179,12.266191,26950,208,,False
1780224278,2026-05-31T10:44:38+00:00,45.880821,12.26843,26950,208,,False
1780224280,2026-05-31T10:44:40+00:00,45.879745,12.270669,26950,208,,False
1780224282,2026-05-31T10:44:42+00:00,45.878658,12.273154,26950,208,,False
1780224284,2026-05-31T10:44:44+00:00,45.877743,12.27576,26950,208,,False
1780224287,2026-05-31T10:44:47+00:00,45.877007,12.278327,26950,208,,False
1780224289,2026-05-31T10:44:49+00:00,45.876343,12.281134,26950,208,,False
1780224291,2026-05-31T10:44:51+00:00,45.875767,12.283847,26950,208,,False
1780224293,2026-05-31T10:44:53+00:00,45.87524,12.286845,26950,208,,False
1780224295,2026-05-31T10:44:55+00:00,45.875141,12.289368,26950,208,,False
1780224297,2026-05-31T10:44:57+00:00,45.875011,12.292293,26950,208,,False
1780224299,2026-05-31T10:44:59+00:00,45.875057,12.295144,26950,206,,False
1780224301,2026-05-31T10:45:01+00:00,45.875164,12.298246,26950,206,,False
1780224303,2026-05-31T10:45:03+00:00,45.875328,12.301405,26950,206,,False
1780224306,2026-05-31T10:45:06+00:00,45.87587,12.30416,26950,206,,False
1780224308,2026-05-31T10:45:08+00:00,45.876522,12.307024,26950,206,,False
1780224310,2026-05-31T10:45:10+00:00,45.877232,12.309544,26950,204,,False
1780224312,2026-05-31T10:45:12+00:00,45.878075,12.312269,26950,204,,False
1780224314,2026-05-31T10:45:14+00:00,45.879051,12.314706,26950,202,,False
1780224317,2026-05-31T10:45:17+00:00,45.880318,12.317547,26950,202,,False
1780224319,2026-05-31T10:45:19+00:00,45.881611,12.319935,26950,200,,False
1780224321,2026-05-31T10:45:21+00:00,45.882854,12.321753,26950,200,,False
1780224323,2026-05-31T10:45:23+00:00,45.884178,12.323677,26950,200,,False
1780224325,2026-05-31T10:45:25+00:00,45.885761,12.325576,26950,198,,False
1780224327,2026-05-31T10:45:27+00:00,45.887341,12.327118,26950,198,,False
1780224330,2026-05-31T10:45:30+00:00,45.889126,12.328485,26950,196,,False
1780224332,2026-05-31T10:45:32+00:00,45.890984,12.329757,26950,196,,False
1780224334,2026-05-31T10:45:34+00:00,45.892715,12.330855,26950,194,,False
1780224336,2026-05-31T10:45:36+00:00,45.894421,12.331574,26950,192,,False
1780224338,2026-05-31T10:45:38+00:00,45.896244,12.332155,26950,192,,False
1780224340,2026-05-31T10:45:40+00:00,45.898167,12.332659,26950,190,,False
1780224342,2026-05-31T10:45:42+00:00,45.900036,12.333004,26950,190,,False
1780224345,2026-05-31T10:45:45+00:00,45.90189,12.333103,26950,188,,False
1780224347,2026-05-31T10:45:47+00:00,45.904057,12.332631,26950,188,,False
1780224349,2026-05-31T10:45:49+00:00,45.906094,12.332126,26975,186,,False
1780224351,2026-05-31T10:45:51+00:00,45.907555,12.331649,26950,186,,False
1780224353,2026-05-31T10:45:53+00:00,45.909431,12.330632,26950,184,,False
1780224355,2026-05-31T10:45:55+00:00,45.911144,12.329799,26950,184,,False
1780224358,2026-05-31T10:45:58+00:00,45.912666,12.328624,26950,184,,False
1780224360,2026-05-31T10:46:00+00:00,45.914036,12.327383,26950,182,,False
1780224362,2026-05-31T10:46:02+00:00,45.915581,12.325583,26925,182,,False
1780224364,2026-05-31T10:46:04+00:00,45.916771,12.324145,26925,182,,False
1780224366,2026-05-31T10:46:06+00:00,45.918171,12.322056,26925,182,,False
1780224368,2026-05-31T10:46:08+00:00,45.919304,12.320065,26925,180,,False
1780224370,2026-05-31T10:46:10+00:00,45.920467,12.317727,26950,180,,False
1780224372,2026-05-31T10:46:12+00:00,45.921341,12.315525,26950,180,,False
1780224374,2026-05-31T10:46:14+00:00,45.922092,12.313148,26950,180,,False
1780224377,2026-05-31T10:46:17+00:00,45.922688,12.310756,26950,178,,False
1780224379,2026-05-31T10:46:19+00:00,45.923275,12.308091,26975,178,,False
1780224381,2026-05-31T10:46:21+00:00,45.923916,12.305418,26950,178,,False
1780224383,2026-05-31T10:46:23+00:00,45.924397,12.303502,26950,180,,False
1780224386,2026-05-31T10:46:26+00:00,45.925034,12.301085,26925,180,,False
1780224388,2026-05-31T10:46:28+00:00,45.925568,12.298732,26925,180,,False
1780224390,2026-05-31T10:46:30+00:00,45.926128,12.296436,26950,180,,False
1780224392,2026-05-31T10:46:32+00:00,45.926678,12.294282,26950,180,,False
1780224394,2026-05-31T10:46:34+00:00,45.927345,12.291649,26950,180,,False
1780224396,2026-05-31T10:46:36+00:00,45.927914,12.289018,26950,180,,False
1780224398,2026-05-31T10:46:38+00:00,45.928566,12.286401,26925,180,,False
1780224400,2026-05-31T10:46:40+00:00,45.929119,12.284061,26925,182,,False
1780224402,2026-05-31T10:46:42+00:00,45.929573,12.281829,26925,182,,False
1780224404,2026-05-31T10:46:44+00:00,45.93005,12.279716,26925,182,,False
1780224407,2026-05-31T10:46:47+00:00,45.930618,12.27726,26925,182,,False
1780224409,2026-05-31T10:46:49+00:00,45.931118,12.274987,26925,182,,False
1780224411,2026-05-31T10:46:51+00:00,45.931618,12.272593,26925,182,,False
1780224413,2026-05-31T10:46:53+00:00,45.93214,12.270239,26925,182,,False
1780224415,2026-05-31T10:46:55+00:00,45.932796,12.267239,26925,182,,False
1780224417,2026-05-31T10:46:57+00:00,45.933212,12.265,26925,182,,False
1780224419,2026-05-31T10:46:59+00:00,45.933773,12.262283,26950,182,,False
1780224422,2026-05-31T10:47:02+00:00,45.934227,12.259948,26950,182,,False
1780224424,2026-05-31T10:47:04+00:00,45.934681,12.257588,26950,182,,False
1780224434,2026-05-31T10:47:14+00:00,45.936596,12.244895,26925,182,,False
1780224437,2026-05-31T10:47:17+00:00,45.936512,12.242166,26950,182,,False
1780224439,2026-05-31T10:47:19+00:00,45.936348,12.239716,26950,182,,False
1780224441,2026-05-31T10:47:21+00:00,45.936031,12.237066,26950,182,,False
1780224443,2026-05-31T10:47:23+00:00,45.9356,12.234603,26950,182,,False
1780224445,2026-05-31T10:47:25+00:00,45.935032,12.232501,26950,182,,False
1780224447,2026-05-31T10:47:27+00:00,45.934288,12.229754,26975,186,,False
1780224449,2026-05-31T10:47:29+00:00,45.933384,12.22743,26975,189,,False
1780224451,2026-05-31T10:47:31+00:00,45.932396,12.225297,26975,187,,False
1780224454,2026-05-31T10:47:34+00:00,45.93129,12.223418,26975,183,,False
1780224456,2026-05-31T10:47:36+00:00,45.929935,12.221358,26975,184,,False
1780224458,2026-05-31T10:47:38+00:00,45.928509,12.21962,26975,184,,False
1780224460,2026-05-31T10:47:40+00:00,45.92712,12.218159,26975,187,,False
1780224462,2026-05-31T10:47:42+00:00,45.925426,12.216265,26975,185,,False
1780224464,2026-05-31T10:47:44+00:00,45.924084,12.215104,26950,186,,False
1780224466,2026-05-31T10:47:46+00:00,45.92247,12.214113,26950,190,,False
1780224468,2026-05-31T10:47:48+00:00,45.920361,12.213142,26950,199,,False
1780224471,2026-05-31T10:47:51+00:00,45.918583,12.212465,26950,190,,False
1780224473,2026-05-31T10:47:53+00:00,45.916706,12.211987,26950,192,,False
1780224475,2026-05-31T10:47:55+00:00,45.91478,12.211637,26950,189,,False
1780224477,2026-05-31T10:47:57+00:00,45.912884,12.211606,26950,196,,False
1780224479,2026-05-31T10:47:59+00:00,45.910786,12.211771,26950,196,,False
1780224481,2026-05-31T10:48:01+00:00,45.908833,12.212168,26975,198,,False
1780224483,2026-05-31T10:48:03+00:00,45.906925,12.212817,26975,198,,False
1780224485,2026-05-31T10:48:05+00:00,45.905315,12.213418,26950,198,,False
1780224488,2026-05-31T10:48:08+00:00,45.903343,12.214422,26950,200,,False
1780224490,2026-05-31T10:48:10+00:00,45.901608,12.21557,26950,200,,False
1780224492,2026-05-31T10:48:12+00:00,45.899975,12.216833,26950,200,,False
1780224494,2026-05-31T10:48:14+00:00,45.89809,12.21847,26950,200,,False
1780224496,2026-05-31T10:48:16+00:00,45.896584,12.220305,26950,202,,False
1780224499,2026-05-31T10:48:19+00:00,45.894852,12.222449,26950,202,,False
1780224501,2026-05-31T10:48:21+00:00,45.893566,12.224522,26950,202,,False
1780224503,2026-05-31T10:48:23+00:00,45.892109,12.227014,26950,202,,False
1780224505,2026-05-31T10:48:25+00:00,45.89098,12.229361,26950,202,,False
1780224508,2026-05-31T10:48:28+00:00,45.889793,12.232161,26925,202,,False
1780224510,2026-05-31T10:48:30+00:00,45.88892,12.234648,26925,202,,False
1780224512,2026-05-31T10:48:32+00:00,45.888149,12.237669,26925,202,,False
1780224514,2026-05-31T10:48:34+00:00,45.887638,12.240001,26925,202,,False
1780224516,2026-05-31T10:48:36+00:00,45.887257,12.242709,26925,202,,False
1780224518,2026-05-31T10:48:38+00:00,45.886875,12.245997,26925,200,,False
1780224520,2026-05-31T10:48:40+00:00,45.88673,12.248211,26925,200,,False
1780224522,2026-05-31T10:48:42+00:00,45.886711,12.251171,26925,200,,False
1780224525,2026-05-31T10:48:45+00:00,45.886768,12.253921,26950,200,,False
1780224527,2026-05-31T10:48:47+00:00,45.887039,12.256973,26950,198,,False
1780224529,2026-05-31T10:48:49+00:00,45.887398,12.259752,26950,198,,False
1780224531,2026-05-31T10:48:51+00:00,45.887966,12.262135,26950,196,,False
1780224533,2026-05-31T10:48:53+00:00,45.888794,12.265188,26950,196,,False
1780224535,2026-05-31T10:48:55+00:00,45.889576,12.267292,26950,194,,False
1780224537,2026-05-31T10:48:57+00:00,45.89056,12.269868,26950,194,,False
1780224540,2026-05-31T10:49:00+00:00,45.891491,12.271852,26950,192,,False
1780224542,2026-05-31T10:49:02+00:00,45.892826,12.274121,26950,192,,False
1780224544,2026-05-31T10:49:04+00:00,45.89397,12.275981,26950,190,,False
1780224546,2026-05-31T10:49:06+00:00,45.895699,12.278675,26950,188,,False
1780224548,2026-05-31T10:49:08+00:00,45.897041,12.280077,26950,188,,False
1780224551,2026-05-31T10:49:11+00:00,45.898582,12.281861,26950,186,,False
1780224553,2026-05-31T10:49:13+00:00,45.900131,12.282756,26950,186,,False
1780224555,2026-05-31T10:49:15+00:00,45.901897,12.283564,26950,184,,False
1780224557,2026-05-31T10:49:17+00:00,45.903748,12.284503,26950,184,,False
1780224559,2026-05-31T10:49:19+00:00,45.905285,12.285053,26950,182,,False
1780224561,2026-05-31T10:49:21+00:00,45.907261,12.28528,26950,182,,False
1780224563,2026-05-31T10:49:23+00:00,45.908787,12.285542,26950,180,,False
1780224565,2026-05-31T10:49:25+00:00,45.91058,12.285747,26950,180,,False
1780224568,2026-05-31T10:49:28+00:00,45.912521,12.285489,26950,178,,False
1780224570,2026-05-31T10:49:30+00:00,45.914135,12.285466,26950,178,,False
1780224572,2026-05-31T10:49:32+00:00,45.915806,12.285275,26950,178,,False
1780224574,2026-05-31T10:49:34+00:00,45.917568,12.284979,26950,176,,False
1780224576,2026-05-31T10:49:36+00:00,45.919163,12.284797,26950,176,,False
1780224578,2026-05-31T10:49:38+00:00,45.920807,12.284546,26950,176,,False
1780224580,2026-05-31T10:49:40+00:00,45.922634,12.284149,26950,176,,False
1780224582,2026-05-31T10:49:42+00:00,45.924194,12.283796,26950,176,,False
1780224584,2026-05-31T10:49:44+00:00,45.925861,12.283295,26950,176,,False
1780224586,2026-05-31T10:49:46+00:00,45.927628,12.282733,26950,176,,False
1780224588,2026-05-31T10:49:48+00:00,45.929443,12.282174,26950,176,,False
1780224590,2026-05-31T10:49:50+00:00,45.930775,12.281652,26950,176,,False
1780224593,2026-05-31T10:49:53+00:00,45.932419,12.280929,26950,176,,False
1780224595,2026-05-31T10:49:55+00:00,45.934311,12.27998,26950,176,,False
1780224597,2026-05-31T10:49:57+00:00,45.935719,12.279331,26950,174,,False
1780224599,2026-05-31T10:49:59+00:00,45.937237,12.27846,26950,174,,False
1780224601,2026-05-31T10:50:01+00:00,45.938892,12.277511,26950,174,,False
1780224603,2026-05-31T10:50:03+00:00,45.940578,12.276343,26950,174,,False
1780224605,2026-05-31T10:50:05+00:00,45.942074,12.275415,26950,174,,False
1780224608,2026-05-31T10:50:08+00:00,45.943615,12.274308,26950,174,,False
1780224610,2026-05-31T10:50:10+00:00,45.945202,12.273105,26950,174,,False
1780224612,2026-05-31T10:50:12+00:00,45.946636,12.271978,26950,174,,False
1780224614,2026-05-31T10:50:14+00:00,45.948421,12.270511,26950,174,,False
1780224616,2026-05-31T10:50:16+00:00,45.949753,12.269188,26950,174,,False
1780224618,2026-05-31T10:50:18+00:00,45.951138,12.267879,26950,174,,False
1780224621,2026-05-31T10:50:21+00:00,45.952446,12.266581,26950,174,,False
1780224623,2026-05-31T10:50:23+00:00,45.953888,12.265129,26950,174,,False
1780224625,2026-05-31T10:50:25+00:00,45.955235,12.263654,26975,174,,False
1780224627,2026-05-31T10:50:27+00:00,45.956539,12.262034,26950,174,,False
1780224629,2026-05-31T10:50:29+00:00,45.957699,12.260484,26950,174,,False
1780224631,2026-05-31T10:50:31+00:00,45.958797,12.25893,26950,174,,False
1780224633,2026-05-31T10:50:33+00:00,45.959969,12.256959,26950,174,,False
1780224635,2026-05-31T10:50:35+00:00,45.961349,12.254382,26950,174,,False
1780224637,2026-05-31T10:50:37+00:00,45.962204,12.252506,26925,174,,False
1780224640,2026-05-31T10:50:40+00:00,45.96302,12.250308,26925,174,,False
1780224642,2026-05-31T10:50:42+00:00,45.963703,12.248299,26925,174,,False
1780224644,2026-05-31T10:50:44+00:00,45.964394,12.245874,26925,174,,False
1780224646,2026-05-31T10:50:46+00:00,45.964874,12.243528,26950,172,,False
1780224648,2026-05-31T10:50:48+00:00,45.965244,12.241357,26950,172,,False
1780224650,2026-05-31T10:50:50+00:00,45.96558,12.239059,26950,172,,False
1780224652,2026-05-31T10:50:52+00:00,45.965904,12.236562,26950,172,,False
1780224655,2026-05-31T10:50:55+00:00,45.965996,12.234039,26950,172,,False
1780224657,2026-05-31T10:50:57+00:00,45.966019,12.231726,26950,172,,False
1780224659,2026-05-31T10:50:59+00:00,45.965939,12.229079,26950,172,,False
1780224661,2026-05-31T10:51:01+00:00,45.96582,12.226935,26950,172,,False
1780224663,2026-05-31T10:51:03+00:00,45.965561,12.224645,26950,170,,False
1780224666,2026-05-31T10:51:06+00:00,45.965034,12.221353,26950,174,,False
1780224668,2026-05-31T10:51:08+00:00,45.964676,12.219185,26975,179,,False
1780224670,2026-05-31T10:51:10+00:00,45.964073,12.216774,26975,177,,False
1780224672,2026-05-31T10:51:12+00:00,45.963398,12.214437,26975,178,,False
1780224674,2026-05-31T10:51:14+00:00,45.962635,12.212004,26975,176,,False
1780224676,2026-05-31T10:51:16+00:00,45.961727,12.209991,26975,179,,False
1780224679,2026-05-31T10:51:19+00:00,45.960701,12.2081,26975,175,,False
1780224681,2026-05-31T10:51:21+00:00,45.959629,12.206027,26975,176,,False
1780224683,2026-05-31T10:51:23+00:00,45.958488,12.204141,26975,178,,False
1780224685,2026-05-31T10:51:25+00:00,45.957207,12.202109,26975,180,,False
1780224687,2026-05-31T10:51:27+00:00,45.955868,12.200467,26975,179,,False
1780224689,2026-05-31T10:51:29+00:00,45.954624,12.198913,26975,182,,False
1780224691,2026-05-31T10:51:31+00:00,45.953239,12.19729,26975,180,,False
1780224694,2026-05-31T10:51:34+00:00,45.951637,12.195855,26975,179,,False
1780224696,2026-05-31T10:51:36+00:00,45.950066,12.194733,26975,183,,False
1780224698,2026-05-31T10:51:38+00:00,45.948437,12.193621,26975,185,,False
1780224700,2026-05-31T10:51:40+00:00,45.946835,12.192574,26975,185,,False
1780224702,2026-05-31T10:51:42+00:00,45.945263,12.191768,26975,185,,False
1780224704,2026-05-31T10:51:44+00:00,45.943344,12.190877,26950,188,,False
1780224706,2026-05-31T10:51:46+00:00,45.941498,12.19029,26950,189,,False
1780224708,2026-05-31T10:51:48+00:00,45.939701,12.189886,26950,187,,False
1780224711,2026-05-31T10:51:51+00:00,45.93779,12.189568,26950,189,,False
1780224713,2026-05-31T10:51:53+00:00,45.935863,12.189304,26950,186,,False
1780224715,2026-05-31T10:51:55+00:00,45.933914,12.189341,26950,187,,False
1780224717,2026-05-31T10:51:57+00:00,45.931725,12.189471,26950,193,,False
1780224719,2026-05-31T10:51:59+00:00,45.929916,12.189839,26950,192,,False
1780224721,2026-05-31T10:52:01+00:00,45.928139,12.190235,26950,192,,False
1780224724,2026-05-31T10:52:04+00:00,45.926239,12.19084,26950,194,,False
1780224726,2026-05-31T10:52:06+00:00,45.924423,12.191532,26950,194,,False
1780224728,2026-05-31T10:52:08+00:00,45.922741,12.192369,26950,196,,False
1780224730,2026-05-31T10:52:10+00:00,45.920887,12.193381,26950,196,,False
1780224732,2026-05-31T10:52:12+00:00,45.918697,12.19477,26950,196,,False
1780224734,2026-05-31T10:52:14+00:00,45.917179,12.195925,26950,196,,False
1780224736,2026-05-31T10:52:16+00:00,45.915489,12.197454,26950,198,,False
1780224739,2026-05-31T10:52:19+00:00,45.913948,12.198835,26950,198,,False
1780224741,2026-05-31T10:52:21+00:00,45.912212,12.200723,26950,200,,False
1780224743,2026-05-31T10:52:23+00:00,45.910576,12.202703,26950,200,,False
1780224745,2026-05-31T10:52:25+00:00,45.909264,12.204477,26950,200,,False
1780224747,2026-05-31T10:52:27+00:00,45.907867,12.206459,26950,200,,False
1780224749,2026-05-31T10:52:29+00:00,45.906544,12.208596,26950,202,,False
1780224752,2026-05-31T10:52:32+00:00,45.905369,12.210754,26950,202,,False
1780224754,2026-05-31T10:52:34+00:00,45.90427,12.212964,26950,202,,False
1780224756,2026-05-31T10:52:36+00:00,45.903164,12.215473,26950,202,,False
1780224758,2026-05-31T10:52:38+00:00,45.902245,12.217775,26950,202,,False
1780224760,2026-05-31T10:52:40+00:00,45.901318,12.220375,26950,202,,False
1780224762,2026-05-31T10:52:42+00:00,45.900536,12.222921,26950,204,,False
1780224764,2026-05-31T10:52:44+00:00,45.899803,12.225509,26950,204,,False
1780224766,2026-05-31T10:52:46+00:00,45.899185,12.228367,26950,204,,False
1780224768,2026-05-31T10:52:48+00:00,45.898655,12.231006,26950,204,,False
1780224770,2026-05-31T10:52:50+00:00,45.898243,12.233711,26950,204,,False
1780224773,2026-05-31T10:52:53+00:00,45.897858,12.236431,26950,204,,False
1780224775,2026-05-31T10:52:55+00:00,45.897652,12.239516,26950,204,,False
1780224777,2026-05-31T10:52:57+00:00,45.897526,12.242332,26950,204,,False
1780224779,2026-05-31T10:52:59+00:00,45.897419,12.245417,26950,204,,False
1780224781,2026-05-31T10:53:01+00:00,45.897572,12.248363,26950,204,,False
1780224783,2026-05-31T10:53:03+00:00,45.897705,12.251081,26950,204,,False
1780224785,2026-05-31T10:53:05+00:00,45.897926,12.254209,26950,204,,False
1780224787,2026-05-31T10:53:07+00:00,45.898338,12.25712,26950,204,,False
1780224790,2026-05-31T10:53:10+00:00,45.898727,12.259716,26950,204,,False
1780224792,2026-05-31T10:53:12+00:00,45.899296,12.262367,26950,204,,False
1780224794,2026-05-31T10:53:14+00:00,45.899982,12.265197,26950,202,,False
1780224796,2026-05-31T10:53:16+00:00,45.900715,12.26782,26950,202,,False
1780224798,2026-05-31T10:53:18+00:00,45.901577,12.270486,26950,202,,False
1780224800,2026-05-31T10:53:20+00:00,45.902493,12.272866,26950,202,,False
1780224802,2026-05-31T10:53:22+00:00,45.903301,12.274954,26950,202,,False
1780224804,2026-05-31T10:53:24+00:00,45.90443,12.27732,26950,200,,False
1780224806,2026-05-31T10:53:26+00:00,45.905533,12.279523,26950,200,,False
1780224808,2026-05-31T10:53:28+00:00,45.906647,12.281673,26950,200,,False
1780224811,2026-05-31T10:53:31+00:00,45.907974,12.283789,26950,198,,False
1780224813,2026-05-31T10:53:33+00:00,45.909554,12.286172,26950,198,,False
1780224815,2026-05-31T10:53:35+00:00,45.910767,12.287901,26950,198,,False
1780224817,2026-05-31T10:53:37+00:00,45.912487,12.2898,26950,196,,False
1780224820,2026-05-31T10:53:40+00:00,45.914047,12.291479,26950,196,,False
1780224822,2026-05-31T10:53:42+00:00,45.915947,12.293362,26950,194,,False
1780224824,2026-05-31T10:53:44+00:00,45.917549,12.294767,26950,194,,False
1780224826,2026-05-31T10:53:46+00:00,45.919262,12.295829,26950,194,,False
1780224828,2026-05-31T10:53:48+00:00,45.92086,12.29681,26950,192,,False
1780224830,2026-05-31T10:53:50+00:00,45.922653,12.297579,26950,192,,False
1780224833,2026-05-31T10:53:53+00:00,45.924625,12.298652,26950,190,,False
1780224835,2026-05-31T10:53:55+00:00,45.926437,12.299297,26950,190,,False
1780224837,2026-05-31T10:53:57+00:00,45.928513,12.299829,26950,190,,False
1780224839,2026-05-31T10:53:59+00:00,45.930244,12.30024,26950,188,,False
1780224841,2026-05-31T10:54:01+00:00,45.932079,12.300482,26950,188,,False
1780224843,2026-05-31T10:54:03+00:00,45.933781,12.300637,26950,188,,False
1780224845,2026-05-31T10:54:05+00:00,45.935722,12.300528,26950,186,,False
1780224848,2026-05-31T10:54:08+00:00,45.93758,12.300327,26950,186,,False
1780224850,2026-05-31T10:54:10+00:00,45.939297,12.30001,26950,184,,False
1780224852,2026-05-31T10:54:12+00:00,45.941101,12.299409,26950,184,,False
1780224854,2026-05-31T10:54:14+00:00,45.94281,12.298934,26950,184,,False
1780224856,2026-05-31T10:54:16+00:00,45.944637,12.298059,26950,182,,False
1780224858,2026-05-31T10:54:18+00:00,45.946239,12.297202,26950,182,,False
1780224860,2026-05-31T10:54:20+00:00,45.947758,12.296375,26950,182,,False
1780224862,2026-05-31T10:54:22+00:00,45.949306,12.295205,26950,180,,False
1780224864,2026-05-31T10:54:24+00:00,45.950954,12.293837,26950,180,,False
1780224866,2026-05-31T10:54:26+00:00,45.952358,12.292641,26950,180,,False
1780224869,2026-05-31T10:54:29+00:00,45.954163,12.290652,26950,180,,False
1780224871,2026-05-31T10:54:31+00:00,45.95536,12.289174,26950,178,,False
1780224873,2026-05-31T10:54:33+00:00,45.956608,12.287537,26950,178,,False
1780224875,2026-05-31T10:54:35+00:00,45.957947,12.285563,26975,178,,False
1780224878,2026-05-31T10:54:38+00:00,45.959133,12.283431,26975,178,,False
1780224880,2026-05-31T10:54:40+00:00,45.960251,12.281342,26975,178,,False
1780224882,2026-05-31T10:54:42+00:00,45.961212,12.279209,26950,178,,False
1780224884,2026-05-31T10:54:44+00:00,45.962154,12.27679,26950,178,,False
1780224887,2026-05-31T10:54:47+00:00,45.962971,12.274557,26950,178,,False
1780224889,2026-05-31T10:54:49+00:00,45.963741,12.271908,26950,178,,False
1780224892,2026-05-31T10:54:52+00:00,45.964302,12.269159,26950,178,,False
1780224894,2026-05-31T10:54:54+00:00,45.964821,12.266604,26950,178,,False
1780224896,2026-05-31T10:54:56+00:00,45.965229,12.264138,26950,178,,False
1780224898,2026-05-31T10:54:58+00:00,45.965492,12.261415,26950,178,,False
1780224900,2026-05-31T10:55:00+00:00,45.965641,12.258952,26950,178,,False
1780224903,2026-05-31T10:55:03+00:00,45.965668,12.2563,26950,178,,False
1780224905,2026-05-31T10:55:05+00:00,45.965488,12.25327,26950,178,,False
1780224907,2026-05-31T10:55:07+00:00,45.965351,12.250849,26950,178,,False
1780224909,2026-05-31T10:55:09+00:00,45.964973,12.248507,26950,178,,False
1780224911,2026-05-31T10:55:11+00:00,45.964504,12.246206,26950,182,,False
1780224913,2026-05-31T10:55:13+00:00,45.963902,12.243791,26950,182,,False
1780224915,2026-05-31T10:55:15+00:00,45.96315,12.241453,26950,181,,False
1780224917,2026-05-31T10:55:17+00:00,45.9622,12.239151,26950,180,,False
1780224919,2026-05-31T10:55:19+00:00,45.961323,12.237406,26950,181,,False
1780224921,2026-05-31T10:55:21+00:00,45.960365,12.235343,26950,183,,False
1780224923,2026-05-31T10:55:23+00:00,45.959122,12.233379,26950,182,,False
1780224926,2026-05-31T10:55:26+00:00,45.958057,12.231613,26950,182,,False
1780224928,2026-05-31T10:55:28+00:00,45.956638,12.22991,26950,185,,False
1780224930,2026-05-31T10:55:30+00:00,45.955235,12.228141,26950,187,,False
1780224932,2026-05-31T10:55:32+00:00,45.953888,12.226768,26950,185,,False
1780224934,2026-05-31T10:55:34+00:00,45.95237,12.225426,26950,186,,False
1780224936,2026-05-31T10:55:36+00:00,45.950562,12.224176,26950,188,,False
1780224938,2026-05-31T10:55:38+00:00,45.949123,12.223235,26950,185,,False
1780224940,2026-05-31T10:55:40+00:00,45.947205,12.222445,26950,190,,False
1780224942,2026-05-31T10:55:42+00:00,45.94529,12.221718,26950,190,,False
1780224944,2026-05-31T10:55:44+00:00,45.943401,12.221076,26950,193,,False
1780224946,2026-05-31T10:55:46+00:00,45.941681,12.220859,26950,188,,False
1780224949,2026-05-31T10:55:49+00:00,45.939747,12.220695,26950,194,,False
1780224951,2026-05-31T10:55:51+00:00,45.937786,12.220796,26950,200,,False
1780224953,2026-05-31T10:55:53+00:00,45.935555,12.221082,26950,194,,False
1780224955,2026-05-31T10:55:55+00:00,45.933784,12.221401,26950,196,,False
1780224957,2026-05-31T10:55:57+00:00,45.931984,12.2221,26950,196,,False
1780224959,2026-05-31T10:55:59+00:00,45.930031,12.222853,26950,198,,False
1780224962,2026-05-31T10:56:02+00:00,45.928432,12.223754,26950,198,,False
1780224964,2026-05-31T10:56:04+00:00,45.926315,12.225029,26950,198,,False
1780224966,2026-05-31T10:56:06+00:00,45.924946,12.226102,26950,200,,False
1780224968,2026-05-31T10:56:08+00:00,45.923428,12.227388,26950,200,,False
1780224970,2026-05-31T10:56:10+00:00,45.921604,12.229052,26950,200,,False
1780224972,2026-05-31T10:56:12+00:00,45.92017,12.230649,26950,200,,False
1780224974,2026-05-31T10:56:14+00:00,45.918755,12.232433,26950,202,,False
1780224976,2026-05-31T10:56:16+00:00,45.91732,12.234491,26950,202,,False
1780224978,2026-05-31T10:56:18+00:00,45.916023,12.236579,26950,202,,False
1780224980,2026-05-31T10:56:20+00:00,45.914734,12.238992,26950,202,,False
1780224983,2026-05-31T10:56:23+00:00,45.913528,12.241568,26950,202,,False
1780224985,2026-05-31T10:56:25+00:00,45.912601,12.243752,26950,204,,False
1780224987,2026-05-31T10:56:27+00:00,45.911579,12.246493,26950,204,,False
1780224989,2026-05-31T10:56:29+00:00,45.910751,12.249372,26950,204,,False
1780224991,2026-05-31T10:56:31+00:00,45.910156,12.252148,26950,204,,False
1780224993,2026-05-31T10:56:33+00:00,45.909622,12.254819,26950,204,,False
1780224996,2026-05-31T10:56:36+00:00,45.909184,12.257476,26950,204,,False
1780224998,2026-05-31T10:56:38+00:00,45.908829,12.260675,26950,202,,False
1780225000,2026-05-31T10:56:40+00:00,45.908684,12.263476,26950,202,,False
1780225002,2026-05-31T10:56:42+00:00,45.908634,12.266509,26950,202,,False
1780225004,2026-05-31T10:56:44+00:00,45.908733,12.269263,26950,202,,False
1780225006,2026-05-31T10:56:46+00:00,45.908875,12.271871,26950,202,,False
1780225008,2026-05-31T10:56:48+00:00,45.909161,12.274942,26950,202,,False
1780225010,2026-05-31T10:56:50+00:00,45.909626,12.277586,26950,200,,False
1780225012,2026-05-31T10:56:52+00:00,45.910103,12.280101,26950,200,,False
1780225015,2026-05-31T10:56:55+00:00,45.910732,12.282881,26950,200,,False
1780225017,2026-05-31T10:56:57+00:00,45.911545,12.285439,26950,200,,False
1780225019,2026-05-31T10:56:59+00:00,45.912514,12.28797,26950,198,,False
1780225021,2026-05-31T10:57:01+00:00,45.913555,12.290197,26950,198,,False
1780225023,2026-05-31T10:57:03+00:00,45.914619,12.292347,26950,198,,False
1780225025,2026-05-31T10:57:05+00:00,45.915768,12.294507,26950,196,,False
1780225027,2026-05-31T10:57:07+00:00,45.916889,12.296485,26950,196,,False
1780225029,2026-05-31T10:57:09+00:00,45.918102,12.298568,26950,194,,False
1780225031,2026-05-31T10:57:11+00:00,45.919628,12.300454,26950,194,,False
1780225033,2026-05-31T10:57:13+00:00,45.921192,12.301842,26950,192,,False
1780225035,2026-05-31T10:57:15+00:00,45.922745,12.303129,26950,192,,False
1780225038,2026-05-31T10:57:18+00:00,45.924519,12.304503,26950,190,,False
1780225040,2026-05-31T10:57:20+00:00,45.926327,12.305751,26950,190,,False
1780225042,2026-05-31T10:57:22+00:00,45.927788,12.306701,26950,188,,False
1780225044,2026-05-31T10:57:24+00:00,45.929718,12.307553,26950,188,,False
1780225046,2026-05-31T10:57:26+00:00,45.931805,12.308091,26950,186,,False
1780225048,2026-05-31T10:57:28+00:00,45.933506,12.308517,26950,186,,False
1780225050,2026-05-31T10:57:30+00:00,45.935158,12.308919,26925,184,,False
1780225053,2026-05-31T10:57:33+00:00,45.936943,12.308825,26925,184,,False
1780225055,2026-05-31T10:57:35+00:00,45.939026,12.308787,26925,182,,False
1780225057,2026-05-31T10:57:37+00:00,45.940578,12.308608,26925,180,,False
1780225059,2026-05-31T10:57:39+00:00,45.942207,12.308275,26925,180,,False
1780225061,2026-05-31T10:57:41+00:00,45.944012,12.307618,26925,180,,False
1780225063,2026-05-31T10:57:43+00:00,45.945801,12.306563,26925,178,,False
1780225066,2026-05-31T10:57:46+00:00,45.947369,12.305551,26950,176,,False
1780225068,2026-05-31T10:57:48+00:00,45.948833,12.304571,26950,176,,False
1780225070,2026-05-31T10:57:50+00:00,45.950306,12.303251,26950,176,,False
1780225072,2026-05-31T10:57:52+00:00,45.9519,12.301633,26950,174,,False
1780225074,2026-05-31T10:57:54+00:00,45.953033,12.300264,26950,174,,False
1780225076,2026-05-31T10:57:56+00:00,45.95425,12.298606,26950,174,,False
1780225078,2026-05-31T10:57:58+00:00,45.955303,12.296869,26950,174,,False
1780225080,2026-05-31T10:58:00+00:00,45.95657,12.294557,26975,174,,False
1780225083,2026-05-31T10:58:03+00:00,45.957561,12.292389,26950,174,,False
1780225085,2026-05-31T10:58:05+00:00,45.958447,12.290202,26950,174,,False
1780225087,2026-05-31T10:58:07+00:00,45.959114,12.287895,26950,174,,False
1780225089,2026-05-31T10:58:09+00:00,45.959618,12.285781,26950,174,,False
1780225091,2026-05-31T10:58:11+00:00,45.960098,12.283471,26950,174,,False
1780225093,2026-05-31T10:58:13+00:00,45.960407,12.281288,26950,174,,False
1780225095,2026-05-31T10:58:15+00:00,45.960655,12.278673,26950,174,,False
1780225098,2026-05-31T10:58:18+00:00,45.960747,12.276038,26950,174,,False
1780225100,2026-05-31T10:58:20+00:00,45.960697,12.273509,26950,174,,False
1780225102,2026-05-31T10:58:22+00:00,45.960587,12.271111,26975,174,,False
1780225104,2026-05-31T10:58:24+00:00,45.960503,12.268767,26975,174,,False
1780225106,2026-05-31T10:58:26+00:00,45.960293,12.266348,26975,174,,False
1780225108,2026-05-31T10:58:28+00:00,45.960178,12.264027,26975,174,,False
1780225110,2026-05-31T10:58:30+00:00,45.960056,12.26164,26950,177,,False
1780225112,2026-05-31T10:58:32+00:00,45.959877,12.259332,26950,172,,False
1780225114,2026-05-31T10:58:34+00:00,45.959774,12.257051,26950,173,,False
1780225117,2026-05-31T10:58:37+00:00,45.959583,12.253958,26925,176,,False
1780225119,2026-05-31T10:58:39+00:00,45.959511,12.251227,26925,176,,False
1780225121,2026-05-31T10:58:41+00:00,45.95937,12.248966,26925,178,,False
1780225123,2026-05-31T10:58:43+00:00,45.959324,12.246371,26925,178,,False
1780225126,2026-05-31T10:58:46+00:00,45.959129,12.243887,26925,177,,False
1780225128,2026-05-31T10:58:48+00:00,45.958942,12.240873,26925,173,,False
1780225130,2026-05-31T10:58:50+00:00,45.958836,12.238426,26925,174,,False
1780225132,2026-05-31T10:58:52+00:00,45.958729,12.236117,26925,176,,False
1780225134,2026-05-31T10:58:54+00:00,45.958595,12.2336,26925,175,,False
1780225136,2026-05-31T10:58:56+00:00,45.958385,12.230701,26925,180,,False
1780225138,2026-05-31T10:58:58+00:00,45.95829,12.228264,26925,178,,False
1780225141,2026-05-31T10:59:01+00:00,45.958107,12.225874,26925,176,,False
1780225143,2026-05-31T10:59:03+00:00,45.957989,12.223394,26925,181,,False
1780225145,2026-05-31T10:59:05+00:00,45.957878,12.220942,26925,175,,False
1780225147,2026-05-31T10:59:07+00:00,45.957714,12.218438,26925,177,,False
1780225149,2026-05-31T10:59:09+00:00,45.957619,12.21608,26925,175,,False
1780225151,2026-05-31T10:59:11+00:00,45.957451,12.213709,26950,178,,False
1780225153,2026-05-31T10:59:13+00:00,45.957352,12.210993,26950,183,,False
1780225155,2026-05-31T10:59:15+00:00,45.957096,12.208385,26950,174,,False
1780225158,2026-05-31T10:59:18+00:00,45.956833,12.205818,26950,182,,False
1780225160,2026-05-31T10:59:20+00:00,45.956322,12.202993,26950,182,,False
1780225163,2026-05-31T10:59:23+00:00,45.95565,12.199994,26950,178,,False
1780225165,2026-05-31T10:59:25+00:00,45.954708,12.197309,26975,181,,False
1780225167,2026-05-31T10:59:27+00:00,45.953915,12.195026,26975,183,,False
1780225169,2026-05-31T10:59:29+00:00,45.952957,12.19266,26975,184,,False
1780225171,2026-05-31T10:59:31+00:00,45.952019,12.190802,26975,182,,False
1780225173,2026-05-31T10:59:33+00:00,45.950977,12.188808,26975,184,,False
1780225176,2026-05-31T10:59:36+00:00,45.949802,12.186754,26975,185,,False
1780225178,2026-05-31T10:59:38+00:00,45.948387,12.184668,26975,188,,False
1780225180,2026-05-31T10:59:40+00:00,45.947083,12.183075,26975,183,,False
1780225182,2026-05-31T10:59:42+00:00,45.945679,12.181335,26975,188,,False
1780225184,2026-05-31T10:59:44+00:00,45.944374,12.179914,26975,184,,False
1780225186,2026-05-31T10:59:46+00:00,45.942692,12.178295,26975,192,,False
1780225189,2026-05-31T10:59:49+00:00,45.940842,12.176894,26975,191,,False
1780225191,2026-05-31T10:59:51+00:00,45.93932,12.17571,26975,187,,False
1780225193,2026-05-31T10:59:53+00:00,45.937508,12.17454,26975,189,,False
1780225195,2026-05-31T10:59:55+00:00,45.935635,12.173606,26975,194,,False
1780225198,2026-05-31T10:59:58+00:00,45.933807,12.172818,26975,196,,False
1780225200,2026-05-31T11:00:00+00:00,45.931553,12.172092,26950,193,,False
1780225202,2026-05-31T11:00:02+00:00,45.929497,12.171613,26950,197,,False
1780225204,2026-05-31T11:00:04+00:00,45.927387,12.171316,26950,194,,False
1780225207,2026-05-31T11:00:07+00:00,45.925308,12.171172,26950,197,,False
1780225209,2026-05-31T11:00:09+00:00,45.923298,12.171165,26950,197,,False
1780225211,2026-05-31T11:00:11+00:00,45.921162,12.171316,26950,198,,False
1780225213,2026-05-31T11:00:13+00:00,45.919342,12.171706,26950,198,,False
1780225216,2026-05-31T11:00:16+00:00,45.917351,12.172193,26950,200,,False
1780225218,2026-05-31T11:00:18+00:00,45.914814,12.173064,26950,200,,False
1780225220,2026-05-31T11:00:20+00:00,45.912777,12.174006,26950,202,,False
1780225222,2026-05-31T11:00:22+00:00,45.910988,12.174924,26950,202,,False
1780225224,2026-05-31T11:00:24+00:00,45.909325,12.175988,26950,202,,False
1780225227,2026-05-31T11:00:27+00:00,45.907684,12.177156,26950,202,,False
1780225229,2026-05-31T11:00:29+00:00,45.905624,12.178788,26950,202,,False
1780225231,2026-05-31T11:00:31+00:00,45.904022,12.180322,26950,204,,False
1780225233,2026-05-31T11:00:33+00:00,45.902317,12.18211,26950,204,,False
1780225236,2026-05-31T11:00:36+00:00,45.900536,12.184243,26950,204,,False
1780225238,2026-05-31T11:00:38+00:00,45.899105,12.186378,26950,204,,False
1780225240,2026-05-31T11:00:40+00:00,45.897842,12.188583,26950,204,,False
1780225242,2026-05-31T11:00:42+00:00,45.896664,12.19087,26950,204,,False
1780225244,2026-05-31T11:00:44+00:00,45.895523,12.193564,26925,204,,False
1780225247,2026-05-31T11:00:47+00:00,45.894581,12.196422,26925,204,,False
1780225249,2026-05-31T11:00:49+00:00,45.893787,12.199222,26925,204,,False
1780225251,2026-05-31T11:00:51+00:00,45.89325,12.201729,26925,204,,False
1780225253,2026-05-31T11:00:53+00:00,45.892788,12.204557,26950,204,,False
1780225255,2026-05-31T11:00:55+00:00,45.892467,12.207454,26950,204,,False
1780225257,2026-05-31T11:00:57+00:00,45.892315,12.210311,26950,204,,False
1780225260,2026-05-31T11:01:00+00:00,45.892273,12.213762,26950,204,,False
1780225262,2026-05-31T11:01:02+00:00,45.892395,12.216067,26950,204,,False
1780225264,2026-05-31T11:01:04+00:00,45.8927,12.21891,26950,202,,False
1780225266,2026-05-31T11:01:06+00:00,45.89315,12.222179,26950,202,,False
1780225268,2026-05-31T11:01:08+00:00,45.893749,12.224466,26950,202,,False
1780225270,2026-05-31T11:01:10+00:00,45.894409,12.227005,26950,202,,False
1780225273,2026-05-31T11:01:13+00:00,45.895386,12.229922,26950,202,,False
1780225275,2026-05-31T11:01:15+00:00,45.896408,12.232577,26950,200,,False
1780225277,2026-05-31T11:01:17+00:00,45.897739,12.235192,26950,200,,False
1780225279,2026-05-31T11:01:19+00:00,45.898903,12.237248,26950,200,,False
1780225281,2026-05-31T11:01:21+00:00,45.900276,12.239292,26950,200,,False
1780225283,2026-05-31T11:01:23+00:00,45.901653,12.241012,26950,198,,False
1780225285,2026-05-31T11:01:25+00:00,45.903111,12.242496,26950,198,,False
1780225288,2026-05-31T11:01:28+00:00,45.904865,12.244494,26950,196,,False
1780225290,2026-05-31T11:01:30+00:00,45.906521,12.245577,26950,194,,False
1780225292,2026-05-31T11:01:32+00:00,45.908726,12.24705,26950,192,,False
1780225294,2026-05-31T11:01:34+00:00,45.909931,12.247531,26950,192,,False
1780225296,2026-05-31T11:01:36+00:00,45.911781,12.248144,26950,192,,False
1780225298,2026-05-31T11:01:38+00:00,45.913746,12.24865,26950,188,,False
1780225300,2026-05-31T11:01:40+00:00,45.915371,12.248928,26950,188,,False
1780225302,2026-05-31T11:01:42+00:00,45.917301,12.249047,26950,186,,False
1780225304,2026-05-31T11:01:44+00:00,45.918995,12.248888,26950,186,,False
1780225307,2026-05-31T11:01:47+00:00,45.920898,12.248426,26950,184,,False
1780225309,2026-05-31T11:01:49+00:00,45.922695,12.24776,26950,184,,False
1780225311,2026-05-31T11:01:51+00:00,45.924423,12.247018,26950,182,,False
1780225313,2026-05-31T11:01:53+00:00,45.926071,12.246046,26950,182,,False
1780225315,2026-05-31T11:01:55+00:00,45.927567,12.244948,26950,180,,False
1780225317,2026-05-31T11:01:57+00:00,45.929276,12.243694,26950,180,,False
1780225320,2026-05-31T11:02:00+00:00,45.930897,12.242559,26950,180,,False
1780225322,2026-05-31T11:02:02+00:00,45.932606,12.241561,26950,180,,False
1780225324,2026-05-31T11:02:04+00:00,45.934425,12.240696,26950,180,,False
1780225326,2026-05-31T11:02:06+00:00,45.935944,12.240083,26950,182,,False
1780225328,2026-05-31T11:02:08+00:00,45.937588,12.239469,26950,182,,False
1780225330,2026-05-31T11:02:10+00:00,45.939205,12.238951,26950,182,,False
1780225332,2026-05-31T11:02:12+00:00,45.940887,12.238528,26950,182,,False
1780225334,2026-05-31T11:02:14+00:00,45.942551,12.238161,26950,184,,False
1780225336,2026-05-31T11:02:16+00:00,45.944534,12.237886,26950,184,,False
1780225339,2026-05-31T11:02:19+00:00,45.946308,12.237802,26950,184,,False
1780225341,2026-05-31T11:02:21+00:00,45.948174,12.237659,26950,184,,False
1780225343,2026-05-31T11:02:23+00:00,45.95002,12.237625,26950,184,,False
1780225345,2026-05-31T11:02:25+00:00,45.951851,12.237739,26950,184,,False
1780225347,2026-05-31T11:02:27+00:00,45.953671,12.238023,26950,184,,False
1780225349,2026-05-31T11:02:29+00:00,45.955715,12.238052,26950,184,,False
1780225351,2026-05-31T11:02:31+00:00,45.957405,12.237747,26925,184,,False
1780225354,2026-05-31T11:02:34+00:00,45.959003,12.23734,26925,182,,False
1780225356,2026-05-31T11:02:36+00:00,45.960915,12.236753,26925,182,,False
1780225358,2026-05-31T11:02:38+00:00,45.962852,12.235702,26925,178,,False
1780225360,2026-05-31T11:02:40+00:00,45.964115,12.234901,26925,178,,False
1780225362,2026-05-31T11:02:42+00:00,45.965748,12.233799,26950,176,,False
1780225365,2026-05-31T11:02:45+00:00,45.967255,12.232442,26950,176,,False
1780225367,2026-05-31T11:02:47+00:00,45.968662,12.230893,26950,176,,False
1780225369,2026-05-31T11:02:49+00:00,45.970131,12.229156,26950,174,,False
1780225371,2026-05-31T11:02:51+00:00,45.971466,12.22723,26950,174,,False
1780225373,2026-05-31T11:02:53+00:00,45.972328,12.225586,26950,174,,False
1780225375,2026-05-31T11:02:55+00:00,45.973434,12.223567,26950,174,,False
1780225378,2026-05-31T11:02:58+00:00,45.974461,12.221203,26950,174,,False
1780225380,2026-05-31T11:03:00+00:00,45.975388,12.218665,26950,174,,False
1780225382,2026-05-31T11:03:02+00:00,45.976025,12.216708,26950,174,,False
1780225384,2026-05-31T11:03:04+00:00,45.976566,12.214137,26950,174,,False
1780225386,2026-05-31T11:03:06+00:00,45.976925,12.212087,26950,174,,False
1780225388,2026-05-31T11:03:08+00:00,45.977242,12.209733,26950,174,,False
1780225390,2026-05-31T11:03:10+00:00,45.977364,12.207292,26950,174,,False
1780225392,2026-05-31T11:03:12+00:00,45.977383,12.205049,26975,174,,False
1780225395,2026-05-31T11:03:15+00:00,45.977345,12.202543,26975,174,,False
1780225397,2026-05-31T11:03:17+00:00,45.977158,12.200103,26975,174,,False
1780225399,2026-05-31T11:03:19+00:00,45.976906,12.197764,26975,174,,False
1780225401,2026-05-31T11:03:21+00:00,45.976379,12.195031,26950,179,,False
1780225403,2026-05-31T11:03:23+00:00,45.975777,12.192417,26950,181,,False
1780225405,2026-05-31T11:03:25+00:00,45.975075,12.19011,26950,179,,False
1780225408,2026-05-31T11:03:28+00:00,45.974247,12.188051,26950,179,,False
1780225410,2026-05-31T11:03:30+00:00,45.973209,12.185828,26950,176,,False
1780225412,2026-05-31T11:03:32+00:00,45.972061,12.183766,26950,178,,False
1780225414,2026-05-31T11:03:34+00:00,45.97102,12.181948,26950,177,,False
1780225416,2026-05-31T11:03:36+00:00,45.969753,12.180151,26950,185,,False
1780225418,2026-05-31T11:03:38+00:00,45.968338,12.178317,26950,182,,False
1780225420,2026-05-31T11:03:40+00:00,45.96701,12.176775,26950,180,,False
1780225422,2026-05-31T11:03:42+00:00,45.965397,12.175352,26950,184,,False
1780225425,2026-05-31T11:03:45+00:00,45.963638,12.174057,26950,180,,False
1780225427,2026-05-31T11:03:47+00:00,45.96207,12.173189,26950,185,,False
1780225429,2026-05-31T11:03:49+00:00,45.960289,12.172269,26950,189,,False
1780225431,2026-05-31T11:03:51+00:00,45.958572,12.171603,26925,186,,False
1780225433,2026-05-31T11:03:53+00:00,45.956825,12.171095,26925,180,,False
1780225435,2026-05-31T11:03:55+00:00,45.955112,12.170732,26925,186,,False
1780225438,2026-05-31T11:03:58+00:00,45.953068,12.170602,26925,186,,False
1780225440,2026-05-31T11:04:00+00:00,45.951237,12.170615,26925,181,,False
1780225442,2026-05-31T11:04:02+00:00,45.949375,12.170837,26925,184,,False
1780225444,2026-05-31T11:04:04+00:00,45.947472,12.171252,26950,192,,False
1780225446,2026-05-31T11:04:06+00:00,45.945446,12.171954,26950,192,,False
1780225448,2026-05-31T11:04:08+00:00,45.943901,12.172652,26950,192,,False
1780225450,2026-05-31T11:04:10+00:00,45.941879,12.173814,26950,194,,False
1780225453,2026-05-31T11:04:13+00:00,45.940132,12.174844,26950,194,,False
1780225455,2026-05-31T11:04:15+00:00,45.938389,12.176127,26950,194,,False
1780225457,2026-05-31T11:04:17+00:00,45.936932,12.177709,26950,196,,False
1780225459,2026-05-31T11:04:19+00:00,45.935284,12.179381,26950,196,,False
1780225461,2026-05-31T11:04:21+00:00,45.933868,12.18118,26950,196,,False
1780225463,2026-05-31T11:04:23+00:00,45.932629,12.182988,26950,196,,False
1780225465,2026-05-31T11:04:25+00:00,45.931313,12.185036,26950,196,,False
1780225467,2026-05-31T11:04:27+00:00,45.930119,12.187031,26950,196,,False
1780225469,2026-05-31T11:04:29+00:00,45.928989,12.189528,26950,196,,False
1780225471,2026-05-31T11:04:31+00:00,45.928131,12.191499,26950,196,,False
1780225474,2026-05-31T11:04:34+00:00,45.927242,12.193795,26950,196,,False
1780225476,2026-05-31T11:04:36+00:00,45.926365,12.19663,26950,196,,False
1780225478,2026-05-31T11:04:38+00:00,45.92572,12.199263,26950,196,,False
1780225480,2026-05-31T11:04:40+00:00,45.925209,12.201949,26950,196,,False
1780225482,2026-05-31T11:04:42+00:00,45.92469,12.205139,26950,196,,False
1780225484,2026-05-31T11:04:44+00:00,45.924461,12.207423,26950,196,,False
1780225486,2026-05-31T11:04:46+00:00,45.924366,12.210065,26950,196,,False
1780225488,2026-05-31T11:04:48+00:00,45.924301,12.212907,26950,196,,False
1780225490,2026-05-31T11:04:50+00:00,45.924393,12.215549,26950,196,,False
1780225492,2026-05-31T11:04:52+00:00,45.924587,12.218239,26950,196,,False
1780225495,2026-05-31T11:04:55+00:00,45.924934,12.220706,26950,196,,False
1780225497,2026-05-31T11:04:57+00:00,45.92548,12.224211,26950,194,,False
1780225499,2026-05-31T11:04:59+00:00,45.926075,12.226464,26950,194,,False
1780225501,2026-05-31T11:05:01+00:00,45.926758,12.229033,26950,194,,False
1780225503,2026-05-31T11:05:03+00:00,45.927601,12.231381,26950,194,,False
1780225505,2026-05-31T11:05:05+00:00,45.928543,12.233749,26950,192,,False
1780225507,2026-05-31T11:05:07+00:00,45.929543,12.23605,26950,192,,False
1780225509,2026-05-31T11:05:09+00:00,45.930714,12.238307,26950,190,,False
1780225512,2026-05-31T11:05:12+00:00,45.932045,12.240485,26950,190,,False
1780225514,2026-05-31T11:05:14+00:00,45.933308,12.242301,26950,190,,False
1780225516,2026-05-31T11:05:16+00:00,45.934719,12.244136,26975,190,,False
1780225518,2026-05-31T11:05:18+00:00,45.935913,12.245861,26975,190,,False
1780225520,2026-05-31T11:05:20+00:00,45.937347,12.247947,26975,190,,False
1780225523,2026-05-31T11:05:23+00:00,45.938622,12.249937,26950,190,,False
1780225525,2026-05-31T11:05:25+00:00,45.940155,12.251996,26950,192,,False
1780225527,2026-05-31T11:05:27+00:00,45.941612,12.253963,26950,192,,False
1780225529,2026-05-31T11:05:29+00:00,45.942822,12.255876,26950,192,,False
1780225531,2026-05-31T11:05:31+00:00,45.944046,12.25778,26950,192,,False
1780225533,2026-05-31T11:05:33+00:00,45.945324,12.2596,26950,192,,False
1780225536,2026-05-31T11:05:36+00:00,45.946907,12.261698,26950,192,,False
1780225538,2026-05-31T11:05:38+00:00,45.948238,12.263659,26950,192,,False
1780225540,2026-05-31T11:05:40+00:00,45.949738,12.265721,26950,192,,False
1780225542,2026-05-31T11:05:42+00:00,45.951031,12.267585,26950,192,,False
1780225545,2026-05-31T11:05:45+00:00,45.952366,12.269458,26950,192,,False
1780225547,2026-05-31T11:05:47+00:00,45.954117,12.271282,26950,190,,False
1780225549,2026-05-31T11:05:49+00:00,45.955765,12.272797,26950,190,,False
1780225551,2026-05-31T11:05:51+00:00,45.957603,12.273964,26950,188,,False
1780225553,2026-05-31T11:05:53+00:00,45.959038,12.275166,26950,188,,False
1780225555,2026-05-31T11:05:55+00:00,45.960743,12.276211,26950,186,,False
1780225558,2026-05-31T11:05:58+00:00,45.962769,12.277408,26950,186,,False
1780225560,2026-05-31T11:06:00+00:00,45.964096,12.278173,26950,186,,False
1780225562,2026-05-31T11:06:02+00:00,45.966,12.27859,26950,184,,False
1780225564,2026-05-31T11:06:04+00:00,45.967785,12.279022,26950,184,,False
1780225566,2026-05-31T11:06:06+00:00,45.969688,12.279398,26950,184,,False
1780225568,2026-05-31T11:06:08+00:00,45.971344,12.279532,26950,182,,False
1780225570,2026-05-31T11:06:10+00:00,45.973392,12.279448,26950,182,,False
1780225572,2026-05-31T11:06:12+00:00,45.974854,12.279531,26950,180,,False
1780225575,2026-05-31T11:06:15+00:00,45.976509,12.279311,26950,180,,False
1780225577,2026-05-31T11:06:17+00:00,45.978569,12.27876,26950,180,,False
1780225579,2026-05-31T11:06:19+00:00,45.980385,12.278112,26950,178,,False
1780225581,2026-05-31T11:06:21+00:00,45.982071,12.277315,26950,178,,False
1780225583,2026-05-31T11:06:23+00:00,45.983982,12.276254,26950,178,,False
1780225586,2026-05-31T11:06:26+00:00,45.985336,12.275479,26950,176,,False
1780225588,2026-05-31T11:06:28+00:00,45.986969,12.274338,26950,176,,False
1780225590,2026-05-31T11:06:30+00:00,45.988392,12.273246,26950,174,,False
1780225592,2026-05-31T11:06:32+00:00,45.989876,12.27181,26950,174,,False
1780225594,2026-05-31T11:06:34+00:00,45.991142,12.270384,26950,174,,False
1780225596,2026-05-31T11:06:36+00:00,45.992428,12.268933,26950,172,,False
1780225598,2026-05-31T11:06:38+00:00,45.993729,12.267088,26950,172,,False
1780225600,2026-05-31T11:06:40+00:00,45.994728,12.265551,26950,172,,False
1780225602,2026-05-31T11:06:42+00:00,45.995834,12.263601,26950,172,,False
1780225604,2026-05-31T11:06:44+00:00,45.996895,12.261668,26950,172,,False
1780225607,2026-05-31T11:06:47+00:00,45.997967,12.259504,26950,172,,False
1780225609,2026-05-31T11:06:49+00:00,45.998806,12.257311,26950,174,,False
1780225611,2026-05-31T11:06:51+00:00,45.999496,12.255201,26950,174,,False
1780225613,2026-05-31T11:06:53+00:00,46.000179,12.252758,26950,174,,False
1780225615,2026-05-31T11:06:55+00:00,46.000622,12.250767,26950,172,,False
1780225618,2026-05-31T11:06:58+00:00,46.001137,12.248371,26950,172,,False
1780225620,2026-05-31T11:07:00+00:00,46.00161,12.245482,26975,172,,False
1780225622,2026-05-31T11:07:02+00:00,46.001839,12.242888,26950,172,,False
1780225624,2026-05-31T11:07:04+00:00,46.002014,12.239977,26950,172,,False
1780225626,2026-05-31T11:07:06+00:00,46.002045,12.237914,26950,172,,False
1780225629,2026-05-31T11:07:09+00:00,46.00185,12.235567,26950,172,,False
1780225631,2026-05-31T11:07:11+00:00,46.001778,12.232531,26950,172,,False
1780225633,2026-05-31T11:07:13+00:00,46.001362,12.230107,26950,183,,False
1780225636,2026-05-31T11:07:16+00:00,46.000847,12.227617,26950,178,,False
1780225638,2026-05-31T11:07:18+00:00,45.999958,12.224788,26950,181,,False
1780225640,2026-05-31T11:07:20+00:00,45.998875,12.223059,26950,177,,False
1780225642,2026-05-31T11:07:22+00:00,45.997791,12.221072,26950,177,,False
1780225645,2026-05-31T11:07:25+00:00,45.996544,12.218959,26950,176,,False
1780225647,2026-05-31T11:07:27+00:00,45.995361,12.217111,26950,181,,False
1780225649,2026-05-31T11:07:29+00:00,45.993927,12.215333,26950,182,,False
1780225651,2026-05-31T11:07:31+00:00,45.992348,12.213846,26950,181,,False
1780225653,2026-05-31T11:07:33+00:00,45.990543,12.212758,26950,184,,False
1780225656,2026-05-31T11:07:36+00:00,45.988728,12.211505,26950,182,,False
1780225658,2026-05-31T11:07:38+00:00,45.986782,12.210655,26950,187,,False
1780225660,2026-05-31T11:07:40+00:00,45.984905,12.210005,26950,184,,False
1780225662,2026-05-31T11:07:42+00:00,45.983208,12.209781,26950,176,,False
1780225664,2026-05-31T11:07:44+00:00,45.981361,12.209629,26950,190,,False
1780225666,2026-05-31T11:07:46+00:00,45.979527,12.209812,26950,190,,False
1780225669,2026-05-31T11:07:49+00:00,45.977654,12.210216,26950,192,,False
1780225671,2026-05-31T11:07:51+00:00,45.975769,12.210825,26950,192,,False
1780225673,2026-05-31T11:07:53+00:00,45.973633,12.21182,26950,194,,False
1780225675,2026-05-31T11:07:55+00:00,45.972084,12.212767,26950,194,,False
1780225677,2026-05-31T11:07:57+00:00,45.970425,12.213964,26975,194,,False
1780225679,2026-05-31T11:07:59+00:00,45.968842,12.215471,26975,196,,False
1780225681,2026-05-31T11:08:01+00:00,45.967232,12.217061,26975,196,,False
1780225684,2026-05-31T11:08:04+00:00,45.965668,12.219011,26950,198,,False
1780225686,2026-05-31T11:08:06+00:00,45.96431,12.2211,26950,198,,False
1780225688,2026-05-31T11:08:08+00:00,45.96315,12.223088,26950,200,,False
1780225690,2026-05-31T11:08:10+00:00,45.961983,12.225656,26950,200,,False
1780225692,2026-05-31T11:08:12+00:00,45.961044,12.227982,26950,200,,False
1780225695,2026-05-31T11:08:15+00:00,45.960018,12.231046,26950,200,,False
1780225697,2026-05-31T11:08:17+00:00,45.959381,12.233122,26975,200,,False
1780225699,2026-05-31T11:08:19+00:00,45.958351,12.235959,26950,200,,False
1780225701,2026-05-31T11:08:21+00:00,45.957413,12.238338,26950,200,,False
1780225704,2026-05-31T11:08:24+00:00,45.956352,12.241077,26950,202,,False
1780225706,2026-05-31T11:08:26+00:00,45.955311,12.243902,26950,202,,False
1780225708,2026-05-31T11:08:28+00:00,45.95438,12.246379,26925,202,,False
1780225710,2026-05-31T11:08:30+00:00,45.95343,12.248876,26925,202,,False
1780225712,2026-05-31T11:08:32+00:00,45.952587,12.251153,26925,202,,False
1780225714,2026-05-31T11:08:34+00:00,45.951588,12.25377,26925,202,,False
1780225716,2026-05-31T11:08:36+00:00,45.950706,12.255953,26925,202,,False
1780225718,2026-05-31T11:08:38+00:00,45.949684,12.258635,26925,202,,False
1780225720,2026-05-31T11:08:40+00:00,45.948761,12.26087,26925,202,,False
1780225722,2026-05-31T11:08:42+00:00,45.947819,12.263288,26925,202,,False
1780225724,2026-05-31T11:08:44+00:00,45.946739,12.265855,26925,202,,False
1780225727,2026-05-31T11:08:47+00:00,45.945728,12.268338,26925,202,,False
1780225729,2026-05-31T11:08:49+00:00,45.944679,12.27086,26925,202,,False
1780225735,2026-05-31T11:08:55+00:00,45.941563,12.278382,26925,202,,False
1780225737,2026-05-31T11:08:57+00:00,45.940536,12.280807,26925,204,,False
1780225740,2026-05-31T11:09:00+00:00,45.939323,12.283644,26925,204,,False
1780225742,2026-05-31T11:09:02+00:00,45.93845,12.286192,26925,204,,False
1780225744,2026-05-31T11:09:04+00:00,45.937748,12.288616,26925,204,,False
1780225746,2026-05-31T11:09:06+00:00,45.937069,12.291342,26925,202,,False
1780225748,2026-05-31T11:09:08+00:00,45.93663,12.294024,26925,202,,False
1780225750,2026-05-31T11:09:10+00:00,45.936226,12.296543,26925,202,,False
1780225752,2026-05-31T11:09:12+00:00,45.935848,12.299864,26925,202,,False
1780225755,2026-05-31T11:09:15+00:00,45.935719,12.302328,26950,200,,False
1780225757,2026-05-31T11:09:17+00:00,45.93568,12.305291,26950,200,,False
1780225759,2026-05-31T11:09:19+00:00,45.935768,12.308037,26950,198,,False
1780225761,2026-05-31T11:09:21+00:00,45.936073,12.311094,26950,198,,False
1780225763,2026-05-31T11:09:23+00:00,45.936279,12.314172,26950,198,,False
1780225765,2026-05-31T11:09:25+00:00,45.936745,12.316428,26950,196,,False
1780225767,2026-05-31T11:09:27+00:00,45.937393,12.319145,26950,196,,False
1780225770,2026-05-31T11:09:30+00:00,45.938232,12.322064,26950,196,,False
1780225772,2026-05-31T11:09:32+00:00,45.938862,12.324336,26950,194,,False
1780225774,2026-05-31T11:09:34+00:00,45.939934,12.326833,26950,194,,False
1780225776,2026-05-31T11:09:36+00:00,45.940872,12.329079,26950,192,,False
1780225778,2026-05-31T11:09:38+00:00,45.941887,12.331323,26950,192,,False
1780225780,2026-05-31T11:09:40+00:00,45.94315,12.333391,26950,190,,False
1780225782,2026-05-31T11:09:42+00:00,45.944248,12.335299,26950,190,,False
1780225785,2026-05-31T11:09:45+00:00,45.945728,12.337275,26950,188,,False
1780225787,2026-05-31T11:09:47+00:00,45.947453,12.339038,26950,186,,False
1780225789,2026-05-31T11:09:49+00:00,45.949139,12.340433,26950,186,,False
1780225791,2026-05-31T11:09:51+00:00,45.950478,12.34183,26950,184,,False
1780225793,2026-05-31T11:09:53+00:00,45.952042,12.343079,26950,184,,False
1780225795,2026-05-31T11:09:55+00:00,45.953739,12.343967,26950,182,,False
1780225798,2026-05-31T11:09:58+00:00,45.955486,12.344976,26950,182,,False
1780225800,2026-05-31T11:10:00+00:00,45.957176,12.345493,26950,182,,False
1780225802,2026-05-31T11:10:02+00:00,45.959049,12.346078,26950,180,,False
1780225804,2026-05-31T11:10:04+00:00,45.96125,12.346306,26950,178,,False
1780225806,2026-05-31T11:10:06+00:00,45.962563,12.346353,26950,178,,False
1780225808,2026-05-31T11:10:08+00:00,45.964272,12.346401,26950,176,,False
1780225810,2026-05-31T11:10:10+00:00,45.965912,12.346176,26950,176,,False
1780225812,2026-05-31T11:10:12+00:00,45.967613,12.34595,26975,174,,False
1780225814,2026-05-31T11:10:14+00:00,45.969234,12.34533,26975,174,,False
1780225817,2026-05-31T11:10:17+00:00,45.970959,12.344541,26975,172,,False
1780225819,2026-05-31T11:10:19+00:00,45.97242,12.343639,26975,172,,False
1780225821,2026-05-31T11:10:21+00:00,45.973949,12.342616,26975,172,,False
1780225823,2026-05-31T11:10:23+00:00,45.975384,12.341452,26975,170,,False
1780225825,2026-05-31T11:10:25+00:00,45.976955,12.339919,26975,170,,False
1780225827,2026-05-31T11:10:27+00:00,45.978199,12.338536,26975,170,,False
1780225829,2026-05-31T11:10:29+00:00,45.979412,12.337027,26975,170,,False
1780225831,2026-05-31T11:10:31+00:00,45.980583,12.335096,26975,170,,False
1780225834,2026-05-31T11:10:34+00:00,45.981548,12.333404,26975,170,,False
1780225836,2026-05-31T11:10:36+00:00,45.982616,12.331169,26975,170,,False
1780225838,2026-05-31T11:10:38+00:00,45.983364,12.329149,26975,170,,False
1780225840,2026-05-31T11:10:40+00:00,45.984154,12.326846,26975,170,,False
1780225842,2026-05-31T11:10:42+00:00,45.984726,12.324822,26975,170,,False
1780225844,2026-05-31T11:10:44+00:00,45.985306,12.322192,26975,172,,False
1780225846,2026-05-31T11:10:46+00:00,45.985668,12.32001,26975,172,,False
1780225849,2026-05-31T11:10:49+00:00,45.985886,12.317699,26975,172,,False
1780225851,2026-05-31T11:10:51+00:00,45.986008,12.314789,26975,172,,False
1780225853,2026-05-31T11:10:53+00:00,45.986038,12.312829,26975,172,,False
1780225855,2026-05-31T11:10:55+00:00,45.986019,12.31006,26975,172,,False
1780225858,2026-05-31T11:10:58+00:00,45.985619,12.307207,26950,172,,False
1780225860,2026-05-31T11:11:00+00:00,45.985149,12.304726,26950,172,,False
1780225862,2026-05-31T11:11:02+00:00,45.984699,12.302143,26950,177,,False
1780225864,2026-05-31T11:11:04+00:00,45.98418,12.300088,26950,179,,False
1780225866,2026-05-31T11:11:06+00:00,45.983364,12.297755,26950,180,,False
1780225869,2026-05-31T11:11:09+00:00,45.982468,12.295356,26950,178,,False
1780225871,2026-05-31T11:11:11+00:00,45.981323,12.292709,26950,179,,False
1780225873,2026-05-31T11:11:13+00:00,45.980335,12.290619,26975,179,,False
1780225876,2026-05-31T11:11:16+00:00,45.979397,12.288554,26950,178,,False
1780225878,2026-05-31T11:11:18+00:00,45.978333,12.286177,26950,178,,False
1780225880,2026-05-31T11:11:20+00:00,45.97723,12.284233,26950,179,,False
1780225882,2026-05-31T11:11:22+00:00,45.976097,12.281764,26925,179,,False
1780225884,2026-05-31T11:11:24+00:00,45.975063,12.279528,26925,179,,False
1780225887,2026-05-31T11:11:27+00:00,45.97422,12.27738,26925,180,,False
1780225889,2026-05-31T11:11:29+00:00,45.973125,12.275111,26925,182,,False
1780225891,2026-05-31T11:11:31+00:00,45.97224,12.272996,26925,184,,False
1780225893,2026-05-31T11:11:33+00:00,45.97123,12.271008,26925,183,,False
1780225895,2026-05-31T11:11:35+00:00,45.97031,12.268924,26925,181,,False
1780225897,2026-05-31T11:11:37+00:00,45.969318,12.266896,26925,183,,False
1780225899,2026-05-31T11:11:39+00:00,45.968403,12.264851,26925,180,,False
1780225901,2026-05-31T11:11:41+00:00,45.967327,12.262693,26925,182,,False
1780225903,2026-05-31T11:11:43+00:00,45.966305,12.260551,26925,182,,False
1780225905,2026-05-31T11:11:45+00:00,45.965347,12.258304,26925,182,,False
1780225908,2026-05-31T11:11:48+00:00,45.964222,12.256104,26925,187,,False
1780225910,2026-05-31T11:11:50+00:00,45.963051,12.253729,26925,188,,False
1780225912,2026-05-31T11:11:52+00:00,45.962154,12.251581,26925,188,,False
1780225914,2026-05-31T11:11:54+00:00,45.960979,12.249445,26925,186,,False
1780225916,2026-05-31T11:11:56+00:00,45.959908,12.247375,26925,186,,False
1780225918,2026-05-31T11:11:58+00:00,45.958683,12.245203,26925,188,,False
1780225921,2026-05-31T11:12:01+00:00,45.957069,12.243361,26925,193,,False
1780225923,2026-05-31T11:12:03+00:00,45.955868,12.241567,26925,185,,False
1780225925,2026-05-31T11:12:05+00:00,45.954258,12.240186,26925,192,,False
1780225927,2026-05-31T11:12:07+00:00,45.952667,12.238957,26950,191,,False
1780225929,2026-05-31T11:12:09+00:00,45.950661,12.237531,26950,193,,False
1780225932,2026-05-31T11:12:12+00:00,45.948963,12.236431,26950,191,,False
1780225934,2026-05-31T11:12:14+00:00,45.946373,12.235354,26950,194,,False
1780225936,2026-05-31T11:12:16+00:00,45.944458,12.234803,26950,191,,False
1780225939,2026-05-31T11:12:19+00:00,45.942776,12.234333,26950,186,,False
1780225941,2026-05-31T11:12:21+00:00,45.940918,12.234217,26950,193,,False
1780225943,2026-05-31T11:12:23+00:00,45.939014,12.234249,26950,196,,False
1780225945,2026-05-31T11:12:25+00:00,45.936768,12.234433,26950,198,,False
1780225948,2026-05-31T11:12:28+00:00,45.934795,12.234822,26950,200,,False
1780225950,2026-05-31T11:12:30+00:00,45.932713,12.235481,26950,200,,False
1780225952,2026-05-31T11:12:32+00:00,45.930573,12.236374,26950,202,,False
1780225954,2026-05-31T11:12:34+00:00,45.928581,12.237433,26950,204,,False
1780225956,2026-05-31T11:12:36+00:00,45.926987,12.238473,26975,204,,False
1780225958,2026-05-31T11:12:38+00:00,45.925148,12.23996,26975,206,,False
1780225960,2026-05-31T11:12:40+00:00,45.923222,12.24163,26975,206,,False
1780225963,2026-05-31T11:12:43+00:00,45.92178,12.243026,26975,206,,False
1780225965,2026-05-31T11:12:45+00:00,45.920059,12.244981,26975,206,,False
1780225967,2026-05-31T11:12:47+00:00,45.918644,12.246949,26975,208,,False
1780225969,2026-05-31T11:12:49+00:00,45.917213,12.24914,26975,208,,False
1780225971,2026-05-31T11:12:51+00:00,45.915882,12.25144,26975,208,,False
1780225973,2026-05-31T11:12:53+00:00,45.914734,12.253889,26975,208,,False
1780225975,2026-05-31T11:12:55+00:00,45.913639,12.25624,26975,210,,False
1780225978,2026-05-31T11:12:58+00:00,45.912498,12.25916,26950,210,,False
1780225980,2026-05-31T11:13:00+00:00,45.911705,12.261806,26950,210,,False
1780225982,2026-05-31T11:13:02+00:00,45.910805,12.265109,26950,210,,False
1780225984,2026-05-31T11:13:04+00:00,45.910141,12.268343,26950,210,,False
1780225986,2026-05-31T11:13:06+00:00,45.90987,12.270284,26950,210,,False
1780225989,2026-05-31T11:13:09+00:00,45.909477,12.273644,26950,210,,False
1780225991,2026-05-31T11:13:11+00:00,45.909302,12.27613,26950,208,,False
1780225993,2026-05-31T11:13:13+00:00,45.909222,12.279601,26950,208,,False
1780225995,2026-05-31T11:13:15+00:00,45.909286,12.282396,26950,208,,False
1780225997,2026-05-31T11:13:17+00:00,45.909466,12.285466,26950,208,,False
1780225999,2026-05-31T11:13:19+00:00,45.909786,12.288186,26950,206,,False
1780226002,2026-05-31T11:13:22+00:00,45.910316,12.291487,26950,206,,False
1780226004,2026-05-31T11:13:24+00:00,45.910954,12.294681,26950,206,,False
1780226006,2026-05-31T11:13:26+00:00,45.911655,12.296873,26950,204,,False
1780226008,2026-05-31T11:13:28+00:00,45.912521,12.299699,26950,204,,False
1780226010,2026-05-31T11:13:30+00:00,45.913509,12.302144,26950,202,,False
1780226013,2026-05-31T11:13:33+00:00,45.914867,12.305162,26950,202,,False
1780226015,2026-05-31T11:13:35+00:00,45.915997,12.307477,26950,200,,False
1780226017,2026-05-31T11:13:37+00:00,45.917183,12.309456,26950,198,,False
1780226019,2026-05-31T11:13:39+00:00,45.91856,12.31168,26950,198,,False
1780226022,2026-05-31T11:13:42+00:00,45.920113,12.313433,26950,196,,False
1780226024,2026-05-31T11:13:44+00:00,45.921799,12.315192,26950,196,,False
1780226026,2026-05-31T11:13:46+00:00,45.923512,12.316804,26950,194,,False
1780226028,2026-05-31T11:13:48+00:00,45.925552,12.318295,26950,194,,False
1780226030,2026-05-31T11:13:50+00:00,45.926868,12.319133,26950,192,,False
1780226033,2026-05-31T11:13:53+00:00,45.928902,12.320252,26950,192,,False
1780226035,2026-05-31T11:13:55+00:00,45.930721,12.320949,26950,188,,False
1780226037,2026-05-31T11:13:57+00:00,45.932537,12.321356,26950,188,,False
1780226039,2026-05-31T11:13:59+00:00,45.934357,12.321749,26950,186,,False
1780226041,2026-05-31T11:14:01+00:00,45.936039,12.32194,26950,186,,False
1780226043,2026-05-31T11:14:03+00:00,45.937885,12.322099,26950,184,,False
1780226046,2026-05-31T11:14:06+00:00,45.939922,12.321575,26950,184,,False
1780226048,2026-05-31T11:14:08+00:00,45.941765,12.321159,26950,184,,False
1780226050,2026-05-31T11:14:10+00:00,45.943382,12.320673,26950,182,,False
1780226052,2026-05-31T11:14:12+00:00,45.945183,12.319966,26950,182,,False
1780226054,2026-05-31T11:14:14+00:00,45.946777,12.319388,26950,182,,False
1780226056,2026-05-31T11:14:16+00:00,45.948479,12.318752,26950,182,,False
1780226058,2026-05-31T11:14:18+00:00,45.950218,12.318193,26950,182,,False
1780226060,2026-05-31T11:14:20+00:00,45.951981,12.317531,26950,182,,False
1780226062,2026-05-31T11:14:22+00:00,45.953671,12.316977,26950,182,,False
1780226064,2026-05-31T11:14:24+00:00,45.955265,12.316518,26950,184,,False
1780226066,2026-05-31T11:14:26+00:00,45.956966,12.315926,26950,184,,False
1780226069,2026-05-31T11:14:29+00:00,45.958824,12.315323,26950,184,,False
1780226071,2026-05-31T11:14:31+00:00,45.960716,12.314748,26950,184,,False
1780226073,2026-05-31T11:14:33+00:00,45.962559,12.3142,26950,186,,False
1780226075,2026-05-31T11:14:35+00:00,45.964272,12.313658,26950,186,,False
1780226077,2026-05-31T11:14:37+00:00,45.966103,12.312963,26950,186,,False
1780226079,2026-05-31T11:14:39+00:00,45.967976,12.312375,26950,186,,False
1780226082,2026-05-31T11:14:42+00:00,45.969673,12.31191,26950,186,,False
1780226084,2026-05-31T11:14:44+00:00,45.971786,12.311317,26950,186,,False
1780226086,2026-05-31T11:14:46+00:00,45.973637,12.310694,26950,188,,False
1780226088,2026-05-31T11:14:48+00:00,45.975128,12.31023,26950,188,,False
1780226090,2026-05-31T11:14:50+00:00,45.976791,12.309852,26950,188,,False
1780226092,2026-05-31T11:14:52+00:00,45.978512,12.309299,26950,188,,False
1780226094,2026-05-31T11:14:54+00:00,45.980247,12.30864,26950,188,,False
1780226096,2026-05-31T11:14:56+00:00,45.982124,12.308123,26950,188,,False
1780226098,2026-05-31T11:14:58+00:00,45.983898,12.307615,26950,188,,False
1780226101,2026-05-31T11:15:01+00:00,45.985889,12.307014,26925,188,,False
1780226103,2026-05-31T11:15:03+00:00,45.987846,12.306274,26925,188,,False
1780226105,2026-05-31T11:15:05+00:00,45.989132,12.305528,26925,186,,False
1780226107,2026-05-31T11:15:07+00:00,45.990749,12.304336,26950,186,,False
1780226109,2026-05-31T11:15:09+00:00,45.992489,12.303108,26950,186,,False
1780226111,2026-05-31T11:15:11+00:00,45.994106,12.301708,26950,186,,False
1780226113,2026-05-31T11:15:13+00:00,45.995857,12.299964,26950,184,,False
1780226116,2026-05-31T11:15:16+00:00,45.997364,12.298223,26950,184,,False
1780226118,2026-05-31T11:15:18+00:00,45.998478,12.296768,26950,184,,False
1780226120,2026-05-31T11:15:20+00:00,45.999786,12.294683,26975,184,,False
1780226122,2026-05-31T11:15:22+00:00,46.000809,12.292639,26975,182,,False
1780226124,2026-05-31T11:15:24+00:00,46.001831,12.290436,26975,182,,False
1780226126,2026-05-31T11:15:26+00:00,46.002529,12.28813,26975,184,,False
1780226128,2026-05-31T11:15:28+00:00,46.003132,12.285864,26975,184,,False
1780226131,2026-05-31T11:15:31+00:00,46.003666,12.283372,26975,184,,False
1780226133,2026-05-31T11:15:33+00:00,46.004055,12.280642,26975,184,,False
1780226135,2026-05-31T11:15:35+00:00,46.004402,12.277933,26975,184,,False
1780226137,2026-05-31T11:15:37+00:00,46.00444,12.275602,26975,184,,False
1780226139,2026-05-31T11:15:39+00:00,46.00433,12.272977,26975,184,,False
1780226141,2026-05-31T11:15:41+00:00,46.004173,12.270492,26975,184,,False
1780226143,2026-05-31T11:15:43+00:00,46.00391,12.26784,26975,184,,False
1780226145,2026-05-31T11:15:45+00:00,46.003399,12.265179,26975,184,,False
1780226147,2026-05-31T11:15:47+00:00,46.002678,12.262613,26950,191,,False
1780226150,2026-05-31T11:15:50+00:00,46.001923,12.260269,26950,192,,False
1780226152,2026-05-31T11:15:52+00:00,46.001007,12.258098,26950,191,,False
1780226154,2026-05-31T11:15:54+00:00,45.999954,12.255847,26950,186,,False
1780226156,2026-05-31T11:15:56+00:00,45.998898,12.253803,26975,186,,False
1780226158,2026-05-31T11:15:58+00:00,45.997467,12.251834,26975,187,,False
1780226160,2026-05-31T11:16:00+00:00,45.995968,12.249897,26975,193,,False
1780226162,2026-05-31T11:16:02+00:00,45.994598,12.248224,26950,190,,False
1780226165,2026-05-31T11:16:05+00:00,45.992809,12.246735,26950,190,,False
1780226167,2026-05-31T11:16:07+00:00,45.991428,12.245286,26950,189,,False
1780226169,2026-05-31T11:16:09+00:00,45.989376,12.243958,26950,199,,False
1780226172,2026-05-31T11:16:12+00:00,45.98753,12.243269,26950,198,,False
1780226174,2026-05-31T11:16:14+00:00,45.985176,12.242522,26925,201,,False
1780226176,2026-05-31T11:16:16+00:00,45.983006,12.241999,26925,196,,False
1780226178,2026-05-31T11:16:18+00:00,45.980946,12.241886,26925,204,,False
1780226180,2026-05-31T11:16:20+00:00,45.979046,12.241888,26925,202,,False
1780226183,2026-05-31T11:16:23+00:00,45.977013,12.241929,26925,204,,False
1780226185,2026-05-31T11:16:25+00:00,45.974903,12.24265,26925,204,,False
1780226187,2026-05-31T11:16:27+00:00,45.972889,12.243233,26950,204,,False
1780226189,2026-05-31T11:16:29+00:00,45.971092,12.244076,26950,206,,False
1780226191,2026-05-31T11:16:31+00:00,45.969189,12.245206,26950,206,,False
1780226194,2026-05-31T11:16:34+00:00,45.96711,12.246634,26950,206,,False
1780226196,2026-05-31T11:16:36+00:00,45.965492,12.248085,26950,208,,False
1780226198,2026-05-31T11:16:38+00:00,45.963203,12.250243,26950,210,,False
1780226200,2026-05-31T11:16:40+00:00,45.961712,12.252263,26950,210,,False
1780226203,2026-05-31T11:16:43+00:00,45.960258,12.254323,26950,210,,False
1780226205,2026-05-31T11:16:45+00:00,45.95871,12.256881,26950,210,,False
1780226207,2026-05-31T11:16:47+00:00,45.95752,12.259179,26950,210,,False
1780226209,2026-05-31T11:16:49+00:00,45.956245,12.26184,26950,210,,False
1780226211,2026-05-31T11:16:51+00:00,45.955441,12.264338,26950,210,,False
1780226213,2026-05-31T11:16:53+00:00,45.95462,12.266867,26950,210,,False
1780226215,2026-05-31T11:16:55+00:00,45.953793,12.26973,26975,210,,False
1780226218,2026-05-31T11:16:58+00:00,45.952957,12.272587,26975,210,,False
1780226220,2026-05-31T11:17:00+00:00,45.951984,12.27582,26950,210,,False
1780226222,2026-05-31T11:17:02+00:00,45.951302,12.278113,26925,212,,False
1780226224,2026-05-31T11:17:04+00:00,45.950516,12.280708,26925,212,,False
1780226226,2026-05-31T11:17:06+00:00,45.949688,12.283271,26925,212,,False
1780226228,2026-05-31T11:17:08+00:00,45.948761,12.286337,26950,212,,False
1780226231,2026-05-31T11:17:11+00:00,45.947983,12.288877,26925,212,,False
1780226233,2026-05-31T11:17:13+00:00,45.947109,12.291774,26925,212,,False
1780226235,2026-05-31T11:17:15+00:00,45.946163,12.294824,26925,212,,False
1780226237,2026-05-31T11:17:17+00:00,45.945412,12.29741,26925,212,,False
1780226239,2026-05-31T11:17:19+00:00,45.944553,12.300204,26925,212,,False
1780226260,2026-05-31T11:17:40+00:00,45.936581,12.32779,26900,212,,False
1780226262,2026-05-31T11:17:42+00:00,45.936104,12.330647,26925,212,,False
1780226265,2026-05-31T11:17:45+00:00,45.935764,12.333709,26925,212,,False
1780226267,2026-05-31T11:17:47+00:00,45.935539,12.336542,26925,210,,False
1780226269,2026-05-31T11:17:49+00:00,45.935394,12.339238,26925,210,,False
1780226271,2026-05-31T11:17:51+00:00,45.935417,12.342435,26925,210,,False
1780226273,2026-05-31T11:17:53+00:00,45.935486,12.34515,26925,208,,False
1780226275,2026-05-31T11:17:55+00:00,45.935612,12.348126,26925,208,,False
1780226277,2026-05-31T11:17:57+00:00,45.935928,12.351147,26950,206,,False
1780226279,2026-05-31T11:17:59+00:00,45.936359,12.354141,26950,206,,False
1780226281,2026-05-31T11:18:01+00:00,45.936916,12.356813,26950,204,,False
1780226284,2026-05-31T11:18:04+00:00,45.937534,12.359442,26950,204,,False
1780226286,2026-05-31T11:18:06+00:00,45.93832,12.362135,26950,204,,False
1780226288,2026-05-31T11:18:08+00:00,45.939228,12.364717,26950,202,,False
1780226290,2026-05-31T11:18:10+00:00,45.940086,12.366995,26975,202,,False
1780226292,2026-05-31T11:18:12+00:00,45.94104,12.369392,26975,200,,False
1780226294,2026-05-31T11:18:14+00:00,45.942123,12.371628,26975,200,,False
1780226296,2026-05-31T11:18:16+00:00,45.943268,12.373772,26975,200,,False
1780226298,2026-05-31T11:18:18+00:00,45.944481,12.375762,26975,198,,False
1780226300,2026-05-31T11:18:20+00:00,45.945759,12.377873,26975,198,,False
1780226302,2026-05-31T11:18:22+00:00,45.947594,12.379908,26975,198,,False
1780226304,2026-05-31T11:18:24+00:00,45.94899,12.38125,26975,196,,False
1780226306,2026-05-31T11:18:26+00:00,45.950432,12.382925,26975,196,,False
1780226309,2026-05-31T11:18:29+00:00,45.952011,12.384303,26975,196,,False
1780226311,2026-05-31T11:18:31+00:00,45.953903,12.38576,26950,196,,False
1780226313,2026-05-31T11:18:33+00:00,45.955505,12.386847,26950,194,,False
1780226315,2026-05-31T11:18:35+00:00,45.95755,12.387998,26950,192,,False
1780226317,2026-05-31T11:18:37+00:00,45.959145,12.388639,26950,192,,False
1780226320,2026-05-31T11:18:40+00:00,45.961323,12.389482,26950,192,,False
1780226322,2026-05-31T11:18:42+00:00,45.963081,12.389935,26950,192,,False
1780226324,2026-05-31T11:18:44+00:00,45.964836,12.390259,26950,190,,False
1780226326,2026-05-31T11:18:46+00:00,45.96669,12.390576,26950,190,,False
1780226328,2026-05-31T11:18:48+00:00,45.968651,12.390607,26950,188,,False
1780226330,2026-05-31T11:18:50+00:00,45.970375,12.390526,26950,188,,False
1780226332,2026-05-31T11:18:52+00:00,45.972118,12.390115,26950,186,,False
1780226335,2026-05-31T11:18:55+00:00,45.974426,12.389583,26950,186,,False
1780226337,2026-05-31T11:18:57+00:00,45.975887,12.388973,26950,184,,False
1780226339,2026-05-31T11:18:59+00:00,45.977623,12.388157,26950,184,,False
1780226341,2026-05-31T11:19:01+00:00,45.979355,12.387204,26950,184,,False
1780226343,2026-05-31T11:19:03+00:00,45.980862,12.386144,26975,182,,False
1780226345,2026-05-31T11:19:05+00:00,45.982464,12.384939,26975,182,,False
1780226347,2026-05-31T11:19:07+00:00,45.984165,12.383395,26975,182,,False
1780226349,2026-05-31T11:19:09+00:00,45.985504,12.382015,26975,180,,False
1780226352,2026-05-31T11:19:12+00:00,45.986687,12.380456,26975,180,,False
1780226354,2026-05-31T11:19:14+00:00,45.988377,12.378284,26975,180,,False
1780226356,2026-05-31T11:19:16+00:00,45.98933,12.376781,26975,180,,False
1780226358,2026-05-31T11:19:18+00:00,45.990376,12.374925,26975,180,,False
1780226360,2026-05-31T11:19:20+00:00,45.991398,12.372927,26975,180,,False
1780226362,2026-05-31T11:19:22+00:00,45.992458,12.370698,26975,180,,False
1780226364,2026-05-31T11:19:24+00:00,45.993423,12.368199,26975,180,,False
1780226366,2026-05-31T11:19:26+00:00,45.993992,12.366326,26950,180,,False
1780226368,2026-05-31T11:19:28+00:00,45.994503,12.36399,26950,182,,False
1780226370,2026-05-31T11:19:30+00:00,45.995167,12.361302,26950,182,,False
1780226372,2026-05-31T11:19:32+00:00,45.995583,12.359128,26950,182,,False
1780226375,2026-05-31T11:19:35+00:00,45.995956,12.356648,26950,182,,False
1780226377,2026-05-31T11:19:37+00:00,45.996143,12.353766,26950,182,,False
1780226379,2026-05-31T11:19:39+00:00,45.996185,12.351415,26950,182,,False
1780226381,2026-05-31T11:19:41+00:00,45.99609,12.348944,26950,182,,False
1780226383,2026-05-31T11:19:43+00:00,45.996094,12.346329,26950,182,,False
1780226385,2026-05-31T11:19:45+00:00,45.995857,12.34388,26950,182,,False
1780226387,2026-05-31T11:19:47+00:00,45.995502,12.341088,26950,182,,False
1780226390,2026-05-31T11:19:50+00:00,45.994881,12.338049,26925,188,,False
1780226392,2026-05-31T11:19:52+00:00,45.994358,12.335828,26925,185,,False
1780226394,2026-05-31T11:19:54+00:00,45.993542,12.333186,26925,186,,False
1780226396,2026-05-31T11:19:56+00:00,45.992691,12.330688,26950,187,,False
1780226399,2026-05-31T11:19:59+00:00,45.991669,12.328395,26950,189,,False
1780226401,2026-05-31T11:20:01+00:00,45.990566,12.326239,26925,186,,False
1780226403,2026-05-31T11:20:03+00:00,45.989552,12.324241,26925,185,,False
1780226405,2026-05-31T11:20:05+00:00,45.988335,12.322325,26925,187,,False
1780226407,2026-05-31T11:20:07+00:00,45.987034,12.320172,26950,193,,False
1780226410,2026-05-31T11:20:10+00:00,45.98558,12.31809,26950,189,,False
1780226412,2026-05-31T11:20:12+00:00,45.983997,12.316481,26950,184,,False
1780226414,2026-05-31T11:20:14+00:00,45.98217,12.314705,26950,190,,False
1780226416,2026-05-31T11:20:16+00:00,45.980835,12.313516,26950,196,,False
1780226418,2026-05-31T11:20:18+00:00,45.979065,12.312222,26950,195,,False
1780226420,2026-05-31T11:20:20+00:00,45.977283,12.311033,26950,193,,False
1780226422,2026-05-31T11:20:22+00:00,45.975681,12.30996,26975,193,,False
1780226424,2026-05-31T11:20:24+00:00,45.973373,12.30931,26975,199,,False
1780226426,2026-05-31T11:20:26+00:00,45.971905,12.308627,26975,193,,False
1780226429,2026-05-31T11:20:29+00:00,45.9701,12.308087,26975,197,,False
1780226431,2026-05-31T11:20:31+00:00,45.96825,12.307924,26975,194,,False
1780226433,2026-05-31T11:20:33+00:00,45.966362,12.307495,26950,198,,False
1780226435,2026-05-31T11:20:35+00:00,45.964333,12.307469,26950,202,,False
1780226437,2026-05-31T11:20:37+00:00,45.962097,12.307811,26950,202,,False
1780226439,2026-05-31T11:20:39+00:00,45.960213,12.307986,26950,204,,False
1780226441,2026-05-31T11:20:41+00:00,45.958073,12.308459,26950,204,,False
1780226443,2026-05-31T11:20:43+00:00,45.956165,12.309053,26950,204,,False
1780226445,2026-05-31T11:20:45+00:00,45.954254,12.309692,26950,206,,False
1780226448,2026-05-31T11:20:48+00:00,45.952591,12.310604,26950,206,,False
1780226450,2026-05-31T11:20:50+00:00,45.950253,12.311997,26950,208,,False
1780226452,2026-05-31T11:20:52+00:00,45.948612,12.313105,26950,208,,False
1780226454,2026-05-31T11:20:54+00:00,45.9468,12.314604,26950,210,,False
1780226457,2026-05-31T11:20:57+00:00,45.944687,12.316521,26950,210,,False
1780226459,2026-05-31T11:20:59+00:00,45.943085,12.318233,26950,210,,False
1780226461,2026-05-31T11:21:01+00:00,45.941513,12.319808,26950,210,,False
1780226463,2026-05-31T11:21:03+00:00,45.939949,12.321905,26950,212,,False
1780226465,2026-05-31T11:21:05+00:00,45.938522,12.32392,26950,212,,False
1780226467,2026-05-31T11:21:07+00:00,45.937088,12.326196,26950,212,,False
1780226470,2026-05-31T11:21:10+00:00,45.935482,12.328985,26950,212,,False
1780226472,2026-05-31T11:21:12+00:00,45.934265,12.331392,26925,212,,False
1780226474,2026-05-31T11:21:14+00:00,45.933247,12.333795,26925,212,,False
1780226476,2026-05-31T11:21:16+00:00,45.932106,12.336255,26925,212,,False
1780226478,2026-05-31T11:21:18+00:00,45.93119,12.33912,26925,212,,False
1780226480,2026-05-31T11:21:20+00:00,45.930447,12.341856,26925,212,,False
1780226482,2026-05-31T11:21:22+00:00,45.929813,12.344536,26925,212,,False
1780226484,2026-05-31T11:21:24+00:00,45.929317,12.347022,26925,212,,False
1780226486,2026-05-31T11:21:26+00:00,45.92878,12.350109,26925,210,,False
1780226488,2026-05-31T11:21:28+00:00,45.928371,12.352999,26925,210,,False
1780226490,2026-05-31T11:21:30+00:00,45.928162,12.355697,26950,210,,False
1780226493,2026-05-31T11:21:33+00:00,45.928013,12.358684,26950,210,,False
1780226495,2026-05-31T11:21:35+00:00,45.927895,12.361888,26950,208,,False
1780226497,2026-05-31T11:21:37+00:00,45.928005,12.365005,26950,208,,False
1780226499,2026-05-31T11:21:39+00:00,45.928097,12.367412,26950,208,,False
1780226501,2026-05-31T11:21:41+00:00,45.928417,12.370316,26950,208,,False
1780226503,2026-05-31T11:21:43+00:00,45.928753,12.373253,26975,208,,False
1780226505,2026-05-31T11:21:45+00:00,45.929417,12.376754,26975,206,,False
1780226508,2026-05-31T11:21:48+00:00,45.929977,12.379027,26975,206,,False
1780226510,2026-05-31T11:21:50+00:00,45.930695,12.381995,26975,206,,False
1780226512,2026-05-31T11:21:52+00:00,45.931583,12.384516,26975,206,,False
1780226514,2026-05-31T11:21:54+00:00,45.932556,12.38689,26975,204,,False
1780226516,2026-05-31T11:21:56+00:00,45.933811,12.390034,26975,204,,False
1780226518,2026-05-31T11:21:58+00:00,45.934612,12.391823,26950,204,,False
1780226521,2026-05-31T11:22:01+00:00,45.93618,12.394642,26975,204,,False
1780226523,2026-05-31T11:22:03+00:00,45.937328,12.396558,26975,202,,False
1780226525,2026-05-31T11:22:05+00:00,45.938721,12.398774,26975,202,,False
1780226527,2026-05-31T11:22:07+00:00,45.940189,12.40057,26950,202,,False
1780226529,2026-05-31T11:22:09+00:00,45.941677,12.40219,26950,202,,False
1780226531,2026-05-31T11:22:11+00:00,45.943237,12.403876,26950,200,,False
1780226533,2026-05-31T11:22:13+00:00,45.945026,12.405705,26950,200,,False
1780226536,2026-05-31T11:22:16+00:00,45.946854,12.407186,26950,200,,False
1780226538,2026-05-31T11:22:18+00:00,45.948681,12.40819,26950,198,,False
1780226540,2026-05-31T11:22:20+00:00,45.950409,12.409228,26950,198,,False
1780226542,2026-05-31T11:22:22+00:00,45.952393,12.410247,26950,196,,False
1780226544,2026-05-31T11:22:24+00:00,45.954563,12.410972,26950,196,,False
1780226547,2026-05-31T11:22:27+00:00,45.956188,12.411429,26950,194,,False
1780226549,2026-05-31T11:22:29+00:00,45.958351,12.411897,26950,194,,False
1780226551,2026-05-31T11:22:31+00:00,45.960354,12.412066,26950,192,,False
1780226553,2026-05-31T11:22:33+00:00,45.962116,12.411995,26925,192,,False
1780226555,2026-05-31T11:22:35+00:00,45.963791,12.411779,26950,190,,False
1780226557,2026-05-31T11:22:37+00:00,45.965694,12.411327,26950,188,,False
1780226559,2026-05-31T11:22:39+00:00,45.967892,12.410532,26950,188,,False
1780226562,2026-05-31T11:22:42+00:00,45.969727,12.409634,26925,186,,False
1780226564,2026-05-31T11:22:44+00:00,45.971539,12.408366,26925,186,,False
1780226567,2026-05-31T11:22:47+00:00,45.973312,12.407043,26925,184,,False
1780226569,2026-05-31T11:22:49+00:00,45.974834,12.405647,26950,184,,False
1780226571,2026-05-31T11:22:51+00:00,45.976124,12.404038,26950,182,,False
1780226573,2026-05-31T11:22:53+00:00,45.977409,12.402092,26950,182,,False
1780226575,2026-05-31T11:22:55+00:00,45.978615,12.400167,26950,182,,False
1780226578,2026-05-31T11:22:58+00:00,45.979816,12.397721,26950,180,,False
1780226580,2026-05-31T11:23:00+00:00,45.980774,12.395448,26950,180,,False
1780226582,2026-05-31T11:23:02+00:00,45.981628,12.393215,26950,180,,False
1780226584,2026-05-31T11:23:04+00:00,45.982166,12.390944,26950,180,,False
1780226586,2026-05-31T11:23:06+00:00,45.982693,12.388388,26950,180,,False
1780226589,2026-05-31T11:23:09+00:00,45.983204,12.385489,26950,180,,False
1780226591,2026-05-31T11:23:11+00:00,45.983326,12.383155,26950,180,,False
1780226593,2026-05-31T11:23:13+00:00,45.983372,12.380514,26950,180,,False
1780226595,2026-05-31T11:23:15+00:00,45.983353,12.377909,26950,180,,False
1780226597,2026-05-31T11:23:17+00:00,45.983009,12.375486,26950,180,,False
1780226599,2026-05-31T11:23:19+00:00,45.982498,12.372513,26950,180,,False
1780226602,2026-05-31T11:23:22+00:00,45.981995,12.369847,26950,180,,False
1780226604,2026-05-31T11:23:24+00:00,45.981392,12.36739,26975,187,,False
1780226606,2026-05-31T11:23:26+00:00,45.980522,12.364949,26975,188,,False
1780226609,2026-05-31T11:23:29+00:00,45.979336,12.362456,26950,189,,False
1780226611,2026-05-31T11:23:31+00:00,45.978165,12.360271,26950,185,,False
1780226613,2026-05-31T11:23:33+00:00,45.976776,12.357834,26950,190,,False
1780226615,2026-05-31T11:23:35+00:00,45.975155,12.355697,26950,194,,False
1780226617,2026-05-31T11:23:37+00:00,45.973881,12.354298,26950,192,,False
1780226619,2026-05-31T11:23:39+00:00,45.972324,12.352638,26950,192,,False
1780226621,2026-05-31T11:23:41+00:00,45.970947,12.351693,26975,192,,False
1780226623,2026-05-31T11:23:43+00:00,45.969131,12.350204,26950,194,,False
1780226626,2026-05-31T11:23:46+00:00,45.967331,12.349317,26950,199,,False
1780226628,2026-05-31T11:23:48+00:00,45.965321,12.348455,26950,198,,False
1780226630,2026-05-31T11:23:50+00:00,45.963459,12.34795,26950,197,,False
1780226632,2026-05-31T11:23:52+00:00,45.961567,12.347581,26950,199,,False
1780226634,2026-05-31T11:23:54+00:00,45.959694,12.347208,26950,194,,False
1780226636,2026-05-31T11:23:56+00:00,45.9575,12.347114,26950,206,,False
1780226639,2026-05-31T11:23:59+00:00,45.955547,12.347346,26950,208,,False
1780226641,2026-05-31T11:24:01+00:00,45.953186,12.347783,26950,208,,False
1780226643,2026-05-31T11:24:03+00:00,45.951088,12.348593,26950,210,,False
1780226645,2026-05-31T11:24:05+00:00,45.948627,12.349698,26950,210,,False
1780226647,2026-05-31T11:24:07+00:00,45.94709,12.350634,26950,212,,False
1780226650,2026-05-31T11:24:10+00:00,45.945,12.351918,26950,212,,False
1780226652,2026-05-31T11:24:12+00:00,45.94342,12.353318,26950,212,,False
1780226654,2026-05-31T11:24:14+00:00,45.941612,12.35499,26950,214,,False
1780226656,2026-05-31T11:24:16+00:00,45.940002,12.356597,26950,214,,False
1780226658,2026-05-31T11:24:18+00:00,45.938244,12.358809,26950,214,,False
1780226660,2026-05-31T11:24:20+00:00,45.936794,12.361132,26925,214,,False
1780226662,2026-05-31T11:24:22+00:00,45.935642,12.363202,26925,214,,False
1780226665,2026-05-31T11:24:25+00:00,45.934071,12.366199,26925,214,,False
1780226667,2026-05-31T11:24:27+00:00,45.933056,12.368626,26925,214,,False
1780226669,2026-05-31T11:24:29+00:00,45.932064,12.371392,26925,214,,False
1780226671,2026-05-31T11:24:31+00:00,45.931133,12.374364,26925,214,,False
1780226673,2026-05-31T11:24:33+00:00,45.930595,12.376761,26950,214,,False
1780226675,2026-05-31T11:24:35+00:00,45.929974,12.379534,26950,214,,False
1780226677,2026-05-31T11:24:37+00:00,45.929497,12.382807,26950,212,,False
1780226679,2026-05-31T11:24:39+00:00,45.92931,12.385777,26975,212,,False
1780226682,2026-05-31T11:24:42+00:00,45.929203,12.388707,26975,212,,False
1780226684,2026-05-31T11:24:44+00:00,45.929131,12.392373,26975,212,,False
1780226686,2026-05-31T11:24:46+00:00,45.929226,12.394925,26975,212,,False
1780226688,2026-05-31T11:24:48+00:00,45.929581,12.397709,26975,212,,False
1780226690,2026-05-31T11:24:50+00:00,45.929909,12.400481,26975,212,,False
1780226692,2026-05-31T11:24:52+00:00,45.930527,12.403087,26950,210,,False
1780226694,2026-05-31T11:24:54+00:00,45.931549,12.406766,26950,210,,False
1780226696,2026-05-31T11:24:56+00:00,45.93224,12.408784,26950,210,,False
1780226699,2026-05-31T11:24:59+00:00,45.93327,12.411395,26950,210,,False
1780226701,2026-05-31T11:25:01+00:00,45.934265,12.413995,26950,208,,False
1780226703,2026-05-31T11:25:03+00:00,45.935616,12.416492,26950,206,,False
1780226705,2026-05-31T11:25:05+00:00,45.93681,12.418732,26950,206,,False
1780226707,2026-05-31T11:25:07+00:00,45.938236,12.420782,26950,204,,False
1780226710,2026-05-31T11:25:10+00:00,45.940109,12.423012,26950,204,,False
1780226712,2026-05-31T11:25:12+00:00,45.941681,12.42473,26950,202,,False
1780226714,2026-05-31T11:25:14+00:00,45.943249,12.426407,26950,202,,False
1780226716,2026-05-31T11:25:16+00:00,45.94492,12.42753,26950,200,,False
1780226718,2026-05-31T11:25:18+00:00,45.94698,12.428577,26925,198,,False
1780226721,2026-05-31T11:25:21+00:00,45.948837,12.429559,26925,198,,False
1780226723,2026-05-31T11:25:23+00:00,45.951183,12.43036,26925,196,,False
1780226725,2026-05-31T11:25:25+00:00,45.95322,12.430829,26925,194,,False
1780226728,2026-05-31T11:25:28+00:00,45.954899,12.431152,26925,192,,False
1780226730,2026-05-31T11:25:30+00:00,45.957054,12.431182,26950,192,,False
1780226732,2026-05-31T11:25:32+00:00,45.95911,12.430869,26950,190,,False
1780226734,2026-05-31T11:25:34+00:00,45.961117,12.430285,26950,188,,False
1780226736,2026-05-31T11:25:36+00:00,45.962894,12.429569,26950,188,,False
1780226739,2026-05-31T11:25:39+00:00,45.964733,12.428841,26950,186,,False
1780226741,2026-05-31T11:25:41+00:00,45.966549,12.427554,26950,186,,False
1780226743,2026-05-31T11:25:43+00:00,45.968124,12.426251,26925,184,,False
1780226745,2026-05-31T11:25:45+00:00,45.969669,12.42487,26950,184,,False
1780226748,2026-05-31T11:25:48+00:00,45.971111,12.423227,26950,182,,False
1780226750,2026-05-31T11:25:50+00:00,45.972431,12.421413,26950,182,,False
1780226752,2026-05-31T11:25:52+00:00,45.973831,12.419106,26950,182,,False
1780226754,2026-05-31T11:25:54+00:00,45.975178,12.416612,26950,180,,False
1780226756,2026-05-31T11:25:56+00:00,45.975983,12.414638,26950,180,,False
1780226759,2026-05-31T11:25:59+00:00,45.97681,12.412325,26950,180,,False
1780226761,2026-05-31T11:26:01+00:00,45.977562,12.409686,26950,180,,False
1780226763,2026-05-31T11:26:03+00:00,45.977985,12.40766,26950,180,,False
1780226765,2026-05-31T11:26:05+00:00,45.978317,12.405094,26950,180,,False
1780226767,2026-05-31T11:26:07+00:00,45.978588,12.402315,26950,180,,False
1780226770,2026-05-31T11:26:10+00:00,45.978634,12.400199,26950,180,,False
1780226772,2026-05-31T11:26:12+00:00,45.978615,12.396776,26950,180,,False
1780226774,2026-05-31T11:26:14+00:00,45.978294,12.394142,26950,180,,False
1780226777,2026-05-31T11:26:17+00:00,45.977879,12.391166,26950,180,,False
1780226779,2026-05-31T11:26:19+00:00,45.977283,12.388904,26950,180,,False
1780226781,2026-05-31T11:26:21+00:00,45.976685,12.386568,26950,179,,False
1780226783,2026-05-31T11:26:23+00:00,45.97583,12.38413,26950,185,,False
1780226785,2026-05-31T11:26:25+00:00,45.974808,12.382121,26950,188,,False
1780226787,2026-05-31T11:26:27+00:00,45.97377,12.380044,26950,185,,False
1780226789,2026-05-31T11:26:29+00:00,45.972439,12.37797,26950,193,,False
1780226791,2026-05-31T11:26:31+00:00,45.971149,12.375994,26950,191,,False
1780226794,2026-05-31T11:26:34+00:00,45.969872,12.374475,26950,189,,False
1780226796,2026-05-31T11:26:36+00:00,45.968193,12.372758,26950,192,,False
1780226798,2026-05-31T11:26:38+00:00,45.966755,12.37134,26975,189,,False
1780226800,2026-05-31T11:26:40+00:00,45.965057,12.370121,26950,189,,False
1780226802,2026-05-31T11:26:42+00:00,45.962925,12.368711,26950,194,,False
1780226804,2026-05-31T11:26:44+00:00,45.961079,12.368115,26950,201,,False
1780226807,2026-05-31T11:26:47+00:00,45.959278,12.367551,26950,198,,False
1780226809,2026-05-31T11:26:49+00:00,45.957157,12.366834,26950,194,,False
1780226811,2026-05-31T11:26:51+00:00,45.955338,12.36671,26925,192,,False
1780226813,2026-05-31T11:26:53+00:00,45.953217,12.366727,26925,204,,False
1780226815,2026-05-31T11:26:55+00:00,45.951279,12.366909,26925,204,,False
1780226817,2026-05-31T11:26:57+00:00,45.949371,12.367229,26950,204,,False
1780226819,2026-05-31T11:26:59+00:00,45.947472,12.367766,26950,206,,False
1780226822,2026-05-31T11:27:02+00:00,45.94532,12.368631,26950,206,,False
1780226824,2026-05-31T11:27:04+00:00,45.943554,12.369692,26950,206,,False
1780226826,2026-05-31T11:27:06+00:00,45.941608,12.371013,26950,208,,False
1780226828,2026-05-31T11:27:08+00:00,45.939709,12.372559,26950,208,,False
1780226830,2026-05-31T11:27:10+00:00,45.938118,12.374033,26950,210,,False
1780226832,2026-05-31T11:27:12+00:00,45.936512,12.375674,26950,210,,False
1780226834,2026-05-31T11:27:14+00:00,45.934898,12.377572,26925,210,,False
1780226836,2026-05-31T11:27:16+00:00,45.933258,12.380049,26925,210,,False
1780226839,2026-05-31T11:27:19+00:00,45.931808,12.38236,26925,210,,False
1780226841,2026-05-31T11:27:21+00:00,45.930737,12.38494,26950,210,,False
1780226843,2026-05-31T11:27:23+00:00,45.929485,12.387658,26950,210,,False
1780226845,2026-05-31T11:27:25+00:00,45.928486,12.390562,26950,212,,False
1780226848,2026-05-31T11:27:28+00:00,45.927647,12.393372,26950,212,,False
1780226850,2026-05-31T11:27:30+00:00,45.926945,12.396271,26950,212,,False
1780226852,2026-05-31T11:27:32+00:00,45.926445,12.399169,26950,210,,False
1780226855,2026-05-31T11:27:35+00:00,45.926025,12.402588,26975,210,,False
1780226857,2026-05-31T11:27:37+00:00,45.925827,12.405602,26975,210,,False
1780226859,2026-05-31T11:27:39+00:00,45.925789,12.40849,26975,210,,False
1780226861,2026-05-31T11:27:41+00:00,45.925823,12.411677,26975,208,,False
1780226863,2026-05-31T11:27:43+00:00,45.92609,12.415553,26950,208,,False
1780226865,2026-05-31T11:27:45+00:00,45.926556,12.418059,26950,208,,False
1780226868,2026-05-31T11:27:48+00:00,45.927052,12.420444,26950,208,,False
1780226870,2026-05-31T11:27:50+00:00,45.927681,12.423442,26950,206,,False
1780226872,2026-05-31T11:27:52+00:00,45.928596,12.426368,26950,204,,False
1780226874,2026-05-31T11:27:54+00:00,45.92968,12.429096,26950,204,,False
1780226877,2026-05-31T11:27:57+00:00,45.930897,12.431841,26925,202,,False
1780226879,2026-05-31T11:27:59+00:00,45.932224,12.434329,26925,200,,False
1780226881,2026-05-31T11:28:01+00:00,45.933617,12.436564,26925,200,,False
1780226883,2026-05-31T11:28:03+00:00,45.93504,12.438353,26925,198,,False
1780226886,2026-05-31T11:28:06+00:00,45.936485,12.44006,26925,196,,False
1780226888,2026-05-31T11:28:08+00:00,45.938271,12.441856,26950,196,,False
1780226890,2026-05-31T11:28:10+00:00,45.940323,12.44336,26950,194,,False
1780226892,2026-05-31T11:28:12+00:00,45.941875,12.44431,26950,192,,False
1780226895,2026-05-31T11:28:15+00:00,45.943768,12.445271,26950,190,,False
1780226897,2026-05-31T11:28:17+00:00,45.946049,12.446173,26950,190,,False
1780226900,2026-05-31T11:28:20+00:00,45.947941,12.446638,26950,188,,False
1780226902,2026-05-31T11:28:22+00:00,45.949978,12.446907,26950,186,,False
1780226904,2026-05-31T11:28:24+00:00,45.951797,12.446977,26950,186,,False
1780226906,2026-05-31T11:28:26+00:00,45.953472,12.446801,26950,184,,False
1780226908,2026-05-31T11:28:28+00:00,45.955479,12.44628,26950,182,,False
1780226911,2026-05-31T11:28:31+00:00,45.957474,12.445527,26950,182,,False
1780226913,2026-05-31T11:28:33+00:00,45.959396,12.444513,26950,180,,False
1780226915,2026-05-31T11:28:35+00:00,45.960945,12.443533,26950,180,,False
1780226917,2026-05-31T11:28:37+00:00,45.962585,12.442178,26950,178,,False
1780226920,2026-05-31T11:28:40+00:00,45.964088,12.440662,26950,178,,False
1780226922,2026-05-31T11:28:42+00:00,45.96534,12.439135,26950,176,,False
1780226924,2026-05-31T11:28:44+00:00,45.966419,12.43765,26950,176,,False
1780226926,2026-05-31T11:28:46+00:00,45.967926,12.435231,26950,176,,False
1780226928,2026-05-31T11:28:48+00:00,45.968754,12.433634,26950,174,,False
1780226930,2026-05-31T11:28:50+00:00,45.969803,12.431255,26950,174,,False
1780226932,2026-05-31T11:28:52+00:00,45.970459,12.429134,26950,174,,False
1780226935,2026-05-31T11:28:55+00:00,45.971176,12.426769,26950,174,,False
1780226937,2026-05-31T11:28:57+00:00,45.97168,12.424495,26950,174,,False
1780226939,2026-05-31T11:28:59+00:00,45.972038,12.421984,26950,174,,False
1780226941,2026-05-31T11:29:01+00:00,45.972233,12.419128,26950,174,,False
1780226944,2026-05-31T11:29:04+00:00,45.972195,12.416129,26950,174,,False
1780226946,2026-05-31T11:29:06+00:00,45.972027,12.413379,26950,174,,False
1780226948,2026-05-31T11:29:08+00:00,45.971859,12.411431,26950,174,,False
1780226950,2026-05-31T11:29:10+00:00,45.971333,12.408758,26950,174,,False
1780226953,2026-05-31T11:29:13+00:00,45.970947,12.406354,26950,182,,False
1780226955,2026-05-31T11:29:15+00:00,45.97015,12.403698,26950,177,,False
1780226957,2026-05-31T11:29:17+00:00,45.969299,12.401808,26950,181,,False
1780226959,2026-05-31T11:29:19+00:00,45.968159,12.399496,26950,179,,False
1780226962,2026-05-31T11:29:22+00:00,45.966843,12.397236,26950,184,,False
1780226964,2026-05-31T11:29:24+00:00,45.965466,12.395145,26950,182,,False
1780226966,2026-05-31T11:29:26+00:00,45.964081,12.39312,26950,187,,False
1780226968,2026-05-31T11:29:28+00:00,45.962631,12.391792,26950,189,,False
1780226970,2026-05-31T11:29:30+00:00,45.961208,12.39047,26950,182,,False
1780226972,2026-05-31T11:29:32+00:00,45.959435,12.388937,26950,183,,False
1780226974,2026-05-31T11:29:34+00:00,45.957687,12.387893,26950,188,,False
1780226977,2026-05-31T11:29:37+00:00,45.956028,12.387196,26950,192,,False
1780226979,2026-05-31T11:29:39+00:00,45.954056,12.386634,26950,193,,False
1780226981,2026-05-31T11:29:41+00:00,45.951969,12.386098,26950,191,,False
1780226983,2026-05-31T11:29:43+00:00,45.950146,12.38586,26950,191,,False
1780226985,2026-05-31T11:29:45+00:00,45.948288,12.385711,26950,193,,False
1780226987,2026-05-31T11:29:47+00:00,45.946342,12.385838,26950,195,,False
1780226989,2026-05-31T11:29:49+00:00,45.944515,12.386304,26950,200,,False
1780226991,2026-05-31T11:29:51+00:00,45.942562,12.38694,26950,200,,False
1780226994,2026-05-31T11:29:54+00:00,45.940628,12.387731,26950,202,,False
1780226996,2026-05-31T11:29:56+00:00,45.938492,12.388871,26950,202,,False
1780226998,2026-05-31T11:29:58+00:00,45.936565,12.390236,26950,204,,False
1780227000,2026-05-31T11:30:00+00:00,45.93494,12.391616,26950,204,,False
1780227002,2026-05-31T11:30:02+00:00,45.933277,12.39319,26950,204,,False
1780227004,2026-05-31T11:30:04+00:00,45.931793,12.394718,26950,206,,False
1780227007,2026-05-31T11:30:07+00:00,45.930275,12.396615,26950,206,,False
1780227009,2026-05-31T11:30:09+00:00,45.928707,12.398996,26950,206,,False
1780227011,2026-05-31T11:30:11+00:00,45.927322,12.401464,26950,208,,False
1780227013,2026-05-31T11:30:13+00:00,45.926182,12.403815,26975,208,,False
1780227015,2026-05-31T11:30:15+00:00,45.925163,12.406463,26975,208,,False
1780227018,2026-05-31T11:30:18+00:00,45.923969,12.409534,26975,208,,False
1780227020,2026-05-31T11:30:20+00:00,45.923168,12.412338,26975,208,,False
1780227022,2026-05-31T11:30:22+00:00,45.922382,12.415915,26950,208,,False
1780227025,2026-05-31T11:30:25+00:00,45.922024,12.418154,26950,208,,False
1780227027,2026-05-31T11:30:27+00:00,45.921692,12.421128,26950,208,,False
1780227029,2026-05-31T11:30:29+00:00,45.921501,12.424412,26950,208,,False
1780227031,2026-05-31T11:30:31+00:00,45.92152,12.427743,26950,208,,False
1780227034,2026-05-31T11:30:34+00:00,45.921593,12.430334,26950,206,,False
1780227036,2026-05-31T11:30:36+00:00,45.921814,12.433279,26950,206,,False
1780227038,2026-05-31T11:30:38+00:00,45.922375,12.436667,26950,206,,False
1780227040,2026-05-31T11:30:40+00:00,45.92289,12.439565,26925,204,,False
1780227043,2026-05-31T11:30:43+00:00,45.923649,12.442715,26925,204,,False
1780227045,2026-05-31T11:30:45+00:00,45.924496,12.445405,26925,202,,False
1780227047,2026-05-31T11:30:47+00:00,45.925484,12.448139,26925,200,,False
1780227049,2026-05-31T11:30:49+00:00,45.926872,12.450226,26925,200,,False
1780227051,2026-05-31T11:30:51+00:00,45.928028,12.452118,26925,196,,False
1780227053,2026-05-31T11:30:53+00:00,45.92926,12.454116,26950,196,,False
1780227056,2026-05-31T11:30:56+00:00,45.93079,12.456311,26950,194,,False
1780227058,2026-05-31T11:30:58+00:00,45.932205,12.457566,26950,194,,False
1780227060,2026-05-31T11:31:00+00:00,45.933689,12.458941,26950,190,,False
1780227062,2026-05-31T11:31:02+00:00,45.935566,12.46049,26950,190,,False
1780227064,2026-05-31T11:31:04+00:00,45.937195,12.461734,26950,188,,False
1780227066,2026-05-31T11:31:06+00:00,45.938957,12.46266,26950,188,,False
1780227069,2026-05-31T11:31:09+00:00,45.940662,12.463302,26950,186,,False
1780227071,2026-05-31T11:31:11+00:00,45.942791,12.463877,26950,184,,False
1780227073,2026-05-31T11:31:13+00:00,45.945114,12.464105,26950,182,,False
1780227075,2026-05-31T11:31:15+00:00,45.946644,12.464141,26950,180,,False
1780227078,2026-05-31T11:31:18+00:00,45.948883,12.463787,26950,180,,False
1780227080,2026-05-31T11:31:20+00:00,45.950439,12.463335,26925,178,,False
1780227082,2026-05-31T11:31:22+00:00,45.952175,12.46251,26950,178,,False
1780227084,2026-05-31T11:31:24+00:00,45.953896,12.461617,26950,176,,False
1780227087,2026-05-31T11:31:27+00:00,45.955452,12.460723,26950,174,,False
1780227089,2026-05-31T11:31:29+00:00,45.957039,12.459323,26950,174,,False
1780227091,2026-05-31T11:31:31+00:00,45.958637,12.457639,26950,174,,False
1780227094,2026-05-31T11:31:34+00:00,45.959919,12.455997,26950,172,,False
1780227096,2026-05-31T11:31:36+00:00,45.961071,12.454273,26950,172,,False
1780227098,2026-05-31T11:31:38+00:00,45.962212,12.452287,26950,172,,False
1780227100,2026-05-31T11:31:40+00:00,45.96307,12.450427,26975,172,,False
1780227102,2026-05-31T11:31:42+00:00,45.964172,12.447559,26975,172,,False
1780227105,2026-05-31T11:31:45+00:00,45.964714,12.445669,26975,172,,False
1780227107,2026-05-31T11:31:47+00:00,45.965332,12.44323,26975,172,,False
1780227109,2026-05-31T11:31:49+00:00,45.965832,12.440471,26975,172,,False
1780227111,2026-05-31T11:31:51+00:00,45.965878,12.438153,26975,172,,False
1780227113,2026-05-31T11:31:53+00:00,45.965973,12.43566,26975,172,,False
1780227116,2026-05-31T11:31:56+00:00,45.965942,12.433037,26975,172,,False
1780227118,2026-05-31T11:31:58+00:00,45.965797,12.430537,26950,172,,False
1780227120,2026-05-31T11:32:00+00:00,45.965385,12.428081,26950,172,,False
1780227122,2026-05-31T11:32:02+00:00,45.964916,12.425859,26950,178,,False
1780227124,2026-05-31T11:32:04+00:00,45.964104,12.422991,26950,175,,False
1780227126,2026-05-31T11:32:06+00:00,45.963402,12.42083,26950,181,,False
1780227129,2026-05-31T11:32:09+00:00,45.962364,12.418798,26950,182,,False
1780227131,2026-05-31T11:32:11+00:00,45.961231,12.4168,26950,185,,False
1780227133,2026-05-31T11:32:13+00:00,45.959877,12.414646,26950,181,,False
1780227135,2026-05-31T11:32:15+00:00,45.958565,12.412979,26950,182,,False
1780227137,2026-05-31T11:32:17+00:00,45.957066,12.411044,26950,184,,False
1780227139,2026-05-31T11:32:19+00:00,45.955624,12.409715,26950,185,,False
1780227141,2026-05-31T11:32:21+00:00,45.954132,12.408402,26950,187,,False
1780227143,2026-05-31T11:32:23+00:00,45.952423,12.407257,26950,188,,False
1780227146,2026-05-31T11:32:26+00:00,45.950706,12.406445,26950,185,,False
1780227148,2026-05-31T11:32:28+00:00,45.948902,12.405701,26950,193,,False
1780227150,2026-05-31T11:32:30+00:00,45.94706,12.405102,26950,195,,False
1780227152,2026-05-31T11:32:32+00:00,45.944908,12.404742,26950,196,,False
1780227154,2026-05-31T11:32:34+00:00,45.942844,12.404599,26950,191,,False
1780227157,2026-05-31T11:32:37+00:00,45.940777,12.404806,26950,196,,False
1780227159,2026-05-31T11:32:39+00:00,45.939007,12.405132,26950,202,,False
1780227161,2026-05-31T11:32:41+00:00,45.936863,12.405693,26950,202,,False
1780227163,2026-05-31T11:32:43+00:00,45.934872,12.406425,26950,204,,False
1780227165,2026-05-31T11:32:45+00:00,45.932652,12.407418,26950,204,,False
1780227168,2026-05-31T11:32:48+00:00,45.930904,12.40873,26975,206,,False
1780227170,2026-05-31T11:32:50+00:00,45.929169,12.410014,26975,208,,False
1780227172,2026-05-31T11:32:52+00:00,45.927505,12.411502,26950,210,,False
1780227174,2026-05-31T11:32:54+00:00,45.925529,12.413617,26950,210,,False
1780227176,2026-05-31T11:32:56+00:00,45.924171,12.415199,26950,210,,False
1780227178,2026-05-31T11:32:58+00:00,45.922756,12.417261,26950,212,,False
1780227180,2026-05-31T11:33:00+00:00,45.92141,12.419527,26950,212,,False
1780227182,2026-05-31T11:33:02+00:00,45.920124,12.421945,26950,212,,False
1780227185,2026-05-31T11:33:05+00:00,45.919014,12.424201,26950,212,,False
1780227187,2026-05-31T11:33:07+00:00,45.917892,12.42711,26950,212,,False
1780227189,2026-05-31T11:33:09+00:00,45.916965,12.430104,26950,212,,False
1780227191,2026-05-31T11:33:11+00:00,45.916302,12.43279,26950,212,,False
1780227193,2026-05-31T11:33:13+00:00,45.91568,12.435844,26950,212,,False
1780227195,2026-05-31T11:33:15+00:00,45.915287,12.43862,26950,212,,False
1780227197,2026-05-31T11:33:17+00:00,45.91502,12.441808,26950,212,,False
1780227200,2026-05-31T11:33:20+00:00,45.914841,12.445004,26925,212,,False
1780227202,2026-05-31T11:33:22+00:00,45.914829,12.448091,26925,210,,False
1780227204,2026-05-31T11:33:24+00:00,45.914925,12.450404,26925,210,,False
1780227206,2026-05-31T11:33:26+00:00,45.915295,12.453447,26925,208,,False
1780227208,2026-05-31T11:33:28+00:00,45.915791,12.456586,26925,208,,False
1780227210,2026-05-31T11:33:30+00:00,45.916367,12.459126,26925,206,,False
1780227212,2026-05-31T11:33:32+00:00,45.91721,12.46207,26950,206,,False
1780227214,2026-05-31T11:33:34+00:00,45.918041,12.464509,26950,204,,False
1780227216,2026-05-31T11:33:36+00:00,45.919014,12.466805,26950,204,,False
1780227218,2026-05-31T11:33:38+00:00,45.920055,12.469328,26950,202,,False
1780227221,2026-05-31T11:33:41+00:00,45.921234,12.471727,26950,202,,False
1780227223,2026-05-31T11:33:43+00:00,45.922447,12.473794,26950,200,,False
1780227225,2026-05-31T11:33:45+00:00,45.923965,12.47544,26950,200,,False
1780227227,2026-05-31T11:33:47+00:00,45.925362,12.476938,26950,196,,False
1780227229,2026-05-31T11:33:49+00:00,45.926865,12.478632,26950,196,,False
1780227231,2026-05-31T11:33:51+00:00,45.928463,12.479866,26950,194,,False
1780227233,2026-05-31T11:33:53+00:00,45.930244,12.481196,26950,192,,False
1780227235,2026-05-31T11:33:55+00:00,45.931988,12.482154,26950,192,,False
1780227237,2026-05-31T11:33:57+00:00,45.933792,12.483032,26950,188,,False
1780227240,2026-05-31T11:34:00+00:00,45.935757,12.483611,26950,188,,False
1780227242,2026-05-31T11:34:02+00:00,45.937511,12.483959,26950,186,,False
1780227244,2026-05-31T11:34:04+00:00,45.939342,12.484118,26950,186,,False
1780227246,2026-05-31T11:34:06+00:00,45.941471,12.484053,26950,182,,False
1780227248,2026-05-31T11:34:08+00:00,45.9431,12.48378,26950,182,,False
1780227251,2026-05-31T11:34:11+00:00,45.944946,12.483155,26925,180,,False
1780227253,2026-05-31T11:34:13+00:00,45.946667,12.482396,26925,180,,False
1780227255,2026-05-31T11:34:15+00:00,45.948395,12.481513,26925,180,,False
1780227257,2026-05-31T11:34:17+00:00,45.949997,12.480294,26925,178,,False
1780227259,2026-05-31T11:34:19+00:00,45.951527,12.478971,26950,178,,False
1780227262,2026-05-31T11:34:22+00:00,45.952999,12.477541,26950,176,,False
1780227264,2026-05-31T11:34:24+00:00,45.954319,12.475798,26950,176,,False
1780227266,2026-05-31T11:34:26+00:00,45.955467,12.473989,26950,176,,False
1780227268,2026-05-31T11:34:28+00:00,45.95652,12.472121,26950,176,,False
1780227270,2026-05-31T11:34:30+00:00,45.957424,12.470188,26950,174,,False
1780227272,2026-05-31T11:34:32+00:00,45.958221,12.468136,26950,174,,False
1780227274,2026-05-31T11:34:34+00:00,45.959019,12.465746,26950,174,,False
1780227276,2026-05-31T11:34:36+00:00,45.959602,12.463426,26975,174,,False
1780227278,2026-05-31T11:34:38+00:00,45.960064,12.460919,26975,176,,False
1780227280,2026-05-31T11:34:40+00:00,45.960426,12.458467,26975,176,,False
1780227283,2026-05-31T11:34:43+00:00,45.960526,12.456067,26950,176,,False
1780227285,2026-05-31T11:34:45+00:00,45.960545,12.453609,26950,176,,False
1780227287,2026-05-31T11:34:47+00:00,45.960304,12.451229,26950,176,,False
1780227289,2026-05-31T11:34:49+00:00,45.960087,12.448855,26975,176,,False
1780227291,2026-05-31T11:34:51+00:00,45.959698,12.44625,26975,176,,False
1780227293,2026-05-31T11:34:53+00:00,45.959209,12.44379,26975,180,,False
1780227295,2026-05-31T11:34:55+00:00,45.958439,12.441553,26950,179,,False
1780227298,2026-05-31T11:34:58+00:00,45.957478,12.439306,26950,180,,False
1780227300,2026-05-31T11:35:00+00:00,45.956486,12.436841,26975,185,,False
1780227302,2026-05-31T11:35:02+00:00,45.955242,12.43489,26975,185,,False
1780227304,2026-05-31T11:35:04+00:00,45.953964,12.432878,26975,185,,False
1780227306,2026-05-31T11:35:06+00:00,45.952587,12.431129,26975,183,,False
1780227308,2026-05-31T11:35:08+00:00,45.951218,12.429468,26950,188,,False
1780227310,2026-05-31T11:35:10+00:00,45.949421,12.42776,26950,191,,False
1780227313,2026-05-31T11:35:13+00:00,45.947941,12.426548,26950,190,,False
1780227315,2026-05-31T11:35:15+00:00,45.946335,12.425397,26950,189,,False
1780227317,2026-05-31T11:35:17+00:00,45.944481,12.42447,26975,198,,False
1780227319,2026-05-31T11:35:19+00:00,45.942478,12.423786,26950,198,,False
1780227321,2026-05-31T11:35:21+00:00,45.940483,12.423269,26950,198,,False
1780227323,2026-05-31T11:35:23+00:00,45.938202,12.422887,26950,193,,False
1780227326,2026-05-31T11:35:26+00:00,45.936409,12.422633,26950,199,,False
1780227328,2026-05-31T11:35:28+00:00,45.934429,12.422778,26950,201,,False
1780227330,2026-05-31T11:35:30+00:00,45.932243,12.423035,26950,206,,False
1780227332,2026-05-31T11:35:32+00:00,45.930386,12.423553,26975,206,,False
1780227334,2026-05-31T11:35:34+00:00,45.928448,12.424058,26975,208,,False
1780227337,2026-05-31T11:35:37+00:00,45.926319,12.424785,26975,208,,False
1780227339,2026-05-31T11:35:39+00:00,45.92411,12.425508,26950,208,,False
1780227341,2026-05-31T11:35:41+00:00,45.922161,12.426247,26950,208,,False
1780227343,2026-05-31T11:35:43+00:00,45.920261,12.427027,26950,210,,False
1780227345,2026-05-31T11:35:45+00:00,45.917992,12.428069,26950,210,,False
1780227348,2026-05-31T11:35:48+00:00,45.915924,12.429097,26950,210,,False
1780227350,2026-05-31T11:35:50+00:00,45.914169,12.430036,26950,212,,False
1780227352,2026-05-31T11:35:52+00:00,45.912212,12.431232,26950,212,,False
1780227354,2026-05-31T11:35:54+00:00,45.910236,12.432461,26950,212,,False
1780227356,2026-05-31T11:35:56+00:00,45.908421,12.433619,26925,212,,False
1780227358,2026-05-31T11:35:58+00:00,45.906487,12.434959,26925,212,,False
1780227360,2026-05-31T11:36:00+00:00,45.904495,12.436432,26925,214,,False
1780227362,2026-05-31T11:36:02+00:00,45.902843,12.437834,26925,214,,False
1780227365,2026-05-31T11:36:05+00:00,45.901058,12.43957,26950,214,,False
1780227367,2026-05-31T11:36:07+00:00,45.899311,12.441374,26950,216,,False
1780227369,2026-05-31T11:36:09+00:00,45.89772,12.443527,26950,216,,False
1780227371,2026-05-31T11:36:11+00:00,45.896179,12.445677,26950,216,,False
1780227373,2026-05-31T11:36:13+00:00,45.894646,12.447932,26950,218,,False
1780227375,2026-05-31T11:36:15+00:00,45.893452,12.45006,26950,218,,False
1780227378,2026-05-31T11:36:18+00:00,45.891941,12.453035,26950,218,,False
1780227380,2026-05-31T11:36:20+00:00,45.890823,12.455619,26950,218,,False
1780227382,2026-05-31T11:36:22+00:00,45.88969,12.458484,26950,218,,False
1780227384,2026-05-31T11:36:24+00:00,45.888733,12.461147,26950,218,,False
1780227386,2026-05-31T11:36:26+00:00,45.887875,12.463945,26950,218,,False
1780227389,2026-05-31T11:36:29+00:00,45.88715,12.466914,26950,218,,False
1780227391,2026-05-31T11:36:31+00:00,45.886417,12.470277,26950,218,,False
1780227393,2026-05-31T11:36:33+00:00,45.885983,12.473223,26950,218,,False
1780227395,2026-05-31T11:36:35+00:00,45.88559,12.476168,26950,218,,False
1780227397,2026-05-31T11:36:37+00:00,45.885326,12.479593,26950,218,,False
1780227399,2026-05-31T11:36:39+00:00,45.885239,12.482703,26950,218,,False
1780227402,2026-05-31T11:36:42+00:00,45.885258,12.485748,26950,218,,False
1780227404,2026-05-31T11:36:44+00:00,45.885235,12.48929,26950,216,,False
1780227406,2026-05-31T11:36:46+00:00,45.88554,12.492518,26950,216,,False
1780227408,2026-05-31T11:36:48+00:00,45.885891,12.495827,26950,216,,False
1780227411,2026-05-31T11:36:51+00:00,45.886406,12.498701,26950,214,,False
1780227413,2026-05-31T11:36:53+00:00,45.887016,12.501524,26950,214,,False
1780227415,2026-05-31T11:36:55+00:00,45.887665,12.504186,26950,214,,False
1780227417,2026-05-31T11:36:57+00:00,45.888546,12.506953,26950,212,,False
1780227419,2026-05-31T11:36:59+00:00,45.889641,12.510215,26950,212,,False
1780227421,2026-05-31T11:37:01+00:00,45.890617,12.512624,26950,210,,False
1780227423,2026-05-31T11:37:03+00:00,45.891762,12.515076,26950,210,,False
1780227426,2026-05-31T11:37:06+00:00,45.892967,12.517477,26950,208,,False
1780227428,2026-05-31T11:37:08+00:00,45.894173,12.519747,26950,208,,False
1780227430,2026-05-31T11:37:10+00:00,45.895557,12.521745,26950,206,,False
1780227432,2026-05-31T11:37:12+00:00,45.897202,12.523906,26950,206,,False
1780227434,2026-05-31T11:37:14+00:00,45.89843,12.525553,26950,204,,False
1780227436,2026-05-31T11:37:16+00:00,45.900032,12.5273,26950,204,,False
1780227438,2026-05-31T11:37:18+00:00,45.901779,12.528848,26950,202,,False
1780227440,2026-05-31T11:37:20+00:00,45.903347,12.530314,26950,202,,False
1780227442,2026-05-31T11:37:22+00:00,45.905064,12.531556,26950,200,,False
1780227445,2026-05-31T11:37:25+00:00,45.907028,12.532839,26950,198,,False
1780227447,2026-05-31T11:37:27+00:00,45.908875,12.533798,26950,198,,False
1780227449,2026-05-31T11:37:29+00:00,45.91061,12.534464,26950,198,,False
1780227451,2026-05-31T11:37:31+00:00,45.912468,12.535107,26950,196,,False
1780227453,2026-05-31T11:37:33+00:00,45.914341,12.535561,26950,196,,False
1780227455,2026-05-31T11:37:35+00:00,45.916515,12.535978,26950,194,,False
1780227458,2026-05-31T11:37:38+00:00,45.918564,12.536074,26950,194,,False
1780227460,2026-05-31T11:37:40+00:00,45.920399,12.536019,26950,194,,False
1780227462,2026-05-31T11:37:42+00:00,45.922295,12.535868,26950,192,,False
1780227464,2026-05-31T11:37:44+00:00,45.924301,12.535511,26950,192,,False
1780227466,2026-05-31T11:37:46+00:00,45.925934,12.535093,26950,192,,False
1780227468,2026-05-31T11:37:48+00:00,45.927677,12.534357,26950,192,,False
1780227470,2026-05-31T11:37:50+00:00,45.929436,12.533438,26950,190,,False
1780227472,2026-05-31T11:37:52+00:00,45.931313,12.532332,26950,190,,False
1780227474,2026-05-31T11:37:54+00:00,45.932896,12.531302,26950,190,,False
1780227477,2026-05-31T11:37:57+00:00,45.934475,12.530077,26950,188,,False
1780227479,2026-05-31T11:37:59+00:00,45.935955,12.528825,26950,188,,False
1780227481,2026-05-31T11:38:01+00:00,45.937408,12.52727,26950,188,,False
1780227483,2026-05-31T11:38:03+00:00,45.938957,12.52546,26950,188,,False
1780227485,2026-05-31T11:38:05+00:00,45.940136,12.523854,26950,186,,False
1780227487,2026-05-31T11:38:07+00:00,45.941387,12.521959,26950,186,,False
1780227489,2026-05-31T11:38:09+00:00,45.942608,12.519659,26950,186,,False
1780227491,2026-05-31T11:38:11+00:00,45.94384,12.517364,26950,186,,False
1780227493,2026-05-31T11:38:13+00:00,45.94471,12.515324,26950,186,,False
1780227495,2026-05-31T11:38:15+00:00,45.945633,12.51292,26925,186,,False
1780227498,2026-05-31T11:38:18+00:00,45.946297,12.510766,26925,186,,False
1780227500,2026-05-31T11:38:20+00:00,45.946945,12.508313,26925,186,,False
1780227502,2026-05-31T11:38:22+00:00,45.947536,12.505774,26925,186,,False
1780227504,2026-05-31T11:38:24+00:00,45.947899,12.50336,26950,186,,False
1780227506,2026-05-31T11:38:26+00:00,45.948219,12.501022,26950,184,,False
1780227508,2026-05-31T11:38:28+00:00,45.948387,12.498438,26950,184,,False
1780227510,2026-05-31T11:38:30+00:00,45.948536,12.496036,26950,184,,False
1780227512,2026-05-31T11:38:32+00:00,45.948498,12.493066,26950,184,,False
1780227514,2026-05-31T11:38:34+00:00,45.948353,12.49036,26950,184,,False
1780227516,2026-05-31T11:38:36+00:00,45.948105,12.488211,26950,184,,False
1780227518,2026-05-31T11:38:38+00:00,45.947777,12.485524,26950,189,,False
1780227521,2026-05-31T11:38:41+00:00,45.947315,12.482937,26950,189,,False
1780227523,2026-05-31T11:38:43+00:00,45.946793,12.48051,26950,188,,False
1780227525,2026-05-31T11:38:45+00:00,45.945992,12.477975,26950,188,,False
1780227527,2026-05-31T11:38:47+00:00,45.94508,12.475691,26950,187,,False
1780227529,2026-05-31T11:38:49+00:00,45.944229,12.473406,26950,188,,False
1780227531,2026-05-31T11:38:51+00:00,45.943138,12.470808,26950,192,,False
1780227533,2026-05-31T11:38:53+00:00,45.94212,12.468961,26950,190,,False
1780227536,2026-05-31T11:38:56+00:00,45.940689,12.466643,26950,192,,False
1780227538,2026-05-31T11:38:58+00:00,45.939442,12.465052,26950,194,,False
1780227540,2026-05-31T11:39:00+00:00,45.938034,12.463051,26950,191,,False
1780227542,2026-05-31T11:39:02+00:00,45.936611,12.461382,26950,196,,False
1780227544,2026-05-31T11:39:04+00:00,45.935024,12.459809,26950,195,,False
1780227546,2026-05-31T11:39:06+00:00,45.933388,12.458172,26950,193,,False
1780227548,2026-05-31T11:39:08+00:00,45.93161,12.456805,26950,195,,False
1780227550,2026-05-31T11:39:10+00:00,45.929813,12.455567,26950,192,,False
1780227553,2026-05-31T11:39:13+00:00,45.928104,12.454772,26950,198,,False
1780227555,2026-05-31T11:39:15+00:00,45.926102,12.454012,26950,202,,False
1780227557,2026-05-31T11:39:17+00:00,45.924362,12.453426,26950,201,,False
1780227559,2026-05-31T11:39:19+00:00,45.922588,12.452812,26950,197,,False
1780227561,2026-05-31T11:39:21+00:00,45.920677,12.452214,26950,194,,False
1780227563,2026-05-31T11:39:23+00:00,45.918774,12.452098,26925,199,,False
1780227565,2026-05-31T11:39:25+00:00,45.916637,12.452096,26925,201,,False
1780227567,2026-05-31T11:39:27+00:00,45.914646,12.452193,26925,206,,False
1780227569,2026-05-31T11:39:29+00:00,45.912739,12.452342,26925,206,,False
1780227572,2026-05-31T11:39:32+00:00,45.910458,12.452834,26925,206,,False
1780227574,2026-05-31T11:39:34+00:00,45.908512,12.453477,26925,206,,False
1780227576,2026-05-31T11:39:36+00:00,45.906437,12.454312,26950,208,,False
1780227578,2026-05-31T11:39:38+00:00,45.90432,12.455594,26950,208,,False
1780227580,2026-05-31T11:39:40+00:00,45.902401,12.456665,26950,208,,False
1780227583,2026-05-31T11:39:43+00:00,45.900555,12.457978,26950,210,,False
1780227585,2026-05-31T11:39:45+00:00,45.898724,12.459392,26950,210,,False
1780227587,2026-05-31T11:39:47+00:00,45.897224,12.460804,26975,210,,False
1780227589,2026-05-31T11:39:49+00:00,45.895313,12.462806,26975,212,,False
1780227591,2026-05-31T11:39:51+00:00,45.893761,12.464725,26975,212,,False
1780227593,2026-05-31T11:39:53+00:00,45.892197,12.466702,26975,212,,False
1780227595,2026-05-31T11:39:55+00:00,45.89072,12.468908,26975,214,,False
1780227598,2026-05-31T11:39:58+00:00,45.889374,12.471151,26975,214,,False
1780227600,2026-05-31T11:40:00+00:00,45.888069,12.473527,26950,214,,False
1780227602,2026-05-31T11:40:02+00:00,45.886852,12.47606,26950,214,,False
1780227604,2026-05-31T11:40:04+00:00,45.885612,12.478973,26950,216,,False
1780227606,2026-05-31T11:40:06+00:00,45.884441,12.482265,26950,216,,False
1780227608,2026-05-31T11:40:08+00:00,45.883675,12.48442,26950,216,,False
1780227611,2026-05-31T11:40:11+00:00,45.882919,12.487207,26950,216,,False
1780227613,2026-05-31T11:40:13+00:00,45.882133,12.490545,26950,216,,False
1780227615,2026-05-31T11:40:15+00:00,45.881626,12.493359,26950,216,,False
1780227617,2026-05-31T11:40:17+00:00,45.881176,12.496706,26950,216,,False
1780227620,2026-05-31T11:40:20+00:00,45.880924,12.499646,26950,214,,False
1780227622,2026-05-31T11:40:22+00:00,45.88068,12.502795,26950,214,,False
1780227624,2026-05-31T11:40:24+00:00,45.880608,12.505623,26950,214,,False
1780227626,2026-05-31T11:40:26+00:00,45.88063,12.508535,26925,214,,False
1780227628,2026-05-31T11:40:28+00:00,45.880783,12.511831,26925,214,,False
1780227630,2026-05-31T11:40:30+00:00,45.881096,12.515253,26925,212,,False
1780227632,2026-05-31T11:40:32+00:00,45.881496,12.517892,26950,212,,False
1780227635,2026-05-31T11:40:35+00:00,45.881989,12.520678,26950,210,,False
1780227637,2026-05-31T11:40:37+00:00,45.882618,12.523517,26950,210,,False
1780227639,2026-05-31T11:40:39+00:00,45.883331,12.526168,26950,210,,False
1780227641,2026-05-31T11:40:41+00:00,45.884151,12.528793,26950,208,,False
1780227643,2026-05-31T11:40:43+00:00,45.885033,12.531367,26950,208,,False
1780227645,2026-05-31T11:40:45+00:00,45.886112,12.53399,26950,208,,False
1780227647,2026-05-31T11:40:47+00:00,45.887272,12.536487,26950,206,,False
1780227649,2026-05-31T11:40:49+00:00,45.888523,12.538899,26950,206,,False
1780227651,2026-05-31T11:40:51+00:00,45.889919,12.541234,26950,206,,False
1780227654,2026-05-31T11:40:54+00:00,45.891083,12.542956,26950,204,,False
1780227656,2026-05-31T11:40:56+00:00,45.892673,12.545088,26950,204,,False
1780227658,2026-05-31T11:40:58+00:00,45.894264,12.547073,26950,202,,False
1780227660,2026-05-31T11:41:00+00:00,45.895893,12.54876,26950,202,,False
1780227663,2026-05-31T11:41:03+00:00,45.897743,12.550368,26950,200,,False
1780227665,2026-05-31T11:41:05+00:00,45.899418,12.551846,26950,200,,False
1780227667,2026-05-31T11:41:07+00:00,45.901295,12.553054,26950,198,,False
1780227669,2026-05-31T11:41:09+00:00,45.903069,12.554104,26950,198,,False
1780227671,2026-05-31T11:41:11+00:00,45.904835,12.554951,26950,196,,False
1780227673,2026-05-31T11:41:13+00:00,45.906788,12.555695,26950,196,,False
1780227675,2026-05-31T11:41:15+00:00,45.908718,12.556239,26950,194,,False
1780227678,2026-05-31T11:41:18+00:00,45.910587,12.556824,26950,194,,False
1780227680,2026-05-31T11:41:20+00:00,45.912411,12.556925,26950,192,,False
1780227682,2026-05-31T11:41:22+00:00,45.91444,12.556904,26950,192,,False
1780227684,2026-05-31T11:41:24+00:00,45.916084,12.556694,26950,190,,False
1780227686,2026-05-31T11:41:26+00:00,45.918083,12.556438,26950,190,,False
1780227688,2026-05-31T11:41:28+00:00,45.919838,12.556097,26950,188,,False
1780227690,2026-05-31T11:41:30+00:00,45.921577,12.555469,26950,188,,False
1780227692,2026-05-31T11:41:32+00:00,45.923309,12.554734,26950,188,,False
1780227694,2026-05-31T11:41:34+00:00,45.925037,12.553837,26950,188,,False
1780227696,2026-05-31T11:41:36+00:00,45.926598,12.552889,26950,186,,False
1780227698,2026-05-31T11:41:38+00:00,45.9282,12.551722,26950,186,,False
1780227701,2026-05-31T11:41:41+00:00,45.929688,12.550468,26950,184,,False
1780227703,2026-05-31T11:41:43+00:00,45.931252,12.548958,26950,184,,False
1780227705,2026-05-31T11:41:45+00:00,45.932602,12.547438,26950,184,,False
1780227707,2026-05-31T11:41:47+00:00,45.933891,12.54575,26950,184,,False
1780227709,2026-05-31T11:41:49+00:00,45.935108,12.544006,26950,182,,False
1780227711,2026-05-31T11:41:51+00:00,45.936367,12.542071,26950,182,,False
1780227713,2026-05-31T11:41:53+00:00,45.937378,12.540087,26950,182,,False
1780227715,2026-05-31T11:41:55+00:00,45.938236,12.538266,26950,182,,False
1780227717,2026-05-31T11:41:57+00:00,45.939255,12.53586,26950,182,,False
1780227719,2026-05-31T11:41:59+00:00,45.940086,12.533411,26950,182,,False
1780227721,2026-05-31T11:42:01+00:00,45.940639,12.531389,26950,182,,False
1780227723,2026-05-31T11:42:03+00:00,45.941376,12.528699,26950,182,,False
1780227725,2026-05-31T11:42:05+00:00,45.941734,12.526429,26950,182,,False
1780227727,2026-05-31T11:42:07+00:00,45.942097,12.524026,26950,182,,False
1780227729,2026-05-31T11:42:09+00:00,45.942375,12.521543,26950,182,,False
1780227731,2026-05-31T11:42:11+00:00,45.942509,12.519072,26950,182,,False
1780227734,2026-05-31T11:42:14+00:00,45.942425,12.516788,26950,182,,False
1780227736,2026-05-31T11:42:16+00:00,45.94236,12.513992,26925,182,,False
1780227738,2026-05-31T11:42:18+00:00,45.942127,12.511435,26925,182,,False
1780227740,2026-05-31T11:42:20+00:00,45.941891,12.508801,26925,182,,False
1780227742,2026-05-31T11:42:22+00:00,45.941479,12.506085,26950,190,,False
1780227744,2026-05-31T11:42:24+00:00,45.940857,12.503674,26950,182,,False
1780227747,2026-05-31T11:42:27+00:00,45.940113,12.501177,26950,185,,False
1780227749,2026-05-31T11:42:29+00:00,45.939102,12.498252,26950,185,,False
1780227751,2026-05-31T11:42:31+00:00,45.938198,12.496222,26950,189,,False
1780227753,2026-05-31T11:42:33+00:00,45.936974,12.493677,26950,184,,False
1780227755,2026-05-31T11:42:35+00:00,45.936058,12.492059,26950,189,,False
1780227757,2026-05-31T11:42:37+00:00,45.934784,12.490088,26950,192,,False
1780227760,2026-05-31T11:42:40+00:00,45.933559,12.488163,26950,190,,False
1780227762,2026-05-31T11:42:42+00:00,45.932098,12.486402,26950,189,,False
1780227764,2026-05-31T11:42:44+00:00,45.930584,12.48471,26950,192,,False
1780227766,2026-05-31T11:42:46+00:00,45.928909,12.483145,26950,192,,False
1780227768,2026-05-31T11:42:48+00:00,45.927158,12.48168,26950,195,,False
1780227771,2026-05-31T11:42:51+00:00,45.925262,12.480165,26950,194,,False
1780227773,2026-05-31T11:42:53+00:00,45.923485,12.47912,26950,193,,False
1780227775,2026-05-31T11:42:55+00:00,45.921619,12.478121,26950,193,,False
1780227777,2026-05-31T11:42:57+00:00,45.919743,12.477479,26925,197,,False
1780227780,2026-05-31T11:43:00+00:00,45.917362,12.476859,26925,197,,False
1780227782,2026-05-31T11:43:02+00:00,45.915485,12.476553,26925,195,,False
1780227784,2026-05-31T11:43:04+00:00,45.913609,12.476199,26925,198,,False
1780227786,2026-05-31T11:43:06+00:00,45.911514,12.476037,26950,205,,False
1780227788,2026-05-31T11:43:08+00:00,45.909473,12.476214,26950,204,,False
1780227790,2026-05-31T11:43:10+00:00,45.907352,12.4767,26950,206,,False
1780227793,2026-05-31T11:43:13+00:00,45.905373,12.477267,26950,206,,False
1780227795,2026-05-31T11:43:15+00:00,45.903278,12.477845,26975,208,,False
1780227797,2026-05-31T11:43:17+00:00,45.90144,12.478564,26975,208,,False
1780227799,2026-05-31T11:43:19+00:00,45.899639,12.479439,26950,210,,False
1780227802,2026-05-31T11:43:22+00:00,45.89748,12.480771,26975,210,,False
1780227804,2026-05-31T11:43:24+00:00,45.895424,12.48234,26975,212,,False
1780227806,2026-05-31T11:43:26+00:00,45.89336,12.484083,26975,212,,False
1780227808,2026-05-31T11:43:28+00:00,45.89164,12.485748,26975,212,,False
1780227810,2026-05-31T11:43:30+00:00,45.889683,12.487605,26975,214,,False
1780227812,2026-05-31T11:43:32+00:00,45.888321,12.489351,26950,214,,False
1780227815,2026-05-31T11:43:35+00:00,45.88657,12.491871,26950,214,,False
1780227817,2026-05-31T11:43:37+00:00,45.884933,12.494267,26950,214,,False
1780227819,2026-05-31T11:43:39+00:00,45.883659,12.496504,26950,214,,False
1780227821,2026-05-31T11:43:41+00:00,45.882412,12.498981,26925,214,,False
1780227824,2026-05-31T11:43:44+00:00,45.881046,12.502035,26925,214,,False
1780227826,2026-05-31T11:43:46+00:00,45.880043,12.504605,26925,214,,False
1780227828,2026-05-31T11:43:48+00:00,45.879253,12.507013,26925,214,,False
1780227830,2026-05-31T11:43:50+00:00,45.878319,12.509851,26925,214,,False
1780227832,2026-05-31T11:43:52+00:00,45.877636,12.512787,26950,214,,False
1780227834,2026-05-31T11:43:54+00:00,45.876984,12.515672,26950,214,,False
1780227836,2026-05-31T11:43:56+00:00,45.876614,12.518336,26950,214,,False
1780227839,2026-05-31T11:43:59+00:00,45.87624,12.521415,26950,214,,False
1780227841,2026-05-31T11:44:01+00:00,45.875999,12.524236,26950,214,,False
1780227843,2026-05-31T11:44:03+00:00,45.875835,12.527256,26950,212,,False
1780227845,2026-05-31T11:44:05+00:00,45.875835,12.530486,26950,212,,False
1780227847,2026-05-31T11:44:07+00:00,45.875896,12.53358,26950,212,,False
1780227849,2026-05-31T11:44:09+00:00,45.876068,12.536451,26950,212,,False
1780227851,2026-05-31T11:44:11+00:00,45.876461,12.539292,26925,210,,False
1780227854,2026-05-31T11:44:14+00:00,45.876965,12.542147,26925,210,,False
1780227856,2026-05-31T11:44:16+00:00,45.877701,12.545644,26950,208,,False
1780227858,2026-05-31T11:44:18+00:00,45.878605,12.548299,26950,208,,False
1780227860,2026-05-31T11:44:20+00:00,45.879524,12.550892,26950,208,,False
1780227863,2026-05-31T11:44:23+00:00,45.880688,12.553342,26950,206,,False
1780227865,2026-05-31T11:44:25+00:00,45.881889,12.555909,26950,206,,False
1780227867,2026-05-31T11:44:27+00:00,45.883354,12.558252,26950,204,,False
1780227869,2026-05-31T11:44:29+00:00,45.884705,12.560295,26950,204,,False
1780227871,2026-05-31T11:44:31+00:00,45.886311,12.562284,26950,202,,False
1780227874,2026-05-31T11:44:34+00:00,45.887852,12.563904,26950,202,,False
1780227876,2026-05-31T11:44:36+00:00,45.889484,12.565526,26950,198,,False
1780227878,2026-05-31T11:44:38+00:00,45.891464,12.567038,26950,196,,False
1780227880,2026-05-31T11:44:40+00:00,45.893162,12.568238,26950,196,,False
1780227882,2026-05-31T11:44:42+00:00,45.894947,12.569122,26950,194,,False
1780227885,2026-05-31T11:44:45+00:00,45.896782,12.569733,26950,194,,False
1780227887,2026-05-31T11:44:47+00:00,45.899132,12.570397,26950,192,,False
1780227889,2026-05-31T11:44:49+00:00,45.90089,12.57075,26950,190,,False
1780227891,2026-05-31T11:44:51+00:00,45.902737,12.570886,26950,190,,False
1780227893,2026-05-31T11:44:53+00:00,45.904549,12.570777,26950,190,,False
1780227895,2026-05-31T11:44:55+00:00,45.906414,12.570283,26950,188,,False
1780227897,2026-05-31T11:44:57+00:00,45.908459,12.56959,26925,188,,False
1780227900,2026-05-31T11:45:00+00:00,45.909927,12.56905,26925,184,,False
1780227902,2026-05-31T11:45:02+00:00,45.911598,12.56805,26950,184,,False
1780227904,2026-05-31T11:45:04+00:00,45.913456,12.566841,26950,184,,False
1780227906,2026-05-31T11:45:06+00:00,45.914875,12.565551,26950,182,,False
1780227908,2026-05-31T11:45:08+00:00,45.916267,12.564134,26950,182,,False
1780227910,2026-05-31T11:45:10+00:00,45.917572,12.562652,26950,180,,False
1780227913,2026-05-31T11:45:13+00:00,45.919022,12.56055,26950,180,,False
1780227915,2026-05-31T11:45:15+00:00,45.920177,12.558671,26950,180,,False
1780227917,2026-05-31T11:45:17+00:00,45.921219,12.556581,26950,180,,False
1780227919,2026-05-31T11:45:19+00:00,45.922146,12.55424,26950,180,,False
1780227921,2026-05-31T11:45:21+00:00,45.923042,12.551781,26950,180,,False
1780227923,2026-05-31T11:45:23+00:00,45.923573,12.549794,26950,180,,False
1780227926,2026-05-31T11:45:26+00:00,45.924088,12.547211,26975,180,,False
1780227928,2026-05-31T11:45:28+00:00,45.9245,12.544806,26950,182,,False
1780227930,2026-05-31T11:45:30+00:00,45.924778,12.542035,26950,182,,False
1780227932,2026-05-31T11:45:32+00:00,45.92482,12.539303,26950,182,,False
1780227934,2026-05-31T11:45:34+00:00,45.92469,12.537016,26950,182,,False
1780227936,2026-05-31T11:45:36+00:00,45.924503,12.534227,26950,182,,False
1780227938,2026-05-31T11:45:38+00:00,45.924175,12.531703,26950,182,,False
1780227940,2026-05-31T11:45:40+00:00,45.923656,12.529026,26950,190,,False
1780227943,2026-05-31T11:45:43+00:00,45.923061,12.526654,26950,188,,False
1780227945,2026-05-31T11:45:45+00:00,45.92234,12.524235,26950,188,,False
1780227947,2026-05-31T11:45:47+00:00,45.921364,12.521892,26950,189,,False
1780227949,2026-05-31T11:45:49+00:00,45.92049,12.519666,26950,191,,False
1780227951,2026-05-31T11:45:51+00:00,45.919342,12.51769,26950,191,,False
1780227953,2026-05-31T11:45:53+00:00,45.917953,12.515597,26950,191,,False
1780227955,2026-05-31T11:45:55+00:00,45.916458,12.513454,26950,193,,False
1780227958,2026-05-31T11:45:58+00:00,45.915073,12.511865,26950,194,,False
1780227960,2026-05-31T11:46:00+00:00,45.913391,12.510034,26950,194,,False
1780227962,2026-05-31T11:46:02+00:00,45.911598,12.508732,26950,199,,False
1780227964,2026-05-31T11:46:04+00:00,45.909767,12.507473,26950,199,,False
1780227967,2026-05-31T11:46:07+00:00,45.907669,12.506351,26950,201,,False
1780227969,2026-05-31T11:46:09+00:00,45.90575,12.505545,26950,203,,False
1780227971,2026-05-31T11:46:11+00:00,45.903812,12.504847,26950,202,,False
1780227973,2026-05-31T11:46:13+00:00,45.901939,12.504434,26950,204,,False
1780227975,2026-05-31T11:46:15+00:00,45.899727,12.504088,26950,202,,False
1780227978,2026-05-31T11:46:18+00:00,45.897369,12.50421,26950,210,,False
1780227980,2026-05-31T11:46:20+00:00,45.895088,12.504523,26950,210,,False
1780227982,2026-05-31T11:46:22+00:00,45.892986,12.505112,26950,210,,False
1780227984,2026-05-31T11:46:24+00:00,45.890724,12.50574,26950,212,,False
1780227986,2026-05-31T11:46:26+00:00,45.888966,12.50642,26950,212,,False
1780227988,2026-05-31T11:46:28+00:00,45.887108,12.507469,26950,214,,False
1780227991,2026-05-31T11:46:31+00:00,45.885056,12.508822,26950,214,,False
1780227993,2026-05-31T11:46:33+00:00,45.883171,12.510254,26925,214,,False
1780227995,2026-05-31T11:46:35+00:00,45.881233,12.512047,26925,214,,False
1780227997,2026-05-31T11:46:37+00:00,45.879539,12.513902,26925,216,,False
1780227999,2026-05-31T11:46:39+00:00,45.877731,12.516089,26925,216,,False
1780228001,2026-05-31T11:46:41+00:00,45.876415,12.517859,26925,216,,False
1780228004,2026-05-31T11:46:44+00:00,45.874985,12.520268,26925,216,,False
1780228006,2026-05-31T11:46:46+00:00,45.873466,12.523214,26925,216,,False
1780228008,2026-05-31T11:46:48+00:00,45.872116,12.526104,26950,216,,False
1780228011,2026-05-31T11:46:51+00:00,45.871262,12.528563,26950,216,,False
1780228013,2026-05-31T11:46:53+00:00,45.870331,12.531378,26950,216,,False
1780228015,2026-05-31T11:46:55+00:00,45.869446,12.53476,26950,216,,False
1780228017,2026-05-31T11:46:57+00:00,45.868839,12.53786,26950,216,,False
1780228019,2026-05-31T11:46:59+00:00,45.868469,12.540725,26950,216,,False
1780228021,2026-05-31T11:47:01+00:00,45.868092,12.54356,26950,214,,False
1780228023,2026-05-31T11:47:03+00:00,45.867947,12.546332,26950,214,,False
1780228025,2026-05-31T11:47:05+00:00,45.867973,12.549216,26950,214,,False
1780228028,2026-05-31T11:47:08+00:00,45.868069,12.552814,26950,214,,False
1780228030,2026-05-31T11:47:10+00:00,45.868237,12.555125,26950,214,,False
1780228032,2026-05-31T11:47:12+00:00,45.86861,12.557838,26950,212,,False
1780228034,2026-05-31T11:47:14+00:00,45.869164,12.5609,26950,212,,False
1780228036,2026-05-31T11:47:16+00:00,45.869869,12.564032,26950,210,,False
1780228038,2026-05-31T11:47:18+00:00,45.870735,12.56678,26950,210,,False
1780228040,2026-05-31T11:47:20+00:00,45.871693,12.569322,26950,210,,False
1780228042,2026-05-31T11:47:22+00:00,45.872726,12.571825,26950,210,,False
1780228044,2026-05-31T11:47:24+00:00,45.873817,12.574056,26950,208,,False
1780228047,2026-05-31T11:47:27+00:00,45.875149,12.576519,26925,206,,False
1780228049,2026-05-31T11:47:29+00:00,45.876492,12.578516,26950,206,,False
1780228051,2026-05-31T11:47:31+00:00,45.877899,12.580411,26950,206,,False
1780228053,2026-05-31T11:47:33+00:00,45.879692,12.582544,26950,202,,False
1780228055,2026-05-31T11:47:35+00:00,45.881168,12.583957,26950,202,,False
1780228057,2026-05-31T11:47:37+00:00,45.88287,12.585391,26950,200,,False
1780228059,2026-05-31T11:47:39+00:00,45.884624,12.586603,26950,198,,False
1780228062,2026-05-31T11:47:42+00:00,45.886486,12.587701,26950,198,,False
1780228064,2026-05-31T11:47:44+00:00,45.888275,12.58855,26950,196,,False
1780228066,2026-05-31T11:47:46+00:00,45.890293,12.589244,26950,194,,False
1780228068,2026-05-31T11:47:48+00:00,45.892204,12.589727,26950,192,,False
1780228070,2026-05-31T11:47:50+00:00,45.893921,12.589885,26950,192,,False
1780228072,2026-05-31T11:47:52+00:00,45.895786,12.589974,26950,190,,False
1780228074,2026-05-31T11:47:54+00:00,45.897762,12.589721,26950,190,,False
1780228077,2026-05-31T11:47:57+00:00,45.899647,12.589385,26950,188,,False
1780228079,2026-05-31T11:47:59+00:00,45.901695,12.58866,26950,186,,False
1780228081,2026-05-31T11:48:01+00:00,45.903179,12.588035,26950,186,,False
1780228083,2026-05-31T11:48:03+00:00,45.904999,12.586975,26950,184,,False
1780228085,2026-05-31T11:48:05+00:00,45.906643,12.585829,26950,184,,False
1780228088,2026-05-31T11:48:08+00:00,45.908451,12.584214,26950,184,,False
1780228090,2026-05-31T11:48:10+00:00,45.909809,12.582783,26950,184,,False
1780228092,2026-05-31T11:48:12+00:00,45.911251,12.581164,26950,182,,False
1780228094,2026-05-31T11:48:14+00:00,45.912582,12.579112,26950,182,,False
1780228096,2026-05-31T11:48:16+00:00,45.913765,12.577115,26950,182,,False
1780228099,2026-05-31T11:48:19+00:00,45.91478,12.574894,26950,182,,False
1780228101,2026-05-31T11:48:21+00:00,45.915585,12.57278,26950,182,,False
1780228103,2026-05-31T11:48:23+00:00,45.916519,12.570251,26950,182,,False
1780228105,2026-05-31T11:48:25+00:00,45.917061,12.568093,26950,182,,False
1780228107,2026-05-31T11:48:27+00:00,45.917713,12.564993,26950,182,,False
1780228109,2026-05-31T11:48:29+00:00,45.917892,12.563209,26950,182,,False
1780228111,2026-05-31T11:48:31+00:00,45.918179,12.560304,26950,182,,False
1780228114,2026-05-31T11:48:34+00:00,45.918343,12.557432,26950,182,,False
1780228116,2026-05-31T11:48:36+00:00,45.918198,12.554687,26950,182,,False
1780228118,2026-05-31T11:48:38+00:00,45.917973,12.551918,26950,182,,False
1780228120,2026-05-31T11:48:40+00:00,45.917645,12.549835,26950,182,,False
1780228122,2026-05-31T11:48:42+00:00,45.917171,12.547347,26950,186,,False
1780228124,2026-05-31T11:48:44+00:00,45.916454,12.544471,26950,189,,False
1780228127,2026-05-31T11:48:47+00:00,45.915779,12.542242,26950,191,,False
1780228129,2026-05-31T11:48:49+00:00,45.914749,12.540006,26950,188,,False
1780228131,2026-05-31T11:48:51+00:00,45.913441,12.537133,26950,194,,False
1780228133,2026-05-31T11:48:53+00:00,45.912189,12.535104,26950,191,,False
1780228135,2026-05-31T11:48:55+00:00,45.910919,12.533237,26950,194,,False
1780228138,2026-05-31T11:48:58+00:00,45.909336,12.531117,26950,196,,False
1780228140,2026-05-31T11:49:00+00:00,45.907913,12.529613,26950,196,,False
1780228142,2026-05-31T11:49:02+00:00,45.906273,12.527983,26950,198,,False
1780228144,2026-05-31T11:49:04+00:00,45.904652,12.526651,26950,199,,False
1780228146,2026-05-31T11:49:06+00:00,45.902748,12.525418,26950,197,,False
1780228148,2026-05-31T11:49:08+00:00,45.900978,12.524366,26950,203,,False
1780228151,2026-05-31T11:49:11+00:00,45.898899,12.523474,26950,205,,False
1780228153,2026-05-31T11:49:13+00:00,45.896919,12.522934,26950,206,,False
1780228155,2026-05-31T11:49:15+00:00,45.894356,12.522515,26950,207,,False
1780228157,2026-05-31T11:49:17+00:00,45.892513,12.522244,26950,208,,False
1780228159,2026-05-31T11:49:19+00:00,45.890667,12.522193,26950,210,,False
1780228162,2026-05-31T11:49:22+00:00,45.888336,12.522448,26950,210,,False
1780228164,2026-05-31T11:49:24+00:00,45.886421,12.522892,26950,212,,False
1780228166,2026-05-31T11:49:26+00:00,45.884136,12.523554,26925,212,,False
1780228168,2026-05-31T11:49:28+00:00,45.882172,12.524373,26925,214,,False
1780228170,2026-05-31T11:49:30+00:00,45.880352,12.525388,26925,214,,False
1780228172,2026-05-31T11:49:32+00:00,45.878372,12.526607,26925,214,,False
1780228174,2026-05-31T11:49:34+00:00,45.876328,12.528142,26925,214,,False
1780228177,2026-05-31T11:49:37+00:00,45.874653,12.529736,26925,216,,False
1780228179,2026-05-31T11:49:39+00:00,45.872723,12.531739,26925,216,,False
1780228181,2026-05-31T11:49:41+00:00,45.871002,12.533808,26950,216,,False
1780228183,2026-05-31T11:49:43+00:00,45.869617,12.535664,26950,216,,False
1780228185,2026-05-31T11:49:45+00:00,45.868336,12.537938,26950,216,,False
1780228187,2026-05-31T11:49:47+00:00,45.866985,12.540531,26950,216,,False
1780228190,2026-05-31T11:49:50+00:00,45.865726,12.543061,26950,216,,False
1780228192,2026-05-31T11:49:52+00:00,45.864582,12.545967,26950,216,,False
1780228194,2026-05-31T11:49:54+00:00,45.863594,12.549006,26950,216,,False
1780228196,2026-05-31T11:49:56+00:00,45.862762,12.551764,26950,216,,False
1780228199,2026-05-31T11:49:59+00:00,45.862129,12.554738,26950,216,,False
1780228201,2026-05-31T11:50:01+00:00,45.861675,12.557784,26950,214,,False
1780228203,2026-05-31T11:50:03+00:00,45.861187,12.561218,26950,214,,False
1780228205,2026-05-31T11:50:05+00:00,45.861004,12.564298,26950,214,,False
1780228207,2026-05-31T11:50:07+00:00,45.861069,12.567134,26950,212,,False
1780228209,2026-05-31T11:50:09+00:00,45.86113,12.57004,26950,212,,False
1780228212,2026-05-31T11:50:12+00:00,45.861347,12.573243,26950,210,,False
1780228214,2026-05-31T11:50:14+00:00,45.861759,12.576221,26950,210,,False
1780228216,2026-05-31T11:50:16+00:00,45.862278,12.579371,26950,208,,False
1780228218,2026-05-31T11:50:18+00:00,45.862957,12.58216,26950,208,,False
1780228220,2026-05-31T11:50:20+00:00,45.863785,12.58472,26925,206,,False
1780228223,2026-05-31T11:50:23+00:00,45.864861,12.587564,26925,206,,False
1780228225,2026-05-31T11:50:25+00:00,45.866096,12.59024,26925,204,,False
1780228227,2026-05-31T11:50:27+00:00,45.867249,12.592489,26925,204,,False
1780228229,2026-05-31T11:50:29+00:00,45.868553,12.594601,26925,202,,False
1780228231,2026-05-31T11:50:31+00:00,45.869831,12.596509,26950,200,,False
1780228233,2026-05-31T11:50:33+00:00,45.871265,12.598233,26950,200,,False
1780228236,2026-05-31T11:50:36+00:00,45.873238,12.600362,26950,198,,False
1780228238,2026-05-31T11:50:38+00:00,45.874836,12.601819,26950,196,,False
1780228240,2026-05-31T11:50:40+00:00,45.876637,12.603244,26950,196,,False
1780228242,2026-05-31T11:50:42+00:00,45.878281,12.604132,26950,194,,False
1780228244,2026-05-31T11:50:44+00:00,45.880074,12.605012,26950,192,,False
1780228246,2026-05-31T11:50:46+00:00,45.881836,12.605775,26950,190,,False
1780228249,2026-05-31T11:50:49+00:00,45.883968,12.606208,26950,190,,False
1780228251,2026-05-31T11:50:51+00:00,45.88591,12.606555,26950,188,,False
1780228253,2026-05-31T11:50:53+00:00,45.887703,12.606675,26950,188,,False
1780228255,2026-05-31T11:50:55+00:00,45.889629,12.606401,26950,186,,False
1780228257,2026-05-31T11:50:57+00:00,45.891682,12.605959,26950,186,,False
1780228260,2026-05-31T11:51:00+00:00,45.893375,12.605382,26950,182,,False
1780228262,2026-05-31T11:51:02+00:00,45.895103,12.604553,26950,182,,False
1780228264,2026-05-31T11:51:04+00:00,45.896809,12.603591,26950,182,,False
1780228267,2026-05-31T11:51:07+00:00,45.89859,12.602152,26950,180,,False
1780228269,2026-05-31T11:51:09+00:00,45.900139,12.60082,26950,180,,False
1780228271,2026-05-31T11:51:11+00:00,45.901527,12.599291,26925,178,,False
1780228273,2026-05-31T11:51:13+00:00,45.902851,12.597543,26925,178,,False
1780228275,2026-05-31T11:51:15+00:00,45.904228,12.595475,26925,178,,False
1780228277,2026-05-31T11:51:17+00:00,45.905228,12.5936,26925,176,,False
1780228279,2026-05-31T11:51:19+00:00,45.906261,12.591361,26950,176,,False
1780228282,2026-05-31T11:51:22+00:00,45.907066,12.589182,26925,176,,False
1780228284,2026-05-31T11:51:24+00:00,45.907707,12.586983,26925,176,,False
1780228286,2026-05-31T11:51:26+00:00,45.908268,12.584595,26925,178,,False
1780228289,2026-05-31T11:51:29+00:00,45.908886,12.581306,26950,178,,False
1780228291,2026-05-31T11:51:31+00:00,45.909119,12.578792,26950,178,,False
1780228293,2026-05-31T11:51:33+00:00,45.909073,12.576521,26950,178,,False
1780228295,2026-05-31T11:51:35+00:00,45.909039,12.573881,26950,178,,False
1780228297,2026-05-31T11:51:37+00:00,45.908836,12.571786,26950,178,,False
1780228299,2026-05-31T11:51:39+00:00,45.908554,12.569331,26950,178,,False
1780228301,2026-05-31T11:51:41+00:00,45.908047,12.566779,26950,178,,False
1780228303,2026-05-31T11:51:43+00:00,45.907532,12.564625,26950,182,,False
1780228305,2026-05-31T11:51:45+00:00,45.90683,12.561611,26950,187,,False
1780228308,2026-05-31T11:51:48+00:00,45.905987,12.559661,26950,188,,False
1780228310,2026-05-31T11:51:50+00:00,45.904922,12.557443,26950,187,,False
1780228312,2026-05-31T11:51:52+00:00,45.903839,12.55554,26950,188,,False
1780228314,2026-05-31T11:51:54+00:00,45.902561,12.553616,26975,187,,False
1780228316,2026-05-31T11:51:56+00:00,45.901154,12.551488,26975,184,,False
1780228318,2026-05-31T11:51:58+00:00,45.899948,12.54935,26975,189,,False
1780228321,2026-05-31T11:52:01+00:00,45.89875,12.547279,26950,188,,False
1780228323,2026-05-31T11:52:03+00:00,45.897369,12.544884,26950,194,,False
1780228325,2026-05-31T11:52:05+00:00,45.896339,12.543196,26950,189,,False
1780228327,2026-05-31T11:52:07+00:00,45.895088,12.541076,26950,190,,False
1780228329,2026-05-31T11:52:09+00:00,45.893826,12.538995,26950,194,,False
1780228331,2026-05-31T11:52:11+00:00,45.892673,12.537059,26950,190,,False
1780228333,2026-05-31T11:52:13+00:00,45.891487,12.53503,26925,190,,False
1780228336,2026-05-31T11:52:16+00:00,45.890308,12.532933,26925,190,,False
1780228338,2026-05-31T11:52:18+00:00,45.888874,12.530704,26925,192,,False
1780228340,2026-05-31T11:52:20+00:00,45.887753,12.528854,26925,193,,False
1780228342,2026-05-31T11:52:22+00:00,45.886578,12.526777,26925,191,,False
1780228344,2026-05-31T11:52:24+00:00,45.88538,12.524681,26925,191,,False
1780228346,2026-05-31T11:52:26+00:00,45.884125,12.522613,26925,191,,False
1780228348,2026-05-31T11:52:28+00:00,45.88303,12.520636,26925,189,,False
1780228351,2026-05-31T11:52:31+00:00,45.881721,12.518545,26925,191,,False
1780228353,2026-05-31T11:52:33+00:00,45.880238,12.516075,26925,189,,False
1780228355,2026-05-31T11:52:35+00:00,45.879101,12.514319,26925,191,,False
1780228357,2026-05-31T11:52:37+00:00,45.877804,12.512153,26925,194,,False
1780228360,2026-05-31T11:52:40+00:00,45.876297,12.509692,26925,194,,False
1780228362,2026-05-31T11:52:42+00:00,45.874893,12.507845,26925,191,,False
1780228364,2026-05-31T11:52:44+00:00,45.873516,12.50623,26925,192,,False
1780228366,2026-05-31T11:52:46+00:00,45.871975,12.504706,26950,193,,False
1780228368,2026-05-31T11:52:48+00:00,45.870193,12.50323,26950,195,,False
1780228370,2026-05-31T11:52:50+00:00,45.868546,12.502242,26950,198,,False
1780228372,2026-05-31T11:52:52+00:00,45.86689,12.501229,26950,199,,False
1780228374,2026-05-31T11:52:54+00:00,45.864872,12.500184,26950,193,,False
1780228376,2026-05-31T11:52:56+00:00,45.863094,12.49969,26950,197,,False
1780228378,2026-05-31T11:52:58+00:00,45.861134,12.499282,26950,200,,False
1780228381,2026-05-31T11:53:01+00:00,45.859169,12.499029,26950,195,,False
1780228383,2026-05-31T11:53:03+00:00,45.856995,12.499009,26950,204,,False
1780228385,2026-05-31T11:53:05+00:00,45.854893,12.499167,26950,206,,False
1780228387,2026-05-31T11:53:07+00:00,45.852695,12.499571,26950,206,,False
1780228390,2026-05-31T11:53:10+00:00,45.850708,12.500265,26950,208,,False
1780228392,2026-05-31T11:53:12+00:00,45.848682,12.501073,26950,208,,False
1780228394,2026-05-31T11:53:14+00:00,45.846516,12.502089,26950,208,,False
1780228396,2026-05-31T11:53:16+00:00,45.844662,12.503362,26950,210,,False
1780228398,2026-05-31T11:53:18+00:00,45.842667,12.505029,26950,210,,False
1780228400,2026-05-31T11:53:20+00:00,45.840916,12.506585,26950,212,,False
1780228403,2026-05-31T11:53:23+00:00,45.839222,12.508221,26950,212,,False
1780228405,2026-05-31T11:53:25+00:00,45.83765,12.510108,26950,212,,False
1780228407,2026-05-31T11:53:27+00:00,45.836006,12.512467,26950,212,,False
1780228409,2026-05-31T11:53:29+00:00,45.834732,12.514593,26950,212,,False
1780228411,2026-05-31T11:53:31+00:00,45.833412,12.517142,26950,214,,False
1780228413,2026-05-31T11:53:33+00:00,45.832287,12.519493,26975,214,,False
1780228415,2026-05-31T11:53:35+00:00,45.831161,12.522216,26975,214,,False
1780228418,2026-05-31T11:53:38+00:00,45.830231,12.52489,26975,214,,False
1780228420,2026-05-31T11:53:40+00:00,45.829548,12.52741,26975,212,,False
1780228422,2026-05-31T11:53:42+00:00,45.828861,12.530251,26975,212,,False
1780228424,2026-05-31T11:53:44+00:00,45.828346,12.533082,26950,212,,False
1780228426,2026-05-31T11:53:46+00:00,45.82795,12.535934,26950,212,,False
1780228428,2026-05-31T11:53:48+00:00,45.827744,12.538776,26950,210,,False
1780228431,2026-05-31T11:53:51+00:00,45.827553,12.542081,26950,208,,False
1780228433,2026-05-31T11:53:53+00:00,45.827583,12.545359,26950,208,,False
1780228435,2026-05-31T11:53:55+00:00,45.827789,12.548357,26950,206,,False
1780228437,2026-05-31T11:53:57+00:00,45.828156,12.550996,26950,204,,False
1780228439,2026-05-31T11:53:59+00:00,45.828659,12.553732,26950,204,,False
1780228441,2026-05-31T11:54:01+00:00,45.829147,12.556265,26950,202,,False
1780228443,2026-05-31T11:54:03+00:00,45.82999,12.559237,26950,202,,False
1780228445,2026-05-31T11:54:05+00:00,45.830727,12.56126,26950,200,,False
1780228447,2026-05-31T11:54:07+00:00,45.831722,12.564063,26950,198,,False
1780228449,2026-05-31T11:54:09+00:00,45.832729,12.56612,26950,196,,False
1780228452,2026-05-31T11:54:12+00:00,45.833866,12.56813,26950,194,,False
1780228454,2026-05-31T11:54:14+00:00,45.835342,12.570476,26950,194,,False
1780228456,2026-05-31T11:54:16+00:00,45.836647,12.572119,26950,192,,False
1780228458,2026-05-31T11:54:18+00:00,45.838043,12.573874,26950,192,,False
1780228460,2026-05-31T11:54:20+00:00,45.839581,12.57547,26950,188,,False
1780228462,2026-05-31T11:54:22+00:00,45.841045,12.576796,26950,186,,False
1780228464,2026-05-31T11:54:24+00:00,45.842625,12.577943,26950,184,,False
1780228466,2026-05-31T11:54:26+00:00,45.844269,12.57891,26950,184,,False
1780228468,2026-05-31T11:54:28+00:00,45.846252,12.579823,26950,182,,False
1780228471,2026-05-31T11:54:31+00:00,45.847862,12.580404,26950,180,,False
1780228473,2026-05-31T11:54:33+00:00,45.849655,12.580789,26950,178,,False
1780228475,2026-05-31T11:54:35+00:00,45.851368,12.580915,26950,178,,False
1780228477,2026-05-31T11:54:37+00:00,45.853096,12.580815,26950,176,,False
1780228479,2026-05-31T11:54:39+00:00,45.854797,12.58065,26950,174,,False
1780228481,2026-05-31T11:54:41+00:00,45.85643,12.580251,26950,174,,False
1780228484,2026-05-31T11:54:44+00:00,45.858379,12.57962,26950,172,,False
1780228486,2026-05-31T11:54:46+00:00,45.859894,12.578815,26950,172,,False
1780228488,2026-05-31T11:54:48+00:00,45.861412,12.577818,26950,170,,False
1780228490,2026-05-31T11:54:50+00:00,45.862843,12.576616,26950,170,,False
1780228492,2026-05-31T11:54:52+00:00,45.864155,12.575411,26950,170,,False
1780228494,2026-05-31T11:54:54+00:00,45.865417,12.573844,26950,168,,False
1780228496,2026-05-31T11:54:56+00:00,45.866604,12.572289,26950,168,,False
1780228498,2026-05-31T11:54:58+00:00,45.86771,12.570537,26950,168,,False
1780228500,2026-05-31T11:55:00+00:00,45.868755,12.568608,26950,168,,False
1780228502,2026-05-31T11:55:02+00:00,45.869568,12.566684,26950,168,,False
1780228505,2026-05-31T11:55:05+00:00,45.870255,12.564584,26950,168,,False
1780228507,2026-05-31T11:55:07+00:00,45.871048,12.561963,26950,170,,False
1780228509,2026-05-31T11:55:09+00:00,45.871449,12.559824,26950,170,,False
1780228511,2026-05-31T11:55:11+00:00,45.871819,12.55762,26950,170,,False
1780228513,2026-05-31T11:55:13+00:00,45.872028,12.555318,26950,170,,False
1780228515,2026-05-31T11:55:15+00:00,45.872108,12.5529,26950,170,,False
1780228517,2026-05-31T11:55:17+00:00,45.872044,12.550553,26950,170,,False
1780228519,2026-05-31T11:55:19+00:00,45.871807,12.54817,26950,170,,False
1780228522,2026-05-31T11:55:22+00:00,45.871471,12.545347,26950,170,,False
1780228524,2026-05-31T11:55:24+00:00,45.870937,12.542934,26975,170,,False
1780228526,2026-05-31T11:55:26+00:00,45.8703,12.540514,26975,179,,False
1780228528,2026-05-31T11:55:28+00:00,45.869461,12.537801,26950,182,,False
1780228530,2026-05-31T11:55:30+00:00,45.86869,12.535813,26950,181,,False
1780228533,2026-05-31T11:55:33+00:00,45.867569,12.533679,26950,180,,False
1780228535,2026-05-31T11:55:35+00:00,45.866394,12.531795,26950,182,,False
1780228537,2026-05-31T11:55:37+00:00,45.865101,12.529938,26950,184,,False
1780228539,2026-05-31T11:55:39+00:00,45.863796,12.528279,26950,183,,False
1780228541,2026-05-31T11:55:41+00:00,45.862385,12.526749,26950,185,,False
1780228544,2026-05-31T11:55:44+00:00,45.860565,12.525084,26950,182,,False
1780228546,2026-05-31T11:55:46+00:00,45.858829,12.523673,26950,187,,False
1780228548,2026-05-31T11:55:48+00:00,45.857094,12.522626,26950,193,,False
1780228550,2026-05-31T11:55:50+00:00,45.855186,12.521725,26950,195,,False
1780228552,2026-05-31T11:55:52+00:00,45.853596,12.521206,26950,189,,False
1780228554,2026-05-31T11:55:54+00:00,45.851593,12.520692,26950,197,,False
1780228556,2026-05-31T11:55:56+00:00,45.84972,12.520456,26950,197,,False
1780228558,2026-05-31T11:55:58+00:00,45.847794,12.520228,26975,200,,False
1780228561,2026-05-31T11:56:01+00:00,45.845757,12.520216,26975,195,,False
1780228563,2026-05-31T11:56:03+00:00,45.843746,12.520525,26975,204,,False
1780228565,2026-05-31T11:56:05+00:00,45.841751,12.521132,26975,204,,False
1780228567,2026-05-31T11:56:07+00:00,45.839771,12.521729,26950,206,,False
1780228569,2026-05-31T11:56:09+00:00,45.837719,12.522621,26950,206,,False
1780228571,2026-05-31T11:56:11+00:00,45.836002,12.523585,26950,208,,False
1780228573,2026-05-31T11:56:13+00:00,45.833954,12.525031,26950,208,,False
1780228576,2026-05-31T11:56:16+00:00,45.831867,12.526731,26950,210,,False
1780228578,2026-05-31T11:56:18+00:00,45.830452,12.528138,26950,212,,False
1780228580,2026-05-31T11:56:20+00:00,45.828617,12.530021,26950,212,,False
1780228582,2026-05-31T11:56:22+00:00,45.826973,12.532066,26950,214,,False
1780228584,2026-05-31T11:56:24+00:00,45.825531,12.534203,26950,214,,False
1780228587,2026-05-31T11:56:27+00:00,45.824066,12.536725,26950,214,,False
1780228589,2026-05-31T11:56:29+00:00,45.822773,12.539196,26950,214,,False
1780228591,2026-05-31T11:56:31+00:00,45.821732,12.541545,26950,214,,False
1780228593,2026-05-31T11:56:33+00:00,45.820545,12.544535,26925,214,,False
1780228595,2026-05-31T11:56:35+00:00,45.819508,12.547935,26925,214,,False
1780228598,2026-05-31T11:56:38+00:00,45.818874,12.550358,26925,212,,False
1780228600,2026-05-31T11:56:40+00:00,45.818272,12.553359,26925,212,,False
1780228602,2026-05-31T11:56:42+00:00,45.817806,12.556435,26950,212,,False
1780228604,2026-05-31T11:56:44+00:00,45.817455,12.559661,26950,212,,False
1780228606,2026-05-31T11:56:46+00:00,45.817348,12.562654,26950,210,,False
1780228609,2026-05-31T11:56:49+00:00,45.817299,12.56584,26950,210,,False
1780228611,2026-05-31T11:56:51+00:00,45.817429,12.568851,26950,208,,False
1780228613,2026-05-31T11:56:53+00:00,45.817677,12.571581,26975,208,,False
1780228616,2026-05-31T11:56:56+00:00,45.818256,12.575095,26975,208,,False
1780228618,2026-05-31T11:56:58+00:00,45.818855,12.578049,26975,206,,False
1780228620,2026-05-31T11:57:00+00:00,45.819527,12.580822,26975,206,,False
1780228622,2026-05-31T11:57:02+00:00,45.820293,12.583117,26950,204,,False
1780228625,2026-05-31T11:57:05+00:00,45.821602,12.586492,26950,204,,False
1780228627,2026-05-31T11:57:07+00:00,45.822605,12.588786,26975,202,,False
1780228629,2026-05-31T11:57:09+00:00,45.82375,12.591038,26950,200,,False
1780228631,2026-05-31T11:57:11+00:00,45.825092,12.593237,26950,200,,False
1780228633,2026-05-31T11:57:13+00:00,45.826553,12.595194,26950,198,,False
1780228636,2026-05-31T11:57:16+00:00,45.828335,12.597225,26950,198,,False
1780228638,2026-05-31T11:57:18+00:00,45.829884,12.598887,26950,196,,False
1780228640,2026-05-31T11:57:20+00:00,45.831535,12.600351,26950,196,,False
1780228642,2026-05-31T11:57:22+00:00,45.833153,12.601477,26950,194,,False
1780228644,2026-05-31T11:57:24+00:00,45.834938,12.602546,26950,192,,False
1780228647,2026-05-31T11:57:27+00:00,45.836628,12.603372,26950,190,,False
1780228649,2026-05-31T11:57:29+00:00,45.838814,12.604268,26950,188,,False
1780228651,2026-05-31T11:57:31+00:00,45.840599,12.604605,26950,188,,False
1780228653,2026-05-31T11:57:33+00:00,45.842377,12.604902,26950,186,,False
1780228655,2026-05-31T11:57:35+00:00,45.844173,12.604903,26950,186,,False
1780228657,2026-05-31T11:57:37+00:00,45.845917,12.604708,26950,184,,False
1780228659,2026-05-31T11:57:39+00:00,45.847786,12.604422,26950,184,,False
1780228661,2026-05-31T11:57:41+00:00,45.849445,12.603888,26950,182,,False
1780228663,2026-05-31T11:57:43+00:00,45.851337,12.603145,26950,182,,False
1780228666,2026-05-31T11:57:46+00:00,45.852905,12.602264,26950,182,,False
1780228668,2026-05-31T11:57:48+00:00,45.854626,12.601117,26925,182,,False
1780228670,2026-05-31T11:57:50+00:00,45.856148,12.599915,26950,180,,False
1780228672,2026-05-31T11:57:52+00:00,45.857601,12.598417,26950,180,,False
1780228674,2026-05-31T11:57:54+00:00,45.859127,12.596736,26950,180,,False
1780228676,2026-05-31T11:57:56+00:00,45.860435,12.594942,26950,178,,False
1780228679,2026-05-31T11:57:59+00:00,45.861526,12.593023,26950,178,,False
1780228681,2026-05-31T11:58:01+00:00,45.862667,12.590982,26950,178,,False
1780228683,2026-05-31T11:58:03+00:00,45.863632,12.588773,26950,178,,False
1780228685,2026-05-31T11:58:05+00:00,45.864468,12.586422,26950,178,,False
1780228687,2026-05-31T11:58:07+00:00,45.865074,12.584226,26950,178,,False
1780228689,2026-05-31T11:58:09+00:00,45.865738,12.581726,26950,180,,False
1780228692,2026-05-31T11:58:12+00:00,45.866085,12.57937,26950,180,,False
1780228694,2026-05-31T11:58:14+00:00,45.866409,12.576834,26950,180,,False
1780228696,2026-05-31T11:58:16+00:00,45.866577,12.574225,26925,180,,False
1780228698,2026-05-31T11:58:18+00:00,45.866577,12.571971,26925,180,,False
1780228700,2026-05-31T11:58:20+00:00,45.866482,12.569473,26950,180,,False
1780228702,2026-05-31T11:58:22+00:00,45.866131,12.566989,26950,180,,False
1780228704,2026-05-31T11:58:24+00:00,45.86578,12.564404,26950,180,,False
1780228706,2026-05-31T11:58:26+00:00,45.865246,12.56192,26950,180,,False
1780228708,2026-05-31T11:58:28+00:00,45.864609,12.559452,26950,188,,False
1780228710,2026-05-31T11:58:30+00:00,45.863926,12.557158,26950,186,,False
1780228712,2026-05-31T11:58:32+00:00,45.863007,12.554955,26950,186,,False
1780228715,2026-05-31T11:58:35+00:00,45.861858,12.552547,26950,191,,False
1780228717,2026-05-31T11:58:37+00:00,45.860699,12.550551,26950,190,,False
1780228719,2026-05-31T11:58:39+00:00,45.859303,12.548328,26950,189,,False
1780228721,2026-05-31T11:58:41+00:00,45.857849,12.546588,26950,193,,False
1780228724,2026-05-31T11:58:44+00:00,45.856312,12.544767,26950,188,,False
1780228726,2026-05-31T11:58:46+00:00,45.854771,12.543362,26950,191,,False
1780228728,2026-05-31T11:58:48+00:00,45.852856,12.541692,26950,193,,False
1780228730,2026-05-31T11:58:50+00:00,45.851395,12.540775,26950,195,,False
1780228732,2026-05-31T11:58:52+00:00,45.849564,12.539637,26950,199,,False
1780228734,2026-05-31T11:58:54+00:00,45.847668,12.538878,26950,197,,False
1780228736,2026-05-31T11:58:56+00:00,45.845852,12.538239,26950,200,,False
1780228738,2026-05-31T11:58:58+00:00,45.843811,12.537788,26950,203,,False
1780228740,2026-05-31T11:59:00+00:00,45.841785,12.537523,26950,202,,False
1780228743,2026-05-31T11:59:03+00:00,45.839672,12.537483,26950,204,,False
1780228745,2026-05-31T11:59:05+00:00,45.837791,12.537636,26950,206,,False
1780228747,2026-05-31T11:59:07+00:00,45.83556,12.538005,26950,206,,False
1780228749,2026-05-31T11:59:09+00:00,45.833633,12.538454,26950,208,,False
1780228751,2026-05-31T11:59:11+00:00,45.831573,12.539246,26950,210,,False
1780228753,2026-05-31T11:59:13+00:00,45.82954,12.54027,26950,210,,False
1780228756,2026-05-31T11:59:16+00:00,45.827438,12.541535,26950,212,,False
1780228758,2026-05-31T11:59:18+00:00,45.825703,12.542834,26950,212,,False
1780228760,2026-05-31T11:59:20+00:00,45.823826,12.544327,26950,214,,False
1780228762,2026-05-31T11:59:22+00:00,45.821995,12.546143,26950,214,,False
1780228764,2026-05-31T11:59:24+00:00,45.820297,12.547972,26950,214,,False
1780228766,2026-05-31T11:59:26+00:00,45.818871,12.549899,26950,214,,False
1780228769,2026-05-31T11:59:29+00:00,45.817192,12.552273,26950,216,,False
1780228771,2026-05-31T11:59:31+00:00,45.815769,12.554794,26950,216,,False
1780228773,2026-05-31T11:59:33+00:00,45.814648,12.557027,26950,216,,False
1780228775,2026-05-31T11:59:35+00:00,45.813595,12.559491,26950,216,,False
1780228778,2026-05-31T11:59:38+00:00,45.812443,12.562504,26950,216,,False
1780228780,2026-05-31T11:59:40+00:00,45.81144,12.565726,26950,214,,False
1780228782,2026-05-31T11:59:42+00:00,45.810753,12.568419,26950,214,,False
1780228784,2026-05-31T11:59:44+00:00,45.810188,12.571028,26950,214,,False
1780228786,2026-05-31T11:59:46+00:00,45.809727,12.574039,26950,214,,False
1780228788,2026-05-31T11:59:48+00:00,45.80946,12.576884,26950,214,,False
1780228790,2026-05-31T11:59:50+00:00,45.809219,12.579867,26975,214,,False
1780228793,2026-05-31T11:59:53+00:00,45.809109,12.583313,26975,212,,False
1780228795,2026-05-31T11:59:55+00:00,45.809357,12.586597,26975,212,,False
1780228797,2026-05-31T11:59:57+00:00,45.809566,12.589549,26975,212,,False
1780228799,2026-05-31T11:59:59+00:00,45.809963,12.59247,26975,212,,False
1780228801,2026-05-31T12:00:01+00:00,45.810482,12.595145,26975,210,,False
1780228803,2026-05-31T12:00:03+00:00,45.811138,12.598296,26950,210,,False
1780228806,2026-05-31T12:00:06+00:00,45.811939,12.600948,26950,210,,False
1780228808,2026-05-31T12:00:08+00:00,45.812908,12.603821,26950,208,,False
1780228810,2026-05-31T12:00:10+00:00,45.814102,12.606664,26950,208,,False
1780228812,2026-05-31T12:00:12+00:00,45.81517,12.60891,26950,206,,False
1780228814,2026-05-31T12:00:14+00:00,45.816429,12.611314,26950,204,,False
1780228816,2026-05-31T12:00:16+00:00,45.817566,12.613068,26950,204,,False
1780228819,2026-05-31T12:00:19+00:00,45.819145,12.615303,26950,202,,False
1780228821,2026-05-31T12:00:21+00:00,45.820728,12.616928,26950,202,,False
1780228823,2026-05-31T12:00:23+00:00,45.822296,12.618545,26950,202,,False
1780228825,2026-05-31T12:00:25+00:00,45.824005,12.620188,26950,200,,False
1780228827,2026-05-31T12:00:27+00:00,45.825996,12.621597,26950,198,,False
1780228829,2026-05-31T12:00:29+00:00,45.827694,12.622608,26950,196,,False
1780228832,2026-05-31T12:00:32+00:00,45.829575,12.623568,26950,194,,False
1780228834,2026-05-31T12:00:34+00:00,45.831387,12.624353,26950,194,,False
1780228836,2026-05-31T12:00:36+00:00,45.833412,12.624766,26950,192,,False
1780228838,2026-05-31T12:00:38+00:00,45.835335,12.625081,26950,192,,False
1780228840,2026-05-31T12:00:40+00:00,45.837017,12.625147,26950,190,,False
1780228842,2026-05-31T12:00:42+00:00,45.839054,12.625108,26950,190,,False
1780228844,2026-05-31T12:00:44+00:00,45.840759,12.624907,26950,188,,False
1780228847,2026-05-31T12:00:47+00:00,45.842579,12.624396,26950,188,,False
1780228849,2026-05-31T12:00:49+00:00,45.844475,12.623618,26950,188,,False
1780228851,2026-05-31T12:00:51+00:00,45.846119,12.622819,26950,188,,False
1780228853,2026-05-31T12:00:53+00:00,45.847755,12.621854,26950,186,,False
1780228855,2026-05-31T12:00:55+00:00,45.849297,12.620652,26950,184,,False
1780228857,2026-05-31T12:00:57+00:00,45.850983,12.619132,26950,184,,False
1780228859,2026-05-31T12:00:59+00:00,45.852489,12.617472,26950,184,,False
1780228861,2026-05-31T12:01:01+00:00,45.853687,12.616028,26950,182,,False
1780228864,2026-05-31T12:01:04+00:00,45.855122,12.614002,26950,182,,False
1780228866,2026-05-31T12:01:06+00:00,45.85638,12.611992,26950,182,,False
1780228868,2026-05-31T12:01:08+00:00,45.857487,12.609815,26950,182,,False
1780228870,2026-05-31T12:01:10+00:00,45.858341,12.60745,26950,182,,False
1780228873,2026-05-31T12:01:13+00:00,45.859104,12.605214,26950,182,,False
1780228875,2026-05-31T12:01:15+00:00,45.859852,12.602517,26950,182,,False
1780228877,2026-05-31T12:01:17+00:00,45.860424,12.599904,26950,182,,False
1780228879,2026-05-31T12:01:19+00:00,45.860825,12.597425,26950,182,,False
1780228881,2026-05-31T12:01:21+00:00,45.861053,12.595065,26950,184,,False
1780228884,2026-05-31T12:01:24+00:00,45.861134,12.592106,26950,184,,False
1780228886,2026-05-31T12:01:26+00:00,45.861088,12.589533,26950,184,,False
1780228888,2026-05-31T12:01:28+00:00,45.860889,12.586964,26950,184,,False
1780228890,2026-05-31T12:01:30+00:00,45.86058,12.584415,26950,184,,False
1780228892,2026-05-31T12:01:32+00:00,45.860199,12.581899,26950,184,,False
1780228894,2026-05-31T12:01:34+00:00,45.859386,12.578511,26950,192,,False
1780228896,2026-05-31T12:01:36+00:00,45.858875,12.577151,26950,187,,False
1780228898,2026-05-31T12:01:38+00:00,45.858139,12.574808,26950,188,,False
1780228900,2026-05-31T12:01:40+00:00,45.857056,12.572378,26950,194,,False
1780228902,2026-05-31T12:01:42+00:00,45.855835,12.570045,26950,194,,False
1780228904,2026-05-31T12:01:44+00:00,45.854866,12.568351,26950,191,,False
1780228907,2026-05-31T12:01:47+00:00,45.853645,12.566375,26950,191,,False
1780228909,2026-05-31T12:01:49+00:00,45.851845,12.564271,26950,197,,False
1780228911,2026-05-31T12:01:51+00:00,45.850441,12.562603,26950,191,,False
1780228913,2026-05-31T12:01:53+00:00,45.848873,12.561089,26950,197,,False
1780228915,2026-05-31T12:01:55+00:00,45.847141,12.559772,26975,199,,False
1780228918,2026-05-31T12:01:58+00:00,45.845356,12.558496,26950,196,,False
1780228920,2026-05-31T12:02:00+00:00,45.843109,12.557197,26950,201,,False
1780228922,2026-05-31T12:02:02+00:00,45.84116,12.556371,26950,202,,False
1780228924,2026-05-31T12:02:04+00:00,45.839146,12.555779,26950,205,,False
1780228926,2026-05-31T12:02:06+00:00,45.837074,12.55536,26950,205,,False
1780228928,2026-05-31T12:02:08+00:00,45.835197,12.555167,26950,204,,False
1780228930,2026-05-31T12:02:10+00:00,45.833237,12.555162,26950,204,,False
1780228933,2026-05-31T12:02:13+00:00,45.831055,12.555182,26950,210,,False
1780228935,2026-05-31T12:02:15+00:00,45.829128,12.555507,26950,210,,False
1780228937,2026-05-31T12:02:17+00:00,45.826859,12.556112,26925,210,,False
1780228939,2026-05-31T12:02:19+00:00,45.824707,12.556923,26925,212,,False
1780228941,2026-05-31T12:02:21+00:00,45.823112,12.557831,26925,212,,False
1780228943,2026-05-31T12:02:23+00:00,45.821053,12.558931,26925,212,,False
1780228945,2026-05-31T12:02:25+00:00,45.819328,12.560156,26925,212,,False
1780228948,2026-05-31T12:02:28+00:00,45.817188,12.561954,26925,214,,False
1780228950,2026-05-31T12:02:30+00:00,45.81538,12.56374,26925,214,,False
1780228952,2026-05-31T12:02:32+00:00,45.81385,12.565442,26950,214,,False
1780228955,2026-05-31T12:02:35+00:00,45.81205,12.567707,26950,214,,False
1780228957,2026-05-31T12:02:37+00:00,45.81049,12.570037,26950,214,,False
1780228959,2026-05-31T12:02:39+00:00,45.808926,12.572681,26950,214,,False
1780228961,2026-05-31T12:02:41+00:00,45.80777,12.575166,26950,214,,False
1780228963,2026-05-31T12:02:43+00:00,45.80648,12.578081,26950,214,,False
1780228966,2026-05-31T12:02:46+00:00,45.805721,12.580189,26950,214,,False
1780228968,2026-05-31T12:02:48+00:00,45.804832,12.583003,26950,214,,False
1780228970,2026-05-31T12:02:50+00:00,45.803894,12.586339,26950,214,,False
1780228972,2026-05-31T12:02:52+00:00,45.803391,12.589018,26950,214,,False
1780228974,2026-05-31T12:02:54+00:00,45.802994,12.59182,26975,212,,False
1780228976,2026-05-31T12:02:56+00:00,45.802601,12.595077,26975,212,,False
1780228978,2026-05-31T12:02:58+00:00,45.802395,12.59776,26975,212,,False
1780228981,2026-05-31T12:03:01+00:00,45.802414,12.600526,26950,212,,False
1780228983,2026-05-31T12:03:03+00:00,45.802467,12.603656,26950,210,,False
1780228985,2026-05-31T12:03:05+00:00,45.802685,12.607082,26950,210,,False
1780228987,2026-05-31T12:03:07+00:00,45.803017,12.609547,26950,210,,False
1780228989,2026-05-31T12:03:09+00:00,45.803532,12.612724,26950,210,,False
1780228992,2026-05-31T12:03:12+00:00,45.804234,12.615424,26950,208,,False
1780228994,2026-05-31T12:03:14+00:00,45.805038,12.618187,26950,206,,False
1780228996,2026-05-31T12:03:16+00:00,45.805916,12.620767,26950,206,,False
1780228998,2026-05-31T12:03:18+00:00,45.806839,12.623229,26950,204,,False
1780229000,2026-05-31T12:03:20+00:00,45.807972,12.625465,26950,204,,False
1780229002,2026-05-31T12:03:22+00:00,45.809155,12.627662,26950,202,,False
1780229004,2026-05-31T12:03:24+00:00,45.810612,12.63017,26950,202,,False
1780229006,2026-05-31T12:03:26+00:00,45.811916,12.631914,26950,200,,False
1780229009,2026-05-31T12:03:29+00:00,45.813538,12.633834,26950,198,,False
1780229011,2026-05-31T12:03:31+00:00,45.815311,12.63559,26950,196,,False
1780229013,2026-05-31T12:03:33+00:00,45.817062,12.637226,26950,196,,False
1780229016,2026-05-31T12:03:36+00:00,45.818985,12.638603,26950,194,,False
1780229018,2026-05-31T12:03:38+00:00,45.820789,12.639753,26950,192,,False
1780229020,2026-05-31T12:03:40+00:00,45.822575,12.640694,26950,192,,False
1780229022,2026-05-31T12:03:42+00:00,45.824291,12.641273,26950,190,,False
1780229024,2026-05-31T12:03:44+00:00,45.826061,12.641694,26950,190,,False
1780229026,2026-05-31T12:03:46+00:00,45.828102,12.642025,26950,188,,False
1780229029,2026-05-31T12:03:49+00:00,45.830448,12.642107,26950,188,,False
1780229031,2026-05-31T12:03:51+00:00,45.831936,12.641918,26925,186,,False
1780229033,2026-05-31T12:03:53+00:00,45.833668,12.641636,26925,186,,False
1780229035,2026-05-31T12:03:55+00:00,45.835499,12.640995,26925,182,,False
1780229037,2026-05-31T12:03:57+00:00,45.837158,12.640291,26925,182,,False
1780229039,2026-05-31T12:03:59+00:00,45.838913,12.639308,26925,180,,False
1780229042,2026-05-31T12:04:02+00:00,45.84045,12.638247,26925,180,,False
1780229044,2026-05-31T12:04:04+00:00,45.842319,12.636703,26950,180,,False
1780229046,2026-05-31T12:04:06+00:00,45.84383,12.635182,26950,178,,False
1780229048,2026-05-31T12:04:08+00:00,45.845169,12.633565,26950,178,,False
1780229051,2026-05-31T12:04:11+00:00,45.846489,12.63171,26950,178,,False
1780229053,2026-05-31T12:04:13+00:00,45.847668,12.629753,26950,178,,False
1780229055,2026-05-31T12:04:15+00:00,45.848747,12.627652,26950,178,,False
1780229057,2026-05-31T12:04:17+00:00,45.849628,12.625427,26950,178,,False
1780229059,2026-05-31T12:04:19+00:00,45.850372,12.623409,26950,178,,False
1780229061,2026-05-31T12:04:21+00:00,45.85107,12.620973,26950,178,,False
1780229063,2026-05-31T12:04:23+00:00,45.851597,12.618581,26950,178,,False
1780229066,2026-05-31T12:04:26+00:00,45.85202,12.616186,26950,178,,False
1780229068,2026-05-31T12:04:28+00:00,45.852322,12.613345,26950,180,,False
1780229070,2026-05-31T12:04:30+00:00,45.852455,12.61073,26950,180,,False
1780229072,2026-05-31T12:04:32+00:00,45.852493,12.607777,26950,180,,False
1780229075,2026-05-31T12:04:35+00:00,45.852272,12.60543,26950,180,,False
1780229077,2026-05-31T12:04:37+00:00,45.851982,12.602824,26950,180,,False
1780229079,2026-05-31T12:04:39+00:00,45.851448,12.600339,26950,180,,False
1780229081,2026-05-31T12:04:41+00:00,45.850952,12.597932,26950,183,,False
1780229083,2026-05-31T12:04:43+00:00,45.850323,12.595616,26950,184,,False
1780229085,2026-05-31T12:04:45+00:00,45.849384,12.593111,26950,186,,False
1780229088,2026-05-31T12:04:48+00:00,45.848396,12.590802,26950,188,,False
1780229090,2026-05-31T12:04:50+00:00,45.847336,12.588719,26950,187,,False
1780229092,2026-05-31T12:04:52+00:00,45.846043,12.586491,26950,188,,False
1780229094,2026-05-31T12:04:54+00:00,45.844948,12.585013,26950,185,,False
1780229096,2026-05-31T12:04:56+00:00,45.843597,12.583264,26950,190,,False
1780229098,2026-05-31T12:04:58+00:00,45.84185,12.581316,26950,192,,False
1780229100,2026-05-31T12:05:00+00:00,45.840282,12.579939,26950,192,,False
1780229102,2026-05-31T12:05:02+00:00,45.838512,12.578535,26950,191,,False
1780229104,2026-05-31T12:05:04+00:00,45.836906,12.577419,26950,194,,False
1780229107,2026-05-31T12:05:07+00:00,45.834831,12.576441,26950,197,,False
1780229109,2026-05-31T12:05:09+00:00,45.832962,12.575697,26950,192,,False
1780229111,2026-05-31T12:05:11+00:00,45.830986,12.575073,26950,198,,False
1780229113,2026-05-31T12:05:13+00:00,45.828808,12.574829,26950,198,,False
1780229116,2026-05-31T12:05:16+00:00,45.827038,12.574656,26950,198,,False
1780229118,2026-05-31T12:05:18+00:00,45.824871,12.574681,26950,202,,False
1780229120,2026-05-31T12:05:20+00:00,45.823025,12.574872,26950,202,,False
1780229122,2026-05-31T12:05:22+00:00,45.8209,12.575432,26950,204,,False
1780229124,2026-05-31T12:05:24+00:00,45.818924,12.576183,26950,204,,False
1780229127,2026-05-31T12:05:27+00:00,45.816689,12.577226,26950,206,,False
1780229129,2026-05-31T12:05:29+00:00,45.814907,12.578154,26950,206,,False
1780229131,2026-05-31T12:05:31+00:00,45.813164,12.579357,26950,206,,False
1780229133,2026-05-31T12:05:33+00:00,45.811485,12.580895,26950,206,,False
1780229135,2026-05-31T12:05:35+00:00,45.809704,12.582432,26950,208,,False
1780229137,2026-05-31T12:05:37+00:00,45.808128,12.584262,26950,208,,False
1780229139,2026-05-31T12:05:39+00:00,45.80616,12.586696,26950,208,,False
1780229141,2026-05-31T12:05:41+00:00,45.805183,12.588193,26975,208,,False
1780229144,2026-05-31T12:05:44+00:00,45.803814,12.590576,26975,208,,False
1780229146,2026-05-31T12:05:46+00:00,45.802376,12.593253,26975,208,,False
1780229148,2026-05-31T12:05:48+00:00,45.801338,12.595554,26950,208,,False
1780229150,2026-05-31T12:05:50+00:00,45.800407,12.598141,26950,208,,False
1780229153,2026-05-31T12:05:53+00:00,45.799332,12.601282,26950,208,,False
1780229155,2026-05-31T12:05:55+00:00,45.798695,12.603834,26950,208,,False
1780229157,2026-05-31T12:05:57+00:00,45.798134,12.606759,26950,208,,False
1780229159,2026-05-31T12:05:59+00:00,45.797699,12.609703,26950,208,,False
1780229161,2026-05-31T12:06:01+00:00,45.797409,12.612319,26950,206,,False
1780229163,2026-05-31T12:06:03+00:00,45.797241,12.615321,26950,206,,False
1780229165,2026-05-31T12:06:05+00:00,45.797169,12.618352,26950,206,,False
1780229167,2026-05-31T12:06:07+00:00,45.797253,12.621161,26950,204,,False
1780229170,2026-05-31T12:06:10+00:00,45.797462,12.624052,26950,204,,False
1780229172,2026-05-31T12:06:12+00:00,45.797897,12.627104,26950,202,,False
1780229174,2026-05-31T12:06:14+00:00,45.798435,12.629563,26950,202,,False
1780229176,2026-05-31T12:06:16+00:00,45.799023,12.632195,26950,200,,False
1780229178,2026-05-31T12:06:18+00:00,45.799824,12.634907,26950,200,,False
1780229180,2026-05-31T12:06:20+00:00,45.80061,12.637167,26950,198,,False
1780229182,2026-05-31T12:06:22+00:00,45.801796,12.639817,26950,198,,False
1780229185,2026-05-31T12:06:25+00:00,45.802944,12.642092,26950,196,,False
1780229187,2026-05-31T12:06:27+00:00,45.804222,12.644291,26950,196,,False
1780229189,2026-05-31T12:06:29+00:00,45.805729,12.646632,26950,194,,False
1780229191,2026-05-31T12:06:31+00:00,45.807148,12.648288,26950,192,,False
1780229193,2026-05-31T12:06:33+00:00,45.808666,12.650062,26950,192,,False
1780229196,2026-05-31T12:06:36+00:00,45.810318,12.651522,26950,190,,False
1780229198,2026-05-31T12:06:38+00:00,45.811787,12.652604,26950,190,,False
1780229200,2026-05-31T12:06:40+00:00,45.81348,12.653738,26950,188,,False
1780229202,2026-05-31T12:06:42+00:00,45.815277,12.654747,26950,186,,False
1780229204,2026-05-31T12:06:44+00:00,45.816956,12.655461,26950,186,,False
1780229206,2026-05-31T12:06:46+00:00,45.818836,12.655951,26950,184,,False
1780229208,2026-05-31T12:06:48+00:00,45.820625,12.656256,26950,182,,False
1780229210,2026-05-31T12:06:50+00:00,45.822437,12.656338,26950,182,,False
1780229212,2026-05-31T12:06:52+00:00,45.824089,12.656327,26950,180,,False
1780229215,2026-05-31T12:06:55+00:00,45.825748,12.656078,26950,180,,False
1780229217,2026-05-31T12:06:57+00:00,45.827869,12.655471,26925,178,,False
1780229219,2026-05-31T12:06:59+00:00,45.829609,12.654783,26925,176,,False
1780229221,2026-05-31T12:07:01+00:00,45.83115,12.653838,26925,176,,False
1780229223,2026-05-31T12:07:03+00:00,45.832573,12.652856,26925,176,,False
1780229225,2026-05-31T12:07:05+00:00,45.83416,12.651674,26925,174,,False
1780229227,2026-05-31T12:07:07+00:00,45.835648,12.65017,26950,174,,False
1780229229,2026-05-31T12:07:09+00:00,45.836769,12.648823,26950,174,,False
1780229232,2026-05-31T12:07:12+00:00,45.837929,12.647284,26950,172,,False
1780229234,2026-05-31T12:07:14+00:00,45.839054,12.645524,26950,172,,False
1780229236,2026-05-31T12:07:16+00:00,45.840088,12.643609,26950,172,,False
1780229238,2026-05-31T12:07:18+00:00,45.841019,12.6415,26950,172,,False
1780229240,2026-05-31T12:07:20+00:00,45.841885,12.639117,26950,172,,False
1780229242,2026-05-31T12:07:22+00:00,45.842545,12.636682,26950,172,,False
1780229245,2026-05-31T12:07:25+00:00,45.843117,12.634279,26950,174,,False
1780229247,2026-05-31T12:07:27+00:00,45.843525,12.631716,26950,174,,False
1780229249,2026-05-31T12:07:29+00:00,45.843712,12.629223,26975,174,,False
1780229251,2026-05-31T12:07:31+00:00,45.843903,12.626654,26975,174,,False
1780229254,2026-05-31T12:07:34+00:00,45.844093,12.624276,26975,174,,False
1780229256,2026-05-31T12:07:36+00:00,45.844311,12.621953,26975,174,,False
1780229258,2026-05-31T12:07:38+00:00,45.844593,12.619229,26950,176,,False
1780229260,2026-05-31T12:07:40+00:00,45.844826,12.617022,26950,176,,False
1780229262,2026-05-31T12:07:42+00:00,45.845085,12.614264,26950,176,,False
1780229264,2026-05-31T12:07:44+00:00,45.845314,12.612063,26950,176,,False
1780229266,2026-05-31T12:07:46+00:00,45.845566,12.609198,26950,176,,False
1780229269,2026-05-31T12:07:49+00:00,45.845753,12.606659,26925,176,,False
1780229271,2026-05-31T12:07:51+00:00,45.845692,12.604219,26925,176,,False
1780229273,2026-05-31T12:07:53+00:00,45.84552,12.601048,26925,176,,False
1780229275,2026-05-31T12:07:55+00:00,45.845165,12.598969,26925,176,,False
1780229278,2026-05-31T12:07:58+00:00,45.844688,12.596376,26925,182,,False
1780229280,2026-05-31T12:08:00+00:00,45.844116,12.594098,26925,178,,False
1780229282,2026-05-31T12:08:02+00:00,45.843369,12.591499,26925,181,,False
1780229284,2026-05-31T12:08:04+00:00,45.842503,12.589212,26925,180,,False
1780229287,2026-05-31T12:08:07+00:00,45.841335,12.586767,26925,184,,False
1780229289,2026-05-31T12:08:09+00:00,45.840179,12.5845,26925,183,,False
1780229291,2026-05-31T12:08:11+00:00,45.838985,12.582729,26925,185,,False
1780229294,2026-05-31T12:08:14+00:00,45.837406,12.580547,26925,186,,False
1780229296,2026-05-31T12:08:16+00:00,45.835915,12.578753,26950,186,,False
1780229298,2026-05-31T12:08:18+00:00,45.834419,12.577375,26950,185,,False
1780229300,2026-05-31T12:08:20+00:00,45.832897,12.576102,26950,186,,False
1780229302,2026-05-31T12:08:22+00:00,45.831272,12.575017,26950,190,,False
1780229304,2026-05-31T12:08:24+00:00,45.829609,12.573999,26950,189,,False
1780229306,2026-05-31T12:08:26+00:00,45.827847,12.573214,26950,190,,False
1780229308,2026-05-31T12:08:28+00:00,45.82584,12.572379,26950,188,,False
1780229311,2026-05-31T12:08:31+00:00,45.823933,12.571961,26950,189,,False
1780229313,2026-05-31T12:08:33+00:00,45.822117,12.571697,26950,192,,False
1780229315,2026-05-31T12:08:35+00:00,45.819939,12.571627,26950,196,,False
1780229317,2026-05-31T12:08:37+00:00,45.818054,12.57176,26950,196,,False
1780229319,2026-05-31T12:08:39+00:00,45.816051,12.572093,26950,198,,False
1780229322,2026-05-31T12:08:42+00:00,45.813946,12.572647,26950,200,,False
1780229324,2026-05-31T12:08:44+00:00,45.811928,12.573422,26950,200,,False
1780229326,2026-05-31T12:08:46+00:00,45.81023,12.574161,26950,200,,False
1780229328,2026-05-31T12:08:48+00:00,45.808407,12.575155,26950,200,,False
1780229330,2026-05-31T12:08:50+00:00,45.806732,12.576449,26950,202,,False
1780229332,2026-05-31T12:08:52+00:00,45.804832,12.578032,26950,202,,False
1780229334,2026-05-31T12:08:54+00:00,45.803253,12.579592,26950,202,,False
1780229336,2026-05-31T12:08:56+00:00,45.801277,12.581774,26950,202,,False
1780229339,2026-05-31T12:08:59+00:00,45.80022,12.583144,26950,202,,False
1780229341,2026-05-31T12:09:01+00:00,45.798687,12.585506,26950,204,,False
1780229343,2026-05-31T12:09:03+00:00,45.797398,12.587626,26950,204,,False
1780229345,2026-05-31T12:09:05+00:00,45.796169,12.589984,26950,204,,False
1780229347,2026-05-31T12:09:07+00:00,45.794987,12.592731,26950,204,,False
1780229349,2026-05-31T12:09:09+00:00,45.794144,12.594932,26950,204,,False
1780229352,2026-05-31T12:09:12+00:00,45.793159,12.597934,26950,204,,False
1780229354,2026-05-31T12:09:14+00:00,45.792477,12.600396,26950,202,,False
1780229356,2026-05-31T12:09:16+00:00,45.791973,12.60307,26950,202,,False
1780229358,2026-05-31T12:09:18+00:00,45.791485,12.605667,26950,202,,False
1780229360,2026-05-31T12:09:20+00:00,45.791161,12.608478,26950,202,,False
1780229362,2026-05-31T12:09:22+00:00,45.790993,12.611363,26950,200,,False
1780229365,2026-05-31T12:09:25+00:00,45.790852,12.614511,26950,200,,False
1780229367,2026-05-31T12:09:27+00:00,45.790901,12.617989,26950,200,,False
1780229369,2026-05-31T12:09:29+00:00,45.791103,12.620477,26950,198,,False
1780229371,2026-05-31T12:09:31+00:00,45.791451,12.623317,26950,198,,False
1780229373,2026-05-31T12:09:33+00:00,45.791855,12.626037,26950,196,,False
1780229375,2026-05-31T12:09:35+00:00,45.792484,12.628473,26950,196,,False
1780229377,2026-05-31T12:09:37+00:00,45.79327,12.630859,26950,194,,False
1780229380,2026-05-31T12:09:40+00:00,45.794083,12.633214,26950,194,,False
1780229382,2026-05-31T12:09:42+00:00,45.795021,12.635497,26950,192,,False
1780229384,2026-05-31T12:09:44+00:00,45.795971,12.63772,26950,190,,False
1780229386,2026-05-31T12:09:46+00:00,45.797089,12.639886,26950,190,,False
1780229388,2026-05-31T12:09:48+00:00,45.798435,12.642017,26950,190,,False
1780229390,2026-05-31T12:09:50+00:00,45.799664,12.643477,26950,186,,False
1780229392,2026-05-31T12:09:52+00:00,45.801067,12.645294,26950,184,,False
1780229395,2026-05-31T12:09:55+00:00,45.802711,12.647004,26925,184,,False
1780229397,2026-05-31T12:09:57+00:00,45.804478,12.648387,26925,182,,False
1780229399,2026-05-31T12:09:59+00:00,45.806084,12.649523,26925,182,,False
1780229401,2026-05-31T12:10:01+00:00,45.807598,12.650472,26925,180,,False
1780229403,2026-05-31T12:10:03+00:00,45.809074,12.651312,26950,178,,False
1780229405,2026-05-31T12:10:05+00:00,45.810909,12.652,26950,176,,False
1780229408,2026-05-31T12:10:08+00:00,45.812855,12.652419,26950,176,,False
1780229410,2026-05-31T12:10:10+00:00,45.81459,12.652575,26950,174,,False
1780229412,2026-05-31T12:10:12+00:00,45.816452,12.652485,26950,174,,False
1780229414,2026-05-31T12:10:14+00:00,45.817963,12.65238,26950,172,,False
1780229417,2026-05-31T12:10:17+00:00,45.820084,12.651976,26950,170,,False
1780229419,2026-05-31T12:10:19+00:00,45.821655,12.651372,26950,170,,False
1780229421,2026-05-31T12:10:21+00:00,45.823093,12.650643,26950,170,,False
1780229423,2026-05-31T12:10:23+00:00,45.824772,12.649576,26950,168,,False
1780229425,2026-05-31T12:10:25+00:00,45.826122,12.648583,26950,168,,False
1780229427,2026-05-31T12:10:27+00:00,45.827545,12.647253,26950,168,,False
1780229429,2026-05-31T12:10:29+00:00,45.828949,12.645751,26950,166,,False
1780229432,2026-05-31T12:10:32+00:00,45.830074,12.644416,26950,166,,False
1780229434,2026-05-31T12:10:34+00:00,45.831276,12.642649,26950,166,,False
1780229436,2026-05-31T12:10:36+00:00,45.832317,12.640676,26950,166,,False
1780229438,2026-05-31T12:10:38+00:00,45.833225,12.638747,26950,166,,False
1780229440,2026-05-31T12:10:40+00:00,45.834019,12.63678,26950,166,,False
1780229442,2026-05-31T12:10:42+00:00,45.834846,12.634389,26950,166,,False
1780229444,2026-05-31T12:10:44+00:00,45.83535,12.632204,26975,168,,False
1780229447,2026-05-31T12:10:47+00:00,45.835751,12.62991,26975,168,,False
1780229449,2026-05-31T12:10:49+00:00,45.836147,12.627207,26975,168,,False
1780229451,2026-05-31T12:10:51+00:00,45.836239,12.625031,26975,168,,False
1780229453,2026-05-31T12:10:53+00:00,45.836277,12.622619,26975,168,,False
1780229456,2026-05-31T12:10:56+00:00,45.836193,12.619995,26975,168,,False
1780229458,2026-05-31T12:10:58+00:00,45.835899,12.617541,26950,168,,False
1780229460,2026-05-31T12:11:00+00:00,45.835522,12.614934,26950,168,,False
1780229462,2026-05-31T12:11:02+00:00,45.835018,12.612613,26950,176,,False
1780229464,2026-05-31T12:11:04+00:00,45.834377,12.610454,26950,173,,False
1780229466,2026-05-31T12:11:06+00:00,45.833576,12.608204,26950,173,,False
1780229468,2026-05-31T12:11:08+00:00,45.832668,12.605952,26925,176,,False
1780229471,2026-05-31T12:11:11+00:00,45.831715,12.604109,26925,178,,False
1780229473,2026-05-31T12:11:13+00:00,45.830673,12.602287,26925,183,,False
1780229475,2026-05-31T12:11:15+00:00,45.829449,12.600405,26925,178,,False
1780229477,2026-05-31T12:11:17+00:00,45.827999,12.59856,26950,180,,False
1780229479,2026-05-31T12:11:19+00:00,45.826809,12.596992,26950,181,,False
1780229481,2026-05-31T12:11:21+00:00,45.825539,12.595123,26950,180,,False
1780229484,2026-05-31T12:11:24+00:00,45.824181,12.59331,26950,177,,False
1780229486,2026-05-31T12:11:26+00:00,45.822929,12.591384,26925,178,,False
1780229488,2026-05-31T12:11:28+00:00,45.821678,12.58963,26925,179,,False
1780229490,2026-05-31T12:11:30+00:00,45.820358,12.587739,26925,178,,False
1780229492,2026-05-31T12:11:32+00:00,45.819195,12.58604,26925,179,,False
1780229494,2026-05-31T12:11:34+00:00,45.817829,12.584131,26925,178,,False
1780229496,2026-05-31T12:11:36+00:00,45.816628,12.582434,26925,184,,False
1780229498,2026-05-31T12:11:38+00:00,45.815399,12.580745,26925,182,,False
1780229500,2026-05-31T12:11:40+00:00,45.81422,12.579032,26925,178,,False
1780229502,2026-05-31T12:11:42+00:00,45.812939,12.577228,26925,177,,False
1780229504,2026-05-31T12:11:44+00:00,45.811665,12.575556,26925,182,,False
1780229507,2026-05-31T12:11:47+00:00,45.810284,12.57393,26950,183,,False
1780229509,2026-05-31T12:11:49+00:00,45.809013,12.572487,26950,182,,False
1780229511,2026-05-31T12:11:51+00:00,45.80756,12.571005,26950,183,,False
1780229513,2026-05-31T12:11:53+00:00,45.805893,12.569554,26950,184,,False
1780229515,2026-05-31T12:11:55+00:00,45.804169,12.568164,26950,186,,False
1780229518,2026-05-31T12:11:58+00:00,45.802292,12.566963,26925,189,,False
1780229520,2026-05-31T12:12:00+00:00,45.800579,12.566239,26925,186,,False
1780229522,2026-05-31T12:12:02+00:00,45.798664,12.565642,26925,190,,False
1780229524,2026-05-31T12:12:04+00:00,45.796677,12.565185,26950,192,,False
1780229526,2026-05-31T12:12:06+00:00,45.794949,12.564994,26950,192,,False
1780229528,2026-05-31T12:12:08+00:00,45.793148,12.564955,26950,194,,False
1780229530,2026-05-31T12:12:10+00:00,45.791294,12.565152,26950,194,,False
1780229532,2026-05-31T12:12:12+00:00,45.789288,12.565454,26950,196,,False
1780229535,2026-05-31T12:12:15+00:00,45.787334,12.566006,26950,196,,False
1780229537,2026-05-31T12:12:17+00:00,45.785511,12.566801,26950,196,,False
1780229539,2026-05-31T12:12:19+00:00,45.783653,12.567731,26950,198,,False
1780229541,2026-05-31T12:12:21+00:00,45.78191,12.568913,26950,198,,False
1780229543,2026-05-31T12:12:23+00:00,45.780163,12.570313,26950,200,,False
1780229545,2026-05-31T12:12:25+00:00,45.778641,12.571856,26950,200,,False
1780229548,2026-05-31T12:12:28+00:00,45.77689,12.573701,26950,200,,False
1780229550,2026-05-31T12:12:30+00:00,45.775425,12.575445,26950,200,,False
1780229552,2026-05-31T12:12:32+00:00,45.773823,12.577788,26975,200,,False
1780229554,2026-05-31T12:12:34+00:00,45.77261,12.579783,26975,202,,False
1780229556,2026-05-31T12:12:36+00:00,45.771515,12.582029,26975,202,,False
1780229558,2026-05-31T12:12:38+00:00,45.770275,12.584827,26975,202,,False
1780229560,2026-05-31T12:12:40+00:00,45.769611,12.586839,26975,202,,False
1780229563,2026-05-31T12:12:43+00:00,45.768707,12.589589,26975,202,,False
1780229565,2026-05-31T12:12:45+00:00,45.767925,12.592571,26975,202,,False
1780229567,2026-05-31T12:12:47+00:00,45.767406,12.59529,26950,202,,False
1780229569,2026-05-31T12:12:49+00:00,45.767021,12.598045,26950,200,,False
1780229571,2026-05-31T12:12:51+00:00,45.766857,12.600626,26950,200,,False
1780229573,2026-05-31T12:12:53+00:00,45.766624,12.603538,26950,200,,False
1780229576,2026-05-31T12:12:56+00:00,45.76667,12.606614,26950,198,,False
1780229578,2026-05-31T12:12:58+00:00,45.766846,12.609116,26950,198,,False
1780229580,2026-05-31T12:13:00+00:00,45.76704,12.611979,26950,198,,False
1780229582,2026-05-31T12:13:02+00:00,45.76757,12.61462,26950,196,,False
1780229584,2026-05-31T12:13:04+00:00,45.768051,12.617213,26950,196,,False
1780229586,2026-05-31T12:13:06+00:00,45.768787,12.619683,26950,194,,False
1780229588,2026-05-31T12:13:08+00:00,45.769768,12.622663,26950,194,,False
1780229591,2026-05-31T12:13:11+00:00,45.770714,12.625129,26950,192,,False
1780229593,2026-05-31T12:13:13+00:00,45.77174,12.627078,26950,190,,False
1780229595,2026-05-31T12:13:15+00:00,45.773003,12.6292,26950,188,,False
1780229597,2026-05-31T12:13:17+00:00,45.774197,12.631201,26950,188,,False
1780229599,2026-05-31T12:13:19+00:00,45.775532,12.63262,26950,186,,False
1780229601,2026-05-31T12:13:21+00:00,45.776997,12.634264,26950,184,,False
1780229603,2026-05-31T12:13:23+00:00,45.778488,12.635757,26950,182,,False
1780229606,2026-05-31T12:13:26+00:00,45.780102,12.637172,26950,182,,False
1780229608,2026-05-31T12:13:28+00:00,45.78175,12.638137,26950,180,,False
1780229610,2026-05-31T12:13:30+00:00,45.783333,12.638979,26950,180,,False
1780229612,2026-05-31T12:13:32+00:00,45.78511,12.63961,26950,178,,False
1780229614,2026-05-31T12:13:34+00:00,45.786819,12.64016,26950,176,,False
1780229616,2026-05-31T12:13:36+00:00,45.788589,12.640279,26950,176,,False
1780229618,2026-05-31T12:13:38+00:00,45.790443,12.6404,26950,174,,False
1780229621,2026-05-31T12:13:41+00:00,45.792141,12.64022,26925,172,,False
1780229623,2026-05-31T12:13:43+00:00,45.793674,12.639911,26925,170,,False
1780229625,2026-05-31T12:13:45+00:00,45.795341,12.639374,26925,170,,False
1780229627,2026-05-31T12:13:47+00:00,45.796867,12.638718,26925,168,,False
1780229630,2026-05-31T12:13:50+00:00,45.798672,12.637582,26925,168,,False
1780229632,2026-05-31T12:13:52+00:00,45.80027,12.636318,26925,166,,False
1780229634,2026-05-31T12:13:54+00:00,45.801678,12.634965,26925,166,,False
1780229636,2026-05-31T12:13:56+00:00,45.803078,12.633376,26950,166,,False
1780229638,2026-05-31T12:13:58+00:00,45.80423,12.631779,26950,166,,False
1780229640,2026-05-31T12:14:00+00:00,45.805267,12.63009,26950,166,,False
1780229643,2026-05-31T12:14:03+00:00,45.806225,12.628072,26950,166,,False
1780229645,2026-05-31T12:14:05+00:00,45.807175,12.625783,26950,166,,False
1780229647,2026-05-31T12:14:07+00:00,45.807903,12.623775,26950,166,,False
1780229649,2026-05-31T12:14:09+00:00,45.808426,12.621757,26950,166,,False
1780229651,2026-05-31T12:14:11+00:00,45.808914,12.619037,26950,166,,False
1780229654,2026-05-31T12:14:14+00:00,45.809235,12.616827,26950,166,,False
1780229656,2026-05-31T12:14:16+00:00,45.809368,12.614327,26950,166,,False
1780229658,2026-05-31T12:14:18+00:00,45.809376,12.612022,26950,166,,False
1780229660,2026-05-31T12:14:20+00:00,45.809181,12.609553,26950,166,,False
1780229662,2026-05-31T12:14:22+00:00,45.80891,12.607281,26975,166,,False
1780229664,2026-05-31T12:14:24+00:00,45.808514,12.604837,26975,166,,False
1780229667,2026-05-31T12:14:27+00:00,45.807922,12.602375,26975,171,,False
1780229669,2026-05-31T12:14:29+00:00,45.807255,12.600088,26975,177,,False
1780229671,2026-05-31T12:14:31+00:00,45.806351,12.597959,26975,173,,False
1780229673,2026-05-31T12:14:33+00:00,45.805408,12.59606,26975,175,,False
1780229675,2026-05-31T12:14:35+00:00,45.804287,12.59397,26975,180,,False
1780229677,2026-05-31T12:14:37+00:00,45.803265,12.592172,26975,186,,False
1780229679,2026-05-31T12:14:39+00:00,45.801777,12.590349,26975,181,,False
1780229681,2026-05-31T12:14:41+00:00,45.800556,12.588895,26975,182,,False
1780229683,2026-05-31T12:14:43+00:00,45.79903,12.587349,26975,185,,False
1780229686,2026-05-31T12:14:46+00:00,45.79731,12.585917,26950,188,,False
1780229688,2026-05-31T12:14:48+00:00,45.795437,12.584541,26950,187,,False
1780229690,2026-05-31T12:14:50+00:00,45.793694,12.583737,26950,188,,False
1780229692,2026-05-31T12:14:52+00:00,45.791973,12.583053,26950,191,,False
1780229695,2026-05-31T12:14:55+00:00,45.790039,12.582347,26950,194,,False
1780229697,2026-05-31T12:14:57+00:00,45.788132,12.581984,26950,193,,False
1780229699,2026-05-31T12:14:59+00:00,45.78566,12.581698,26925,197,,False
1780229701,2026-05-31T12:15:01+00:00,45.783852,12.581927,26950,200,,False
1780229703,2026-05-31T12:15:03+00:00,45.781986,12.582034,26950,200,,False
1780229706,2026-05-31T12:15:06+00:00,45.779846,12.582514,26950,202,,False
1780229708,2026-05-31T12:15:08+00:00,45.777866,12.583249,26950,202,,False
1780229710,2026-05-31T12:15:10+00:00,45.776031,12.584022,26950,204,,False
1780229712,2026-05-31T12:15:12+00:00,45.774155,12.585085,26950,204,,False
1780229714,2026-05-31T12:15:14+00:00,45.772369,12.586354,26950,204,,False
1780229716,2026-05-31T12:15:16+00:00,45.770466,12.587841,26950,204,,False
1780229719,2026-05-31T12:15:19+00:00,45.76857,12.589728,26950,206,,False
1780229721,2026-05-31T12:15:21+00:00,45.767075,12.59134,26950,206,,False
1780229723,2026-05-31T12:15:23+00:00,45.765545,12.593341,26950,206,,False
1780229725,2026-05-31T12:15:25+00:00,45.76403,12.5955,26950,206,,False
1780229727,2026-05-31T12:15:27+00:00,45.762745,12.597656,26950,208,,False
1780229729,2026-05-31T12:15:29+00:00,45.761501,12.600172,26950,208,,False
1780229732,2026-05-31T12:15:32+00:00,45.760429,12.602844,26950,208,,False
1780229734,2026-05-31T12:15:34+00:00,45.759449,12.605353,26950,208,,False
1780229736,2026-05-31T12:15:36+00:00,45.758591,12.607994,26950,208,,False
1780229738,2026-05-31T12:15:38+00:00,45.757969,12.610758,26950,206,,False
1780229740,2026-05-31T12:15:40+00:00,45.757355,12.614233,26950,206,,False
1780229742,2026-05-31T12:15:42+00:00,45.756992,12.616426,26950,206,,False
1780229745,2026-05-31T12:15:45+00:00,45.756748,12.619381,26950,206,,False
1780229747,2026-05-31T12:15:47+00:00,45.756542,12.622859,26925,204,,False
1780229749,2026-05-31T12:15:49+00:00,45.756592,12.625712,26925,204,,False
1780229751,2026-05-31T12:15:51+00:00,45.756683,12.628284,26950,202,,False
1780229753,2026-05-31T12:15:53+00:00,45.757004,12.630987,26950,202,,False
1780229755,2026-05-31T12:15:55+00:00,45.757454,12.633817,26950,200,,False
1780229757,2026-05-31T12:15:57+00:00,45.757954,12.636328,26950,200,,False
1780229759,2026-05-31T12:15:59+00:00,45.758698,12.638768,26950,198,,False
1780229761,2026-05-31T12:16:01+00:00,45.759636,12.641638,26950,198,,False
1780229764,2026-05-31T12:16:04+00:00,45.760536,12.643974,26950,196,,False
1780229766,2026-05-31T12:16:06+00:00,45.761562,12.646242,26950,194,,False
1780229768,2026-05-31T12:16:08+00:00,45.762768,12.648356,26950,194,,False
1780229770,2026-05-31T12:16:10+00:00,45.76395,12.650368,26950,192,,False
1780229772,2026-05-31T12:16:12+00:00,45.765469,12.652517,26950,192,,False
1780229775,2026-05-31T12:16:15+00:00,45.767021,12.654119,26950,188,,False
1780229777,2026-05-31T12:16:17+00:00,45.76857,12.655679,26950,188,,False
1780229779,2026-05-31T12:16:19+00:00,45.770172,12.656948,26950,186,,False
1780229781,2026-05-31T12:16:21+00:00,45.77195,12.65833,26950,186,,False
1780229784,2026-05-31T12:16:24+00:00,45.773964,12.659369,26950,184,,False
1780229786,2026-05-31T12:16:26+00:00,45.775631,12.660038,26950,182,,False
1780229788,2026-05-31T12:16:28+00:00,45.777428,12.660552,26950,182,,False
1780229790,2026-05-31T12:16:30+00:00,45.779293,12.66092,26950,180,,False
1780229792,2026-05-31T12:16:32+00:00,45.781105,12.660993,26950,180,,False
1780229794,2026-05-31T12:16:34+00:00,45.782833,12.660885,26950,178,,False
1780229796,2026-05-31T12:16:36+00:00,45.784615,12.660449,26950,178,,False
1780229799,2026-05-31T12:16:39+00:00,45.786263,12.660032,26950,176,,False
1780229801,2026-05-31T12:16:41+00:00,45.787991,12.659229,26950,174,,False
1780229803,2026-05-31T12:16:43+00:00,45.789608,12.658421,26950,174,,False
1780229805,2026-05-31T12:16:45+00:00,45.791103,12.657413,26950,174,,False
1780229807,2026-05-31T12:16:47+00:00,45.792549,12.656222,26950,174,,False
1780229809,2026-05-31T12:16:49+00:00,45.793907,12.654846,26950,172,,False
1780229811,2026-05-31T12:16:51+00:00,45.795284,12.653242,26950,172,,False
1780229813,2026-05-31T12:16:53+00:00,45.79649,12.651581,26950,172,,False
1780229816,2026-05-31T12:16:56+00:00,45.797585,12.649754,26950,172,,False
1780229818,2026-05-31T12:16:58+00:00,45.798504,12.647859,26925,172,,False
1780229820,2026-05-31T12:17:00+00:00,45.799366,12.645908,26925,172,,False
1780229822,2026-05-31T12:17:02+00:00,45.800137,12.643684,26925,172,,False
1780229824,2026-05-31T12:17:04+00:00,45.800922,12.641052,26950,172,,False
1780229827,2026-05-31T12:17:07+00:00,45.801315,12.638831,26950,172,,False
1780229829,2026-05-31T12:17:09+00:00,45.801685,12.635923,26950,172,,False
1780229831,2026-05-31T12:17:11+00:00,45.801857,12.633468,26950,172,,False
1780229833,2026-05-31T12:17:13+00:00,45.801872,12.631113,26950,172,,False
1780229836,2026-05-31T12:17:16+00:00,45.801746,12.628027,26950,172,,False
1780229838,2026-05-31T12:17:18+00:00,45.801441,12.625862,26950,172,,False
1780229840,2026-05-31T12:17:20+00:00,45.801041,12.623232,26950,176,,False
1780229842,2026-05-31T12:17:22+00:00,45.800484,12.621062,26950,174,,False
1780229844,2026-05-31T12:17:24+00:00,45.799809,12.618702,26950,176,,False
1780229846,2026-05-31T12:17:26+00:00,45.798912,12.616463,26950,172,,False
1780229849,2026-05-31T12:17:29+00:00,45.798061,12.614454,26950,178,,False
1780229851,2026-05-31T12:17:31+00:00,45.797012,12.612426,26950,183,,False
1780229853,2026-05-31T12:17:33+00:00,45.795761,12.610394,26975,186,,False
1780229855,2026-05-31T12:17:35+00:00,45.794384,12.608568,26975,181,,False
1780229857,2026-05-31T12:17:37+00:00,45.79285,12.606965,26975,184,,False
1780229859,2026-05-31T12:17:39+00:00,45.791267,12.605329,26975,182,,False
1780229861,2026-05-31T12:17:41+00:00,45.789932,12.60407,26975,183,,False
1780229864,2026-05-31T12:17:44+00:00,45.788063,12.602684,26950,194,,False
1780229866,2026-05-31T12:17:46+00:00,45.786442,12.601809,26950,193,,False
1780229868,2026-05-31T12:17:48+00:00,45.78471,12.601082,26950,193,,False
1780229870,2026-05-31T12:17:50+00:00,45.782665,12.600341,26950,192,,False
1780229872,2026-05-31T12:17:52+00:00,45.780819,12.599946,26950,194,,False
1780229874,2026-05-31T12:17:54+00:00,45.778927,12.599629,26950,195,,False
1780229876,2026-05-31T12:17:56+00:00,45.777039,12.599531,26950,200,,False
1780229878,2026-05-31T12:17:58+00:00,45.775089,12.599596,26950,202,,False
1780229880,2026-05-31T12:18:00+00:00,45.772938,12.599855,26975,204,,False
1780229883,2026-05-31T12:18:03+00:00,45.77084,12.600612,26975,204,,False
1780229885,2026-05-31T12:18:05+00:00,45.769135,12.601225,26975,206,,False
1780229887,2026-05-31T12:18:07+00:00,45.767075,12.602213,26975,206,,False
1780229889,2026-05-31T12:18:09+00:00,45.765282,12.60323,26975,208,,False
1780229891,2026-05-31T12:18:11+00:00,45.76347,12.604651,26950,208,,False
1780229893,2026-05-31T12:18:13+00:00,45.761417,12.606314,26975,208,,False
1780229896,2026-05-31T12:18:16+00:00,45.75951,12.608143,26975,210,,False
1780229898,2026-05-31T12:18:18+00:00,45.757938,12.610107,26950,210,,False
1780229900,2026-05-31T12:18:20+00:00,45.756512,12.611967,26950,210,,False
1780229902,2026-05-31T12:18:22+00:00,45.754955,12.614188,26950,210,,False
1780229905,2026-05-31T12:18:25+00:00,45.753796,12.616294,26950,210,,False
1780229907,2026-05-31T12:18:27+00:00,45.75246,12.619102,26950,210,,False
1780229909,2026-05-31T12:18:29+00:00,45.751427,12.621598,26925,210,,False
1780229911,2026-05-31T12:18:31+00:00,45.750496,12.624089,26950,210,,False
1780229914,2026-05-31T12:18:34+00:00,45.749504,12.627385,26950,210,,False
1780229916,2026-05-31T12:18:36+00:00,45.748783,12.630498,26950,210,,False
1780229918,2026-05-31T12:18:38+00:00,45.74828,12.633563,26950,208,,False
1780229920,2026-05-31T12:18:40+00:00,45.747917,12.636408,26950,208,,False
1780229922,2026-05-31T12:18:42+00:00,45.747711,12.639327,26950,208,,False
1780229924,2026-05-31T12:18:44+00:00,45.747562,12.642334,26950,206,,False
1780229927,2026-05-31T12:18:47+00:00,45.747654,12.645281,26950,206,,False
1780229929,2026-05-31T12:18:49+00:00,45.747898,12.648414,26950,204,,False
1780229931,2026-05-31T12:18:51+00:00,45.748234,12.651771,26950,204,,False
1780229933,2026-05-31T12:18:53+00:00,45.748657,12.654332,26950,202,,False
1780229935,2026-05-31T12:18:55+00:00,45.749374,12.656814,26950,202,,False
1780229938,2026-05-31T12:18:58+00:00,45.75008,12.659512,26950,200,,False
1780229940,2026-05-31T12:19:00+00:00,45.751091,12.662409,26950,200,,False
1780229943,2026-05-31T12:19:03+00:00,45.752174,12.664791,26950,198,,False
1780229945,2026-05-31T12:19:05+00:00,45.753529,12.667513,26950,198,,False
1780229947,2026-05-31T12:19:07+00:00,45.754745,12.669601,26950,196,,False
1780229949,2026-05-31T12:19:09+00:00,45.756046,12.67147,26950,194,,False
1780229951,2026-05-31T12:19:11+00:00,45.757534,12.673244,26950,192,,False
1780229953,2026-05-31T12:19:13+00:00,45.758957,12.674795,26950,190,,False
1780229955,2026-05-31T12:19:15+00:00,45.760437,12.676307,26950,190,,False
1780229957,2026-05-31T12:19:17+00:00,45.762062,12.677653,26950,188,,False
1780229959,2026-05-31T12:19:19+00:00,45.763741,12.678517,26950,188,,False
1780229961,2026-05-31T12:19:21+00:00,45.765522,12.679579,26950,186,,False
1780229963,2026-05-31T12:19:23+00:00,45.767056,12.680313,26950,184,,False
1780229965,2026-05-31T12:19:25+00:00,45.768879,12.680903,26950,184,,False
1780229968,2026-05-31T12:19:28+00:00,45.770638,12.681223,26950,182,,False
1780229970,2026-05-31T12:19:30+00:00,45.772446,12.681328,26950,182,,False
1780229972,2026-05-31T12:19:32+00:00,45.774483,12.681241,26950,180,,False
1780229974,2026-05-31T12:19:34+00:00,45.77623,12.680991,26950,180,,False
1780229976,2026-05-31T12:19:36+00:00,45.778172,12.680414,26950,178,,False
1780229978,2026-05-31T12:19:38+00:00,45.779659,12.679742,26950,178,,False
1780229981,2026-05-31T12:19:41+00:00,45.781322,12.678998,26950,176,,False
1780229983,2026-05-31T12:19:43+00:00,45.783035,12.677667,26950,176,,False
1780229985,2026-05-31T12:19:45+00:00,45.784569,12.676511,26950,176,,False
1780229987,2026-05-31T12:19:47+00:00,45.78587,12.675196,26950,176,,False
1780229989,2026-05-31T12:19:49+00:00,45.787365,12.673504,26950,174,,False
1780229992,2026-05-31T12:19:52+00:00,45.788719,12.671681,26950,174,,False
1780229994,2026-05-31T12:19:54+00:00,45.789894,12.669872,26950,174,,False
1780229996,2026-05-31T12:19:56+00:00,45.790928,12.667754,26950,174,,False
1780229998,2026-05-31T12:19:58+00:00,45.791851,12.665647,26925,174,,False
1780230000,2026-05-31T12:20:00+00:00,45.792614,12.663516,26925,174,,False
1780230002,2026-05-31T12:20:02+00:00,45.793285,12.661029,26925,174,,False
1780230005,2026-05-31T12:20:05+00:00,45.793762,12.658997,26925,174,,False
1780230007,2026-05-31T12:20:07+00:00,45.794106,12.65661,26925,174,,False
1780230009,2026-05-31T12:20:09+00:00,45.79435,12.654329,26925,174,,False
1780230011,2026-05-31T12:20:11+00:00,45.794491,12.65182,26925,174,,False
1780230013,2026-05-31T12:20:13+00:00,45.79446,12.64937,26925,174,,False
1780230015,2026-05-31T12:20:15+00:00,45.794273,12.646929,26925,174,,False
1780230017,2026-05-31T12:20:17+00:00,45.793907,12.644453,26925,174,,False
1780230019,2026-05-31T12:20:19+00:00,45.793434,12.641975,26925,178,,False
1780230022,2026-05-31T12:20:22+00:00,45.792839,12.639538,26950,180,,False
1780230024,2026-05-31T12:20:24+00:00,45.792171,12.637503,26950,177,,False
1780230026,2026-05-31T12:20:26+00:00,45.79126,12.635304,26950,180,,False
1780230028,2026-05-31T12:20:28+00:00,45.790195,12.633023,26950,183,,False
1780230030,2026-05-31T12:20:30+00:00,45.789219,12.631017,26950,180,,False
1780230032,2026-05-31T12:20:32+00:00,45.787834,12.628922,26950,179,,False
1780230035,2026-05-31T12:20:35+00:00,45.786537,12.627357,26950,184,,False
1780230037,2026-05-31T12:20:37+00:00,45.784851,12.625535,26950,185,,False
1780230039,2026-05-31T12:20:39+00:00,45.783371,12.624131,26950,181,,False
1780230041,2026-05-31T12:20:41+00:00,45.78175,12.622827,26950,188,,False
1780230043,2026-05-31T12:20:43+00:00,45.779636,12.621437,26950,192,,False
1780230046,2026-05-31T12:20:46+00:00,45.777977,12.62073,26950,186,,False
1780230048,2026-05-31T12:20:48+00:00,45.775902,12.619879,26950,197,,False
1780230050,2026-05-31T12:20:50+00:00,45.774208,12.619385,26975,193,,False
1780230052,2026-05-31T12:20:52+00:00,45.772522,12.619094,26975,192,,False
1780230054,2026-05-31T12:20:54+00:00,45.77047,12.619017,26975,196,,False
1780230056,2026-05-31T12:20:56+00:00,45.768147,12.619121,26975,202,,False
1780230059,2026-05-31T12:20:59+00:00,45.766323,12.619397,26975,202,,False
1780230061,2026-05-31T12:21:01+00:00,45.764011,12.61997,26975,204,,False
1780230063,2026-05-31T12:21:03+00:00,45.76223,12.62053,26975,204,,False
1780230065,2026-05-31T12:21:05+00:00,45.760406,12.621357,26975,206,,False
1780230067,2026-05-31T12:21:07+00:00,45.758377,12.622532,26950,206,,False
1780230069,2026-05-31T12:21:09+00:00,45.756672,12.623723,26950,208,,False
1780230072,2026-05-31T12:21:12+00:00,45.754494,12.625428,26950,208,,False
1780230074,2026-05-31T12:21:14+00:00,45.7528,12.627094,26950,210,,False
1780230076,2026-05-31T12:21:16+00:00,45.751328,12.628746,26950,210,,False
1780230078,2026-05-31T12:21:18+00:00,45.749405,12.631042,26950,210,,False
1780230080,2026-05-31T12:21:20+00:00,45.748302,12.632676,26950,210,,False
1780230082,2026-05-31T12:21:22+00:00,45.74696,12.635037,26950,210,,False
1780230084,2026-05-31T12:21:24+00:00,45.745495,12.637781,26950,210,,False
1780230087,2026-05-31T12:21:27+00:00,45.744358,12.640251,26950,210,,False
1780230089,2026-05-31T12:21:29+00:00,45.743427,12.642694,26950,210,,False
1780230091,2026-05-31T12:21:31+00:00,45.74258,12.645444,26950,210,,False
1780230093,2026-05-31T12:21:33+00:00,45.741787,12.648569,26950,210,,False
1780230095,2026-05-31T12:21:35+00:00,45.741196,12.651229,26950,210,,False
1780230098,2026-05-31T12:21:38+00:00,45.740711,12.65428,26950,208,,False
1780230100,2026-05-31T12:21:40+00:00,45.740421,12.657005,26950,208,,False
1780230102,2026-05-31T12:21:42+00:00,45.740276,12.65996,26950,208,,False
1780230104,2026-05-31T12:21:44+00:00,45.740204,12.662601,26950,206,,False
1780230106,2026-05-31T12:21:46+00:00,45.740307,12.665565,26950,206,,False
1780230108,2026-05-31T12:21:48+00:00,45.740501,12.668549,26950,204,,False
1780230110,2026-05-31T12:21:50+00:00,45.740822,12.671741,26950,204,,False
1780230112,2026-05-31T12:21:52+00:00,45.741398,12.674483,26950,202,,False
1780230114,2026-05-31T12:21:54+00:00,45.742039,12.67696,26950,202,,False
1780230117,2026-05-31T12:21:57+00:00,45.742722,12.679511,26950,200,,False
1780230119,2026-05-31T12:21:59+00:00,45.743786,12.682116,26950,200,,False
1780230121,2026-05-31T12:22:01+00:00,45.744877,12.684525,26950,198,,False
1780230123,2026-05-31T12:22:03+00:00,45.746067,12.686954,26950,196,,False
1780230125,2026-05-31T12:22:05+00:00,45.747322,12.689217,26950,196,,False
1780230128,2026-05-31T12:22:08+00:00,45.748642,12.69124,26950,194,,False
1780230130,2026-05-31T12:22:10+00:00,45.750069,12.693028,26950,192,,False
1780230132,2026-05-31T12:22:12+00:00,45.751705,12.694879,26950,190,,False
1780230134,2026-05-31T12:22:14+00:00,45.75312,12.696237,26950,190,,False
1780230136,2026-05-31T12:22:16+00:00,45.75486,12.697629,26950,188,,False
1780230138,2026-05-31T12:22:18+00:00,45.756477,12.698584,26950,188,,False
1780230140,2026-05-31T12:22:20+00:00,45.758141,12.699401,26950,186,,False
1780230143,2026-05-31T12:22:23+00:00,45.759937,12.700131,26925,184,,False
1780230145,2026-05-31T12:22:25+00:00,45.761818,12.700697,26925,182,,False
1780230147,2026-05-31T12:22:27+00:00,45.76368,12.700987,26925,182,,False
1780230149,2026-05-31T12:22:29+00:00,45.765617,12.701082,26950,180,,False
1780230151,2026-05-31T12:22:31+00:00,45.767288,12.700987,26950,180,,False
1780230153,2026-05-31T12:22:33+00:00,45.768909,12.700596,26950,178,,False
1780230155,2026-05-31T12:22:35+00:00,45.770554,12.700191,26950,178,,False
1780230157,2026-05-31T12:22:37+00:00,45.772152,12.699544,26950,176,,False
1780230160,2026-05-31T12:22:40+00:00,45.773926,12.698605,26950,176,,False
1780230162,2026-05-31T12:22:42+00:00,45.775471,12.697531,26950,174,,False
1780230164,2026-05-31T12:22:44+00:00,45.776882,12.696357,26950,174,,False
1780230166,2026-05-31T12:22:46+00:00,45.77816,12.695057,26950,174,,False
1780230168,2026-05-31T12:22:48+00:00,45.779549,12.693482,26950,172,,False
1780230170,2026-05-31T12:22:50+00:00,45.780643,12.69206,26950,172,,False
1780230172,2026-05-31T12:22:52+00:00,45.781811,12.690329,26975,172,,False
1780230174,2026-05-31T12:22:54+00:00,45.78286,12.688348,26975,172,,False
1780230176,2026-05-31T12:22:56+00:00,45.783848,12.686019,26950,172,,False
1780230179,2026-05-31T12:22:59+00:00,45.784592,12.683879,26950,172,,False
1780230181,2026-05-31T12:23:01+00:00,45.785278,12.68169,26950,172,,False
1780230183,2026-05-31T12:23:03+00:00,45.785778,12.67935,26950,172,,False
1780230185,2026-05-31T12:23:05+00:00,45.786144,12.677173,26950,174,,False
1780230187,2026-05-31T12:23:07+00:00,45.786427,12.674682,26950,174,,False
1780230189,2026-05-31T12:23:09+00:00,45.786522,12.672325,26950,174,,False
1780230191,2026-05-31T12:23:11+00:00,45.786594,12.669937,26950,174,,False
1780230194,2026-05-31T12:23:14+00:00,45.786652,12.667457,26950,174,,False
1780230196,2026-05-31T12:23:16+00:00,45.786728,12.664588,26950,174,,False
1780230198,2026-05-31T12:23:18+00:00,45.786819,12.662061,26950,177,,False
1780230200,2026-05-31T12:23:20+00:00,45.786919,12.659814,26950,172,,False
1780230202,2026-05-31T12:23:22+00:00,45.787006,12.657323,26950,175,,False
1780230204,2026-05-31T12:23:24+00:00,45.787201,12.65466,26925,174,,False
1780230207,2026-05-31T12:23:27+00:00,45.787319,12.652141,26925,173,,False
1780230209,2026-05-31T12:23:29+00:00,45.787434,12.649639,26925,174,,False
1780230211,2026-05-31T12:23:31+00:00,45.78759,12.646662,26925,174,,False
1780230214,2026-05-31T12:23:34+00:00,45.787708,12.644278,26925,176,,False
1780230216,2026-05-31T12:23:36+00:00,45.787868,12.641772,26925,174,,False
1780230218,2026-05-31T12:23:38+00:00,45.787979,12.639382,26925,172,,False
1780230231,2026-05-31T12:23:51+00:00,45.788666,12.62467,26925,178,,False
1780230233,2026-05-31T12:23:53+00:00,45.788525,12.621986,26925,177,,False
1780230235,2026-05-31T12:23:55+00:00,45.788231,12.61953,26950,176,,False
1780230237,2026-05-31T12:23:57+00:00,45.787857,12.617286,26950,174,,False
1780230239,2026-05-31T12:23:59+00:00,45.787476,12.614868,26950,178,,False
1780230241,2026-05-31T12:24:01+00:00,45.786892,12.61259,26950,179,,False
1780230243,2026-05-31T12:24:03+00:00,45.786201,12.610115,26950,175,,False
1780230245,2026-05-31T12:24:05+00:00,45.785442,12.607963,26950,178,,False
1780230248,2026-05-31T12:24:08+00:00,45.784592,12.605733,26975,179,,False
1780230250,2026-05-31T12:24:10+00:00,45.783489,12.603273,26975,178,,False
1780230252,2026-05-31T12:24:12+00:00,45.782436,12.601349,26975,181,,False
1780230254,2026-05-31T12:24:14+00:00,45.781265,12.599373,26975,184,,False
1780230256,2026-05-31T12:24:16+00:00,45.779972,12.597419,26975,185,,False
1780230259,2026-05-31T12:24:19+00:00,45.778522,12.595604,26975,184,,False
1780230261,2026-05-31T12:24:21+00:00,45.777,12.593773,26975,185,,False
1780230263,2026-05-31T12:24:23+00:00,45.775616,12.592275,26975,185,,False
1780230265,2026-05-31T12:24:25+00:00,45.773968,12.59077,26975,186,,False
1780230267,2026-05-31T12:24:27+00:00,45.772324,12.589498,26975,191,,False
1780230269,2026-05-31T12:24:29+00:00,45.770672,12.588119,26975,187,,False
1780230272,2026-05-31T12:24:32+00:00,45.768894,12.586946,26975,190,,False
1780230274,2026-05-31T12:24:34+00:00,45.76709,12.586267,26975,191,,False
1780230276,2026-05-31T12:24:36+00:00,45.765404,12.585423,26975,197,,False
1780230278,2026-05-31T12:24:38+00:00,45.763409,12.584702,26975,196,,False
1780230280,2026-05-31T12:24:40+00:00,45.761353,12.584091,26975,193,,False
1780230282,2026-05-31T12:24:42+00:00,45.759243,12.583843,26950,201,,False
1780230285,2026-05-31T12:24:45+00:00,45.757187,12.583775,26950,200,,False
1780230287,2026-05-31T12:24:47+00:00,45.755127,12.583893,26975,201,,False
1780230289,2026-05-31T12:24:49+00:00,45.753029,12.584332,26975,206,,False
1780230291,2026-05-31T12:24:51+00:00,45.750839,12.585033,26975,208,,False
1780230293,2026-05-31T12:24:53+00:00,45.748852,12.585969,26950,208,,False
1780230296,2026-05-31T12:24:56+00:00,45.747055,12.586845,26950,210,,False
1780230298,2026-05-31T12:24:58+00:00,45.745125,12.588315,26950,212,,False
1780230300,2026-05-31T12:25:00+00:00,45.743378,12.589772,26950,212,,False
1780230302,2026-05-31T12:25:02+00:00,45.7416,12.591525,26975,212,,False
1780230304,2026-05-31T12:25:04+00:00,45.740017,12.593318,26975,212,,False
1780230306,2026-05-31T12:25:06+00:00,45.738396,12.595366,26950,212,,False
1780230309,2026-05-31T12:25:09+00:00,45.736702,12.597957,26950,214,,False
1780230311,2026-05-31T12:25:11+00:00,45.735378,12.600307,26950,214,,False
1780230313,2026-05-31T12:25:13+00:00,45.73415,12.602839,26950,214,,False
1780230315,2026-05-31T12:25:15+00:00,45.732971,12.605982,26950,214,,False
1780230317,2026-05-31T12:25:17+00:00,45.732254,12.608074,26950,214,,False
1780230319,2026-05-31T12:25:19+00:00,45.73151,12.610936,26925,214,,False
1780230322,2026-05-31T12:25:22+00:00,45.730854,12.613973,26925,212,,False
1780230324,2026-05-31T12:25:24+00:00,45.730442,12.616682,26925,212,,False
1780230326,2026-05-31T12:25:26+00:00,45.730175,12.619713,26950,212,,False
1780230328,2026-05-31T12:25:28+00:00,45.729923,12.622944,26950,210,,False
1780230330,2026-05-31T12:25:30+00:00,45.729973,12.625892,26950,210,,False
1780230332,2026-05-31T12:25:32+00:00,45.730042,12.628722,26950,208,,False
1780230334,2026-05-31T12:25:34+00:00,45.730381,12.631859,26950,206,,False
1780230337,2026-05-31T12:25:37+00:00,45.730782,12.63454,26950,204,,False
1780230339,2026-05-31T12:25:39+00:00,45.73143,12.637306,26950,204,,False
1780230341,2026-05-31T12:25:41+00:00,45.732227,12.640052,26950,202,,False
1780230343,2026-05-31T12:25:43+00:00,45.73304,12.642482,26950,200,,False
1780230345,2026-05-31T12:25:45+00:00,45.733986,12.644736,26950,200,,False
1780230347,2026-05-31T12:25:47+00:00,45.735172,12.647138,26950,198,,False
1780230349,2026-05-31T12:25:49+00:00,45.736588,12.64937,26950,196,,False
1780230352,2026-05-31T12:25:52+00:00,45.738079,12.651474,26950,194,,False
1780230354,2026-05-31T12:25:54+00:00,45.739304,12.653058,26950,192,,False
1780230356,2026-05-31T12:25:56+00:00,45.740738,12.654606,26950,190,,False
1780230358,2026-05-31T12:25:58+00:00,45.742367,12.655937,26950,188,,False
1780230360,2026-05-31T12:26:00+00:00,45.743996,12.657132,26950,186,,False
1780230362,2026-05-31T12:26:02+00:00,45.745689,12.658071,26950,186,,False
1780230364,2026-05-31T12:26:04+00:00,45.747299,12.658839,26950,182,,False
1780230366,2026-05-31T12:26:06+00:00,45.749001,12.659526,26925,180,,False
1780230368,2026-05-31T12:26:08+00:00,45.750683,12.659768,26925,180,,False
1780230370,2026-05-31T12:26:10+00:00,45.752476,12.659845,26925,178,,False
1780230373,2026-05-31T12:26:13+00:00,45.754211,12.659747,26925,178,,False
1780230375,2026-05-31T12:26:15+00:00,45.756207,12.659304,26925,176,,False
1780230377,2026-05-31T12:26:17+00:00,45.757977,12.65882,26925,176,,False
1780230379,2026-05-31T12:26:19+00:00,45.759422,12.658158,26925,174,,False
1780230381,2026-05-31T12:26:21+00:00,45.76099,12.657204,26925,174,,False
1780230383,2026-05-31T12:26:23+00:00,45.762558,12.655878,26925,172,,False
1780230385,2026-05-31T12:26:25+00:00,45.763912,12.654697,26950,172,,False
1780230387,2026-05-31T12:26:27+00:00,45.765259,12.653131,26950,170,,False
1780230390,2026-05-31T12:26:30+00:00,45.766426,12.651619,26950,170,,False
1780230392,2026-05-31T12:26:32+00:00,45.767597,12.649738,26950,170,,False
1780230394,2026-05-31T12:26:34+00:00,45.768639,12.647627,26950,170,,False
1780230396,2026-05-31T12:26:36+00:00,45.769321,12.645777,26950,170,,False
1780230398,2026-05-31T12:26:38+00:00,45.770058,12.643487,26975,170,,False
1780230400,2026-05-31T12:26:40+00:00,45.770596,12.641294,26975,170,,False
1780230402,2026-05-31T12:26:42+00:00,45.77103,12.639111,26975,172,,False
1780230404,2026-05-31T12:26:44+00:00,45.771267,12.636357,26975,172,,False
1780230407,2026-05-31T12:26:47+00:00,45.771439,12.634341,26950,172,,False
1780230409,2026-05-31T12:26:49+00:00,45.771427,12.631619,26950,172,,False
1780230411,2026-05-31T12:26:51+00:00,45.771233,12.628884,26950,172,,False
1780230413,2026-05-31T12:26:53+00:00,45.770779,12.626125,26950,172,,False
1780230416,2026-05-31T12:26:56+00:00,45.770279,12.623788,26950,172,,False
1780230418,2026-05-31T12:26:58+00:00,45.769447,12.621148,26950,176,,False
1780230420,2026-05-31T12:27:00+00:00,45.768787,12.619334,26950,179,,False
1780230422,2026-05-31T12:27:02+00:00,45.767624,12.616714,26950,179,,False
1780230424,2026-05-31T12:27:04+00:00,45.766834,12.615195,26950,184,,False
1780230426,2026-05-31T12:27:06+00:00,45.765556,12.613198,26950,182,,False
1780230428,2026-05-31T12:27:08+00:00,45.764259,12.611529,26950,185,,False
1780230430,2026-05-31T12:27:10+00:00,45.762775,12.609808,26950,187,,False
1780230433,2026-05-31T12:27:13+00:00,45.761143,12.60821,26950,186,,False
1780230435,2026-05-31T12:27:15+00:00,45.759609,12.607083,26950,193,,False
1780230437,2026-05-31T12:27:17+00:00,45.757763,12.605854,26950,190,,False
1780230439,2026-05-31T12:27:19+00:00,45.756115,12.605029,26950,189,,False
1780230441,2026-05-31T12:27:21+00:00,45.753876,12.60405,26950,192,,False
1780230444,2026-05-31T12:27:24+00:00,45.752136,12.603689,26950,195,,False
1780230446,2026-05-31T12:27:26+00:00,45.749966,12.60344,26950,198,,False
1780230448,2026-05-31T12:27:28+00:00,45.747982,12.603455,26950,199,,False
1780230450,2026-05-31T12:27:30+00:00,45.745823,12.603685,26950,202,,False
1780230452,2026-05-31T12:27:32+00:00,45.743511,12.604095,26950,202,,False
1780230455,2026-05-31T12:27:35+00:00,45.741776,12.604675,26950,204,,False
1780230457,2026-05-31T12:27:37+00:00,45.739754,12.605613,26950,206,,False
1780230459,2026-05-31T12:27:39+00:00,45.737572,12.60705,26950,206,,False
1780230461,2026-05-31T12:27:41+00:00,45.735725,12.60846,26950,208,,False
1780230464,2026-05-31T12:27:44+00:00,45.733936,12.609947,26950,208,,False
1780230466,2026-05-31T12:27:46+00:00,45.731976,12.612039,26950,208,,False
1780230468,2026-05-31T12:27:48+00:00,45.730412,12.61399,26950,210,,False
1780230470,2026-05-31T12:27:50+00:00,45.729134,12.61581,26950,210,,False
1780230472,2026-05-31T12:27:52+00:00,45.727829,12.617947,26925,210,,False
1780230474,2026-05-31T12:27:54+00:00,45.726654,12.620243,26925,210,,False
1780230477,2026-05-31T12:27:57+00:00,45.725319,12.623063,26950,210,,False
1780230479,2026-05-31T12:27:59+00:00,45.72435,12.625916,26950,210,,False
1780230481,2026-05-31T12:28:01+00:00,45.72345,12.62891,26950,210,,False
1780230483,2026-05-31T12:28:03+00:00,45.722706,12.631942,26950,210,,False
1780230486,2026-05-31T12:28:06+00:00,45.722286,12.634671,26950,208,,False
1780230488,2026-05-31T12:28:08+00:00,45.721962,12.637445,26950,208,,False
1780230490,2026-05-31T12:28:10+00:00,45.721626,12.640712,26950,208,,False
1780230492,2026-05-31T12:28:12+00:00,45.721684,12.643849,26950,208,,False
1780230494,2026-05-31T12:28:14+00:00,45.721748,12.646561,26950,206,,False
1780230497,2026-05-31T12:28:17+00:00,45.721992,12.64981,26950,204,,False
1780230499,2026-05-31T12:28:19+00:00,45.722481,12.652723,26950,204,,False
1780230501,2026-05-31T12:28:21+00:00,45.723103,12.655635,26950,202,,False
1780230503,2026-05-31T12:28:23+00:00,45.723858,12.658078,26950,202,,False
1780230505,2026-05-31T12:28:25+00:00,45.72472,12.660631,26950,198,,False
1780230507,2026-05-31T12:28:27+00:00,45.725716,12.663224,26950,198,,False
1780230510,2026-05-31T12:28:30+00:00,45.72681,12.665223,26950,196,,False
1780230512,2026-05-31T12:28:32+00:00,45.728233,12.66738,26950,196,,False
1780230514,2026-05-31T12:28:34+00:00,45.729595,12.669428,26950,194,,False
1780230516,2026-05-31T12:28:36+00:00,45.730984,12.671223,26950,194,,False
1780230518,2026-05-31T12:28:38+00:00,45.732433,12.672837,26950,190,,False
1780230520,2026-05-31T12:28:40+00:00,45.734085,12.674225,26950,190,,False
1780230522,2026-05-31T12:28:42+00:00,45.735603,12.675229,26950,186,,False
1780230524,2026-05-31T12:28:44+00:00,45.73753,12.676472,26950,186,,False
1780230527,2026-05-31T12:28:47+00:00,45.739147,12.677171,26950,184,,False
1780230529,2026-05-31T12:28:49+00:00,45.740883,12.677754,26950,182,,False
1780230531,2026-05-31T12:28:51+00:00,45.742813,12.678099,26950,180,,False
1780230533,2026-05-31T12:28:53+00:00,45.744549,12.678233,26950,178,,False
1780230535,2026-05-31T12:28:55+00:00,45.746254,12.677947,26950,178,,False
1780230537,2026-05-31T12:28:57+00:00,45.748024,12.677715,26925,176,,False
1780230540,2026-05-31T12:29:00+00:00,45.749836,12.677151,26925,176,,False
1780230542,2026-05-31T12:29:02+00:00,45.75148,12.676403,26925,174,,False
1780230544,2026-05-31T12:29:04+00:00,45.753193,12.675285,26925,174,,False
1780230546,2026-05-31T12:29:06+00:00,45.754623,12.674201,26925,172,,False
1780230548,2026-05-31T12:29:08+00:00,45.755985,12.672922,26925,172,,False
1780230550,2026-05-31T12:29:10+00:00,45.75737,12.671366,26925,172,,False
1780230552,2026-05-31T12:29:12+00:00,45.758629,12.669654,26925,170,,False
1780230554,2026-05-31T12:29:14+00:00,45.759632,12.668049,26925,170,,False
1780230556,2026-05-31T12:29:16+00:00,45.760559,12.666033,26925,170,,False
1780230559,2026-05-31T12:29:19+00:00,45.76133,12.664227,26925,170,,False
1780230561,2026-05-31T12:29:21+00:00,45.762253,12.661682,26950,170,,False
1780230563,2026-05-31T12:29:23+00:00,45.762711,12.659536,26950,170,,False
1780230565,2026-05-31T12:29:25+00:00,45.763119,12.657204,26950,170,,False
1780230567,2026-05-31T12:29:27+00:00,45.763386,12.654818,26950,170,,False
1780230569,2026-05-31T12:29:29+00:00,45.763538,12.652377,26950,170,,False
1780230571,2026-05-31T12:29:31+00:00,45.763439,12.650137,26950,170,,False
1780230573,2026-05-31T12:29:33+00:00,45.763329,12.647799,26950,170,,False
1780230576,2026-05-31T12:29:36+00:00,45.762974,12.645369,26950,170,,False
1780230578,2026-05-31T12:29:38+00:00,45.762444,12.642986,26950,170,,False
1780230580,2026-05-31T12:29:40+00:00,45.761864,12.640422,26950,177,,False
1780230582,2026-05-31T12:29:42+00:00,45.761066,12.638181,26950,179,,False
1780230584,2026-05-31T12:29:44+00:00,45.760227,12.636142,26950,178,,False
1780230586,2026-05-31T12:29:46+00:00,45.759186,12.634172,26950,183,,False
1780230588,2026-05-31T12:29:48+00:00,45.758057,12.632071,26950,181,,False
1780230591,2026-05-31T12:29:51+00:00,45.756744,12.630282,26950,185,,False
1780230593,2026-05-31T12:29:53+00:00,45.75526,12.628416,26950,187,,False
1780230595,2026-05-31T12:29:55+00:00,45.753536,12.626942,26950,189,,False
1780230597,2026-05-31T12:29:57+00:00,45.752224,12.625787,26950,192,,False
1780230599,2026-05-31T12:29:59+00:00,45.750393,12.624455,26950,186,,False
1780230601,2026-05-31T12:30:01+00:00,45.748676,12.623468,26950,188,,False
1780230604,2026-05-31T12:30:04+00:00,45.746681,12.622696,26950,194,,False
1780230606,2026-05-31T12:30:06+00:00,45.744564,12.622152,26950,193,,False
1780230608,2026-05-31T12:30:08+00:00,45.742634,12.621761,26950,191,,False
1780230610,2026-05-31T12:30:10+00:00,45.740345,12.621789,26950,195,,False
1780230612,2026-05-31T12:30:12+00:00,45.738541,12.621895,26950,203,,False
1780230615,2026-05-31T12:30:15+00:00,45.736458,12.622361,26950,202,,False
1780230617,2026-05-31T12:30:17+00:00,45.734451,12.623,26950,204,,False
1780230619,2026-05-31T12:30:19+00:00,45.732571,12.623819,26950,204,,False
1780230621,2026-05-31T12:30:21+00:00,45.730549,12.624899,26950,204,,False
1780230624,2026-05-31T12:30:24+00:00,45.728283,12.626519,26950,206,,False
1780230626,2026-05-31T12:30:26+00:00,45.726261,12.628221,26950,206,,False
1780230628,2026-05-31T12:30:28+00:00,45.724709,12.629669,26950,206,,False
1780230630,2026-05-31T12:30:30+00:00,45.722816,12.631595,26950,206,,False
1780230632,2026-05-31T12:30:32+00:00,45.721588,12.633005,26950,208,,False
1780230634,2026-05-31T12:30:34+00:00,45.71994,12.634909,26950,208,,False
1780230637,2026-05-31T12:30:37+00:00,45.718517,12.636806,26950,208,,False
1780230639,2026-05-31T12:30:39+00:00,45.716976,12.638927,26950,208,,False
1780230641,2026-05-31T12:30:41+00:00,45.715542,12.641124,26975,210,,False
1780230643,2026-05-31T12:30:43+00:00,45.714256,12.6433,26950,210,,False
1780230645,2026-05-31T12:30:45+00:00,45.713024,12.645491,26950,210,,False
1780230647,2026-05-31T12:30:47+00:00,45.711685,12.648137,26950,210,,False
1780230649,2026-05-31T12:30:49+00:00,45.710655,12.650478,26950,210,,False
1780230651,2026-05-31T12:30:51+00:00,45.709732,12.653041,26950,210,,False
1780230653,2026-05-31T12:30:53+00:00,45.708809,12.655811,26950,210,,False
1780230656,2026-05-31T12:30:56+00:00,45.708149,12.658292,26950,210,,False
1780230658,2026-05-31T12:30:58+00:00,45.707558,12.66119,26950,210,,False
1780230660,2026-05-31T12:31:00+00:00,45.707176,12.663836,26950,210,,False
1780230662,2026-05-31T12:31:02+00:00,45.706825,12.666947,26950,210,,False
1780230664,2026-05-31T12:31:04+00:00,45.706715,12.669799,26950,210,,False
1780230666,2026-05-31T12:31:06+00:00,45.706665,12.672838,26950,208,,False
1780230668,2026-05-31T12:31:08+00:00,45.706696,12.675809,26950,208,,False
1780230670,2026-05-31T12:31:10+00:00,45.706837,12.678787,26950,208,,False
1780230673,2026-05-31T12:31:13+00:00,45.707268,12.681685,26950,206,,False
1780230675,2026-05-31T12:31:15+00:00,45.708027,12.685165,26950,204,,False
1780230677,2026-05-31T12:31:17+00:00,45.708656,12.687444,26950,202,,False
1780230679,2026-05-31T12:31:19+00:00,45.709469,12.690072,26950,200,,False
1780230681,2026-05-31T12:31:21+00:00,45.710533,12.692513,26950,200,,False
1780230684,2026-05-31T12:31:24+00:00,45.711636,12.69503,26950,198,,False
1780230686,2026-05-31T12:31:26+00:00,45.712822,12.697189,26950,198,,False
1780230688,2026-05-31T12:31:28+00:00,45.714161,12.699238,26950,196,,False
1780230690,2026-05-31T12:31:30+00:00,45.715488,12.701221,26950,194,,False
1780230692,2026-05-31T12:31:32+00:00,45.716854,12.702975,26950,192,,False
1780230694,2026-05-31T12:31:34+00:00,45.718548,12.704813,26950,192,,False
1780230697,2026-05-31T12:31:37+00:00,45.720165,12.706116,26950,190,,False
1780230699,2026-05-31T12:31:39+00:00,45.722195,12.707491,26950,188,,False
1780230701,2026-05-31T12:31:41+00:00,45.724052,12.708569,26950,188,,False
1780230703,2026-05-31T12:31:43+00:00,45.725735,12.709237,26950,186,,False
1780230705,2026-05-31T12:31:45+00:00,45.727463,12.70972,26950,186,,False
1780230708,2026-05-31T12:31:48+00:00,45.729122,12.71008,26950,184,,False
1780230710,2026-05-31T12:31:50+00:00,45.731136,12.710238,26950,182,,False
1780230712,2026-05-31T12:31:52+00:00,45.7328,12.71029,26950,182,,False
1780230714,2026-05-31T12:31:54+00:00,45.734455,12.710008,26950,182,,False
1780230716,2026-05-31T12:31:56+00:00,45.736115,12.709617,26950,180,,False
1780230718,2026-05-31T12:31:58+00:00,45.738274,12.708808,26950,178,,False
1780230720,2026-05-31T12:32:00+00:00,45.739689,12.708064,26950,178,,False
1780230722,2026-05-31T12:32:02+00:00,45.741291,12.707196,26950,176,,False
1780230725,2026-05-31T12:32:05+00:00,45.742836,12.705997,26950,176,,False
1780230727,2026-05-31T12:32:07+00:00,45.744217,12.704597,26950,176,,False
1780230729,2026-05-31T12:32:09+00:00,45.74559,12.703067,26950,174,,False
1780230731,2026-05-31T12:32:11+00:00,45.747047,12.701141,26950,174,,False
1780230733,2026-05-31T12:32:13+00:00,45.748165,12.699391,26950,174,,False
1780230735,2026-05-31T12:32:15+00:00,45.749134,12.69759,26950,174,,False
1780230737,2026-05-31T12:32:17+00:00,45.750175,12.695431,26950,174,,False
1780230740,2026-05-31T12:32:20+00:00,45.750938,12.69318,26925,174,,False
1780230742,2026-05-31T12:32:22+00:00,45.751575,12.691108,26925,174,,False
1780230744,2026-05-31T12:32:24+00:00,45.752201,12.688507,26925,174,,False
1780230747,2026-05-31T12:32:27+00:00,45.752625,12.686165,26925,174,,False
1780230749,2026-05-31T12:32:29+00:00,45.752796,12.683222,26925,174,,False
1780230751,2026-05-31T12:32:31+00:00,45.75288,12.681044,26950,174,,False
1780230753,2026-05-31T12:32:33+00:00,45.752872,12.678443,26950,174,,False
1780230755,2026-05-31T12:32:35+00:00,45.752609,12.676087,26950,174,,False
1780230757,2026-05-31T12:32:37+00:00,45.752216,12.673559,26950,174,,False
1780230759,2026-05-31T12:32:39+00:00,45.751823,12.671265,26950,174,,False
1780230761,2026-05-31T12:32:41+00:00,45.751194,12.668679,26950,178,,False
1780230764,2026-05-31T12:32:44+00:00,45.750191,12.665702,26950,183,,False
1780230766,2026-05-31T12:32:46+00:00,45.749577,12.664297,26950,183,,False
1780230768,2026-05-31T12:32:48+00:00,45.74844,12.662116,26950,182,,False
1780230770,2026-05-31T12:32:50+00:00,45.747257,12.659933,26950,181,,False
1780230772,2026-05-31T12:32:52+00:00,45.745918,12.657745,26950,186,,False
1780230775,2026-05-31T12:32:55+00:00,45.744419,12.655933,26950,188,,False
1780230777,2026-05-31T12:32:57+00:00,45.742897,12.654291,26950,190,,False
1780230779,2026-05-31T12:32:59+00:00,45.741165,12.652805,26950,188,,False
1780230782,2026-05-31T12:33:02+00:00,45.739529,12.651324,26950,188,,False
1780230784,2026-05-31T12:33:04+00:00,45.737209,12.649855,26950,194,,False
1780230786,2026-05-31T12:33:06+00:00,45.735462,12.649271,26950,194,,False
1780230788,2026-05-31T12:33:08+00:00,45.733463,12.648559,26950,197,,False
1780230791,2026-05-31T12:33:11+00:00,45.731499,12.648108,26950,196,,False
1780230793,2026-05-31T12:33:13+00:00,45.729538,12.647705,26950,200,,False
1780230795,2026-05-31T12:33:15+00:00,45.727417,12.647817,26950,201,,False
1780230797,2026-05-31T12:33:17+00:00,45.725231,12.647963,26950,204,,False
1780230799,2026-05-31T12:33:19+00:00,45.723324,12.648322,26950,204,,False
1780230801,2026-05-31T12:33:21+00:00,45.721443,12.648908,26950,206,,False
1780230803,2026-05-31T12:33:23+00:00,45.719521,12.649611,26950,208,,False
1780230806,2026-05-31T12:33:26+00:00,45.717518,12.650613,26950,208,,False
1780230808,2026-05-31T12:33:28+00:00,45.715519,12.651804,26950,210,,False
1780230810,2026-05-31T12:33:30+00:00,45.713676,12.65328,26950,210,,False
1780230812,2026-05-31T12:33:32+00:00,45.711872,12.654858,26975,210,,False
1780230814,2026-05-31T12:33:34+00:00,45.710114,12.656536,26975,212,,False
1780230816,2026-05-31T12:33:36+00:00,45.708488,12.658537,26975,212,,False
1780230819,2026-05-31T12:33:39+00:00,45.707096,12.660386,26975,212,,False
1780230821,2026-05-31T12:33:41+00:00,45.705372,12.66303,26975,212,,False
1780230823,2026-05-31T12:33:43+00:00,45.704178,12.665095,26950,212,,False
1780230825,2026-05-31T12:33:45+00:00,45.702969,12.667601,26950,214,,False
1780230827,2026-05-31T12:33:47+00:00,45.701878,12.670142,26950,214,,False
1780230829,2026-05-31T12:33:49+00:00,45.700924,12.672763,26950,214,,False
1780230831,2026-05-31T12:33:51+00:00,45.700043,12.675457,26950,214,,False
1780230834,2026-05-31T12:33:54+00:00,45.699291,12.678449,26950,214,,False
1780230836,2026-05-31T12:33:56+00:00,45.698627,12.681772,26950,212,,False
1780230838,2026-05-31T12:33:58+00:00,45.698307,12.68486,26950,212,,False
1780230840,2026-05-31T12:34:00+00:00,45.698086,12.687798,26950,212,,False
1780230843,2026-05-31T12:34:03+00:00,45.697952,12.690762,26950,212,,False
1780230845,2026-05-31T12:34:05+00:00,45.697876,12.693773,26025,210,,False
1780230847,2026-05-31T12:34:07+00:00,45.698021,12.69714,26950,210,,False
1780230849,2026-05-31T12:34:09+00:00,45.69828,12.700211,26950,208,,False
1780230851,2026-05-31T12:34:11+00:00,45.698864,12.702888,26950,208,,False
1780230853,2026-05-31T12:34:13+00:00,45.699516,12.705856,26950,206,,False
1780230855,2026-05-31T12:34:15+00:00,45.700165,12.708203,26950,206,,False
1780230857,2026-05-31T12:34:17+00:00,45.700939,12.710566,26950,206,,False
1780230860,2026-05-31T12:34:20+00:00,45.701962,12.713114,26950,204,,False
1780230862,2026-05-31T12:34:22+00:00,45.703114,12.715493,26950,202,,False
1780230864,2026-05-31T12:34:24+00:00,45.704334,12.717727,26950,200,,False
1780230866,2026-05-31T12:34:26+00:00,45.70565,12.719878,26950,200,,False
1780230868,2026-05-31T12:34:28+00:00,45.707008,12.722011,26950,198,,False
1780230870,2026-05-31T12:34:30+00:00,45.708523,12.723845,26950,198,,False
1780230872,2026-05-31T12:34:32+00:00,45.709972,12.725374,26950,196,,False
1780230875,2026-05-31T12:34:35+00:00,45.711525,12.727002,26950,196,,False
1780230877,2026-05-31T12:34:37+00:00,45.713608,12.728605,26950,194,,False
1780230879,2026-05-31T12:34:39+00:00,45.715092,12.729446,26950,192,,False
1780230881,2026-05-31T12:34:41+00:00,45.717007,12.730418,26950,192,,False
1780230883,2026-05-31T12:34:43+00:00,45.718639,12.731085,26950,190,,False
1780230885,2026-05-31T12:34:45+00:00,45.720509,12.731578,26950,188,,False
1780230887,2026-05-31T12:34:47+00:00,45.722244,12.731925,26950,188,,False
1780230889,2026-05-31T12:34:49+00:00,45.724113,12.731977,26950,186,,False
1780230891,2026-05-31T12:34:51+00:00,45.725838,12.731995,26950,186,,False
1780230893,2026-05-31T12:34:53+00:00,45.727509,12.731821,26950,184,,False
1780230895,2026-05-31T12:34:55+00:00,45.729107,12.73138,26950,182,,False
1780230898,2026-05-31T12:34:58+00:00,45.730923,12.730657,26950,182,,False
1780230900,2026-05-31T12:35:00+00:00,45.732559,12.729872,26950,180,,False
1780230902,2026-05-31T12:35:02+00:00,45.734119,12.72897,26950,180,,False
1780230904,2026-05-31T12:35:04+00:00,45.736042,12.727437,26950,178,,False
1780230906,2026-05-31T12:35:06+00:00,45.737095,12.726618,26950,178,,False
1780230908,2026-05-31T12:35:08+00:00,45.738884,12.724641,26950,178,,False
1780230910,2026-05-31T12:35:10+00:00,45.740032,12.723092,26950,178,,False
1780230913,2026-05-31T12:35:13+00:00,45.741276,12.721184,26950,178,,False
1780230915,2026-05-31T12:35:15+00:00,45.742653,12.71896,26950,178,,False
1780230917,2026-05-31T12:35:17+00:00,45.743732,12.716861,26950,178,,False
1780230920,2026-05-31T12:35:20+00:00,45.744488,12.714528,26950,178,,False
1780230922,2026-05-31T12:35:22+00:00,45.745281,12.712089,26950,178,,False
1780230924,2026-05-31T12:35:24+00:00,45.745953,12.709386,26950,178,,False
1780230926,2026-05-31T12:35:26+00:00,45.746395,12.707039,26950,178,,False
1780230928,2026-05-31T12:35:28+00:00,45.746609,12.70464,26950,180,,False
1780230930,2026-05-31T12:35:30+00:00,45.746796,12.702014,26950,180,,False
1780230932,2026-05-31T12:35:32+00:00,45.746803,12.699774,26950,180,,False
1780230935,2026-05-31T12:35:35+00:00,45.746712,12.697206,26950,180,,False
1780230937,2026-05-31T12:35:37+00:00,45.746456,12.694498,26950,180,,False
1780230939,2026-05-31T12:35:39+00:00,45.746075,12.692231,26950,180,,False
1780230941,2026-05-31T12:35:41+00:00,45.745575,12.689855,26950,178,,False
1780230943,2026-05-31T12:35:43+00:00,45.744907,12.68714,26950,187,,False
1780230945,2026-05-31T12:35:45+00:00,45.744118,12.685067,26950,188,,False
1780230947,2026-05-31T12:35:47+00:00,45.743168,12.68281,26950,181,,False
1780230949,2026-05-31T12:35:49+00:00,45.742165,12.680805,26950,183,,False
1780230952,2026-05-31T12:35:52+00:00,45.740883,12.678668,26950,188,,False
1780230954,2026-05-31T12:35:54+00:00,45.739563,12.676579,26950,191,,False
1780230956,2026-05-31T12:35:56+00:00,45.738228,12.67482,26950,190,,False
1780230958,2026-05-31T12:35:58+00:00,45.736736,12.673105,26950,191,,False
1780230960,2026-05-31T12:36:00+00:00,45.735153,12.671557,26950,191,,False
1780230962,2026-05-31T12:36:02+00:00,45.733471,12.670348,26950,196,,False
1780230964,2026-05-31T12:36:04+00:00,45.731701,12.669037,26950,195,,False
1780230967,2026-05-31T12:36:07+00:00,45.729847,12.668137,26950,196,,False
1780230969,2026-05-31T12:36:09+00:00,45.727962,12.66734,26950,197,,False
1780230971,2026-05-31T12:36:11+00:00,45.725849,12.666542,26950,197,,False
1780230973,2026-05-31T12:36:13+00:00,45.724045,12.666192,26950,201,,False
1780230975,2026-05-31T12:36:15+00:00,45.722149,12.66607,26950,202,,False
1780230977,2026-05-31T12:36:17+00:00,45.719967,12.665937,26950,198,,False
1780230979,2026-05-31T12:36:19+00:00,45.717949,12.666105,26950,203,,False
1780230982,2026-05-31T12:36:22+00:00,45.715641,12.666666,26950,210,,False
1780230984,2026-05-31T12:36:24+00:00,45.713406,12.667283,26950,210,,False
1780230986,2026-05-31T12:36:26+00:00,45.711426,12.668201,26950,212,,False
1780230988,2026-05-31T12:36:28+00:00,45.709442,12.669197,26950,212,,False
1780230990,2026-05-31T12:36:30+00:00,45.707699,12.67033,26950,212,,False
1780230992,2026-05-31T12:36:32+00:00,45.705849,12.671782,26950,214,,False
1780230994,2026-05-31T12:36:34+00:00,45.704063,12.673294,26950,214,,False
1780230996,2026-05-31T12:36:36+00:00,45.702408,12.674999,26950,214,,False
1780230998,2026-05-31T12:36:38+00:00,45.700638,12.677003,26950,216,,False
1780231001,2026-05-31T12:36:41+00:00,45.699337,12.678789,26950,216,,False
1780231003,2026-05-31T12:36:43+00:00,45.69783,12.680966,26950,216,,False
1780231005,2026-05-31T12:36:45+00:00,45.696323,12.683508,26950,216,,False
1780231007,2026-05-31T12:36:47+00:00,45.695076,12.686098,26950,216,,False
1780231009,2026-05-31T12:36:49+00:00,45.69392,12.688645,26950,216,,False
1780231011,2026-05-31T12:36:51+00:00,45.69297,12.691274,26950,216,,False
1780231013,2026-05-31T12:36:53+00:00,45.692108,12.693991,26950,216,,False
1780231016,2026-05-31T12:36:56+00:00,45.691399,12.69677,26950,216,,False
1780231018,2026-05-31T12:36:58+00:00,45.690834,12.699535,26950,214,,False
1780231020,2026-05-31T12:37:00+00:00,45.690388,12.702648,26950,214,,False
1780231022,2026-05-31T12:37:02+00:00,45.690022,12.705743,26950,214,,False
1780231024,2026-05-31T12:37:04+00:00,45.689945,12.708072,26950,212,,False
1780231026,2026-05-31T12:37:06+00:00,45.689915,12.711463,26950,212,,False
1780231028,2026-05-31T12:37:08+00:00,45.68996,12.714079,26950,212,,False
1780231030,2026-05-31T12:37:10+00:00,45.690052,12.717199,26950,210,,False
1780231032,2026-05-31T12:37:12+00:00,45.69038,12.720196,26950,210,,False
1780231035,2026-05-31T12:37:15+00:00,45.690742,12.722841,26950,208,,False
1780231037,2026-05-31T12:37:17+00:00,45.691647,12.726319,26950,206,,False
1780231039,2026-05-31T12:37:19+00:00,45.692261,12.728516,26950,206,,False
1780231041,2026-05-31T12:37:21+00:00,45.69323,12.731467,26950,206,,False
1780231043,2026-05-31T12:37:23+00:00,45.694351,12.733843,26950,202,,False
1780231045,2026-05-31T12:37:25+00:00,45.695427,12.73615,26950,202,,False
1780231048,2026-05-31T12:37:28+00:00,45.696526,12.738159,26950,200,,False
1780231050,2026-05-31T12:37:30+00:00,45.698017,12.740585,26950,198,,False
1780231052,2026-05-31T12:37:32+00:00,45.699551,12.742646,26950,196,,False
1780231054,2026-05-31T12:37:34+00:00,45.701385,12.74479,26950,196,,False
1780231056,2026-05-31T12:37:36+00:00,45.70261,12.745895,26950,194,,False
1780231058,2026-05-31T12:37:38+00:00,45.704281,12.747168,26950,192,,False
1780231061,2026-05-31T12:37:41+00:00,45.706055,12.748331,26950,192,,False
1780231063,2026-05-31T12:37:43+00:00,45.707779,12.749197,26925,190,,False
1780231065,2026-05-31T12:37:45+00:00,45.709488,12.750048,26925,188,,False
1780231067,2026-05-31T12:37:47+00:00,45.711124,12.750751,26925,186,,False
1780231069,2026-05-31T12:37:49+00:00,45.71286,12.751131,26950,186,,False
1780231071,2026-05-31T12:37:51+00:00,45.714863,12.7513,26950,184,,False
1780231073,2026-05-31T12:37:53+00:00,45.716568,12.751398,26950,182,,False
1780231075,2026-05-31T12:37:55+00:00,45.718433,12.751113,26950,182,,False
1780231078,2026-05-31T12:37:58+00:00,45.72049,12.750654,26950,180,,False
1780231080,2026-05-31T12:38:00+00:00,45.722031,12.750012,26950,178,,False
1780231082,2026-05-31T12:38:02+00:00,45.723808,12.749225,26950,178,,False
1780231084,2026-05-31T12:38:04+00:00,45.725437,12.748263,26950,176,,False
1780231086,2026-05-31T12:38:06+00:00,45.726944,12.747066,26950,176,,False
1780231088,2026-05-31T12:38:08+00:00,45.728394,12.745835,26950,176,,False
1780231090,2026-05-31T12:38:10+00:00,45.729721,12.744413,26950,176,,False
1780231092,2026-05-31T12:38:12+00:00,45.731003,12.742694,26950,174,,False
1780231094,2026-05-31T12:38:14+00:00,45.73201,12.741016,26950,174,,False
1780231096,2026-05-31T12:38:16+00:00,45.733101,12.739275,26975,174,,False
1780231099,2026-05-31T12:38:19+00:00,45.734074,12.737277,26975,174,,False
1780231101,2026-05-31T12:38:21+00:00,45.7351,12.734842,26975,174,,False
1780231103,2026-05-31T12:38:23+00:00,45.735653,12.732975,26975,176,,False
1780231105,2026-05-31T12:38:25+00:00,45.736267,12.730768,27000,176,,False
1780231107,2026-05-31T12:38:27+00:00,45.736732,12.72854,26975,176,,False
1780231109,2026-05-31T12:38:29+00:00,45.737083,12.725711,26950,176,,False
1780231111,2026-05-31T12:38:31+00:00,45.737259,12.72336,26950,178,,False
1780231113,2026-05-31T12:38:33+00:00,45.737377,12.720853,26950,178,,False
1780231116,2026-05-31T12:38:36+00:00,45.737431,12.718424,26950,178,,False
1780231118,2026-05-31T12:38:38+00:00,45.737244,12.715735,26950,178,,False
1780231120,2026-05-31T12:38:40+00:00,45.736843,12.713412,26950,178,,False
1780231122,2026-05-31T12:38:42+00:00,45.736416,12.711094,26950,181,,False
1780231124,2026-05-31T12:38:44+00:00,45.735832,12.708603,26950,181,,False
1780231126,2026-05-31T12:38:46+00:00,45.734978,12.706017,26950,186,,False
1780231128,2026-05-31T12:38:48+00:00,45.734104,12.703802,26950,188,,False
1780231130,2026-05-31T12:38:50+00:00,45.733055,12.701562,26950,189,,False
1780231133,2026-05-31T12:38:53+00:00,45.732037,12.699467,26950,185,,False
1780231135,2026-05-31T12:38:55+00:00,45.730801,12.697563,26950,189,,False
1780231137,2026-05-31T12:38:57+00:00,45.729465,12.695742,26950,189,,False
1780231139,2026-05-31T12:38:59+00:00,45.727943,12.693972,26950,191,,False
1780231141,2026-05-31T12:39:01+00:00,45.72644,12.692401,26950,194,,False
1780231143,2026-05-31T12:39:03+00:00,45.724754,12.691026,26950,196,,False
1780231145,2026-05-31T12:39:05+00:00,45.722794,12.689473,26950,194,,False
1780231147,2026-05-31T12:39:07+00:00,45.721146,12.688535,26950,193,,False
1780231150,2026-05-31T12:39:10+00:00,45.719353,12.687782,26950,194,,False
1780231152,2026-05-31T12:39:12+00:00,45.717468,12.68705,26950,197,,False
1780231154,2026-05-31T12:39:14+00:00,45.715309,12.686757,26950,206,,False
1780231156,2026-05-31T12:39:16+00:00,45.713367,12.686398,26950,200,,False
1780231158,2026-05-31T12:39:18+00:00,45.711292,12.686179,26950,197,,False
1780231160,2026-05-31T12:39:20+00:00,45.709042,12.686284,26950,205,,False
1780231163,2026-05-31T12:39:23+00:00,45.707314,12.686717,26950,208,,False
1780231165,2026-05-31T12:39:25+00:00,45.704952,12.6874,26950,208,,False
1780231167,2026-05-31T12:39:27+00:00,45.703087,12.687981,26950,210,,False
1780231169,2026-05-31T12:39:29+00:00,45.701134,12.688903,26950,210,,False
1780231171,2026-05-31T12:39:31+00:00,45.699127,12.690075,26950,210,,False
1780231174,2026-05-31T12:39:34+00:00,45.697166,12.69173,26950,212,,False
1780231176,2026-05-31T12:39:36+00:00,45.695229,12.693438,26950,212,,False
1780231178,2026-05-31T12:39:38+00:00,45.693653,12.694882,26950,212,,False
1780231180,2026-05-31T12:39:40+00:00,45.691895,12.696948,26925,212,,False
1780231182,2026-05-31T12:39:42+00:00,45.690399,12.698855,26925,214,,False
1780231184,2026-05-31T12:39:44+00:00,45.688896,12.70116,26925,214,,False
1780231186,2026-05-31T12:39:46+00:00,45.687691,12.70329,26925,214,,False
1780231188,2026-05-31T12:39:48+00:00,45.686375,12.705804,26925,214,,False
1780231190,2026-05-31T12:39:50+00:00,45.685146,12.70867,26925,214,,False
1780231193,2026-05-31T12:39:53+00:00,45.684326,12.710784,26950,212,,False
1780231195,2026-05-31T12:39:55+00:00,45.683563,12.713393,26950,212,,False
1780231197,2026-05-31T12:39:57+00:00,45.682755,12.716223,26950,212,,False
1780231199,2026-05-31T12:39:59+00:00,45.68219,12.719187,26950,212,,False
1780231201,2026-05-31T12:40:01+00:00,45.68169,12.722232,26950,212,,False
1780231203,2026-05-31T12:40:03+00:00,45.681274,12.725394,26950,212,,False
1780231206,2026-05-31T12:40:06+00:00,45.681465,12.727968,26950,210,,False
1780231208,2026-05-31T12:40:08+00:00,45.680981,12.731608,26950,210,,False
1780231210,2026-05-31T12:40:10+00:00,45.681187,12.7342,26950,208,,False
1780231212,2026-05-31T12:40:12+00:00,45.681538,12.73712,26950,208,,False
1780231214,2026-05-31T12:40:14+00:00,45.681938,12.739583,26950,206,,False
1780231216,2026-05-31T12:40:16+00:00,45.682446,12.742627,26950,206,,False
1780231218,2026-05-31T12:40:18+00:00,45.683056,12.745181,26950,204,,False
1780231220,2026-05-31T12:40:20+00:00,45.68375,12.747896,26950,204,,False
1780231222,2026-05-31T12:40:22+00:00,45.684589,12.750333,26950,202,,False
1780231224,2026-05-31T12:40:24+00:00,45.685635,12.752748,26950,202,,False
1780231227,2026-05-31T12:40:27+00:00,45.686817,12.755015,26950,198,,False
1780231229,2026-05-31T12:40:29+00:00,45.68811,12.757087,26950,196,,False
1780231231,2026-05-31T12:40:31+00:00,45.68959,12.759253,26950,196,,False
1780231233,2026-05-31T12:40:33+00:00,45.690903,12.760967,26950,194,,False
1780231235,2026-05-31T12:40:35+00:00,45.69231,12.762559,26950,194,,False
1780231237,2026-05-31T12:40:37+00:00,45.694191,12.764362,26950,190,,False
1780231240,2026-05-31T12:40:40+00:00,45.69577,12.765578,26950,190,,False
1780231242,2026-05-31T12:40:42+00:00,45.697399,12.766636,26950,188,,False
1780231244,2026-05-31T12:40:44+00:00,45.699104,12.767508,26950,188,,False
1780231246,2026-05-31T12:40:46+00:00,45.700909,12.76826,26950,184,,False
1780231248,2026-05-31T12:40:48+00:00,45.702808,12.768772,26950,182,,False
1780231250,2026-05-31T12:40:50+00:00,45.70454,12.769112,26950,182,,False
1780231252,2026-05-31T12:40:52+00:00,45.706337,12.769122,26950,180,,False
1780231254,2026-05-31T12:40:54+00:00,45.707985,12.769018,26950,180,,False
1780231257,2026-05-31T12:40:57+00:00,45.709808,12.768674,26950,178,,False
1780231259,2026-05-31T12:40:59+00:00,45.711281,12.768288,26950,178,,False
1780231261,2026-05-31T12:41:01+00:00,45.71294,12.767576,26950,176,,False
1780231263,2026-05-31T12:41:03+00:00,45.71447,12.766785,26950,176,,False
1780231265,2026-05-31T12:41:05+00:00,45.715939,12.765698,26950,174,,False
1780231267,2026-05-31T12:41:07+00:00,45.717384,12.764599,26950,174,,False
1780231269,2026-05-31T12:41:09+00:00,45.7188,12.76333,26950,172,,False
1780231271,2026-05-31T12:41:11+00:00,45.720127,12.761731,26950,172,,False
1780231273,2026-05-31T12:41:13+00:00,45.721218,12.760206,26950,172,,False
1780231275,2026-05-31T12:41:15+00:00,45.722404,12.758594,26950,172,,False
1780231277,2026-05-31T12:41:17+00:00,45.723446,12.756532,26950,172,,False
1780231279,2026-05-31T12:41:19+00:00,45.724461,12.754287,26950,172,,False
1780231281,2026-05-31T12:41:21+00:00,45.72525,12.752269,26950,172,,False
1780231283,2026-05-31T12:41:23+00:00,45.725906,12.750107,26950,172,,False
1780231286,2026-05-31T12:41:26+00:00,45.726284,12.748029,26950,172,,False
1780231288,2026-05-31T12:41:28+00:00,45.726704,12.745496,26950,172,,False
1780231290,2026-05-31T12:41:30+00:00,45.72694,12.743238,26975,172,,False
1780231292,2026-05-31T12:41:32+00:00,45.726944,12.740926,26950,172,,False
1780231294,2026-05-31T12:41:34+00:00,45.72702,12.738375,26950,172,,False
1780231296,2026-05-31T12:41:36+00:00,45.726818,12.735873,26950,172,,False
1780231298,2026-05-31T12:41:38+00:00,45.726555,12.733571,26950,172,,False
1780231300,2026-05-31T12:41:40+00:00,45.726105,12.731101,26950,172,,False
1780231303,2026-05-31T12:41:43+00:00,45.72554,12.728601,26950,178,,False
1780231305,2026-05-31T12:41:45+00:00,45.724682,12.726074,26975,178,,False
1780231307,2026-05-31T12:41:47+00:00,45.723869,12.724136,26950,182,,False
1780231309,2026-05-31T12:41:49+00:00,45.722973,12.722031,26950,179,,False
1780231311,2026-05-31T12:41:51+00:00,45.721794,12.719832,26950,186,,False
1780231313,2026-05-31T12:41:53+00:00,45.720409,12.717811,26950,188,,False
1780231315,2026-05-31T12:41:55+00:00,45.719276,12.716087,26950,180,,False
1780231317,2026-05-31T12:41:57+00:00,45.717896,12.7145,26950,184,,False
1780231320,2026-05-31T12:42:00+00:00,45.716511,12.713037,26950,183,,False
1780231322,2026-05-31T12:42:02+00:00,45.714619,12.711648,26950,197,,False
1780231324,2026-05-31T12:42:04+00:00,45.71302,12.710439,26950,196,,False
1780231326,2026-05-31T12:42:06+00:00,45.711395,12.709446,26950,193,,False
1780231328,2026-05-31T12:42:08+00:00,45.709576,12.708317,26950,193,,False
1780231330,2026-05-31T12:42:10+00:00,45.707512,12.707767,26950,195,,False
1780231332,2026-05-31T12:42:12+00:00,45.705753,12.70744,26950,198,,False
1780231334,2026-05-31T12:42:14+00:00,45.703716,12.707241,26950,196,,False
1780231336,2026-05-31T12:42:16+00:00,45.701809,12.707056,26950,202,,False
1780231339,2026-05-31T12:42:19+00:00,45.699848,12.707154,26950,202,,False
1780231341,2026-05-31T12:42:21+00:00,45.697529,12.707803,26950,204,,False
1780231343,2026-05-31T12:42:23+00:00,45.695713,12.708223,26950,204,,False
1780231345,2026-05-31T12:42:25+00:00,45.693604,12.709012,26925,206,,False
1780231347,2026-05-31T12:42:27+00:00,45.69202,12.709808,26925,206,,False
1780231349,2026-05-31T12:42:29+00:00,45.690178,12.71082,26925,206,,False
1780231351,2026-05-31T12:42:31+00:00,45.688519,12.712132,26925,208,,False
1780231353,2026-05-31T12:42:33+00:00,45.686481,12.713931,26925,208,,False
1780231356,2026-05-31T12:42:36+00:00,45.684811,12.715591,26925,208,,False
1780231358,2026-05-31T12:42:38+00:00,45.683147,12.717522,26925,210,,False
1780231360,2026-05-31T12:42:40+00:00,45.681641,12.719599,26925,210,,False
1780231362,2026-05-31T12:42:42+00:00,45.680336,12.721644,26925,210,,False
1780231364,2026-05-31T12:42:44+00:00,45.679043,12.723934,26925,210,,False
1780231366,2026-05-31T12:42:46+00:00,45.677658,12.726616,26950,210,,False
1780231368,2026-05-31T12:42:48+00:00,45.676708,12.728736,26950,210,,False
1780231370,2026-05-31T12:42:50+00:00,45.675655,12.731672,26950,210,,False
1780231372,2026-05-31T12:42:52+00:00,45.675053,12.734017,26950,210,,False
1780231374,2026-05-31T12:42:54+00:00,45.674435,12.736679,26950,210,,False
1780231376,2026-05-31T12:42:56+00:00,45.673805,12.739584,26950,208,,False
1780231379,2026-05-31T12:42:59+00:00,45.673416,12.7423,26950,208,,False
1780231381,2026-05-31T12:43:01+00:00,45.67318,12.74505,26950,208,,False
1780231383,2026-05-31T12:43:03+00:00,45.672997,12.748314,27000,206,,False
1780231385,2026-05-31T12:43:05+00:00,45.673107,12.75095,26950,206,,False
1780231387,2026-05-31T12:43:07+00:00,45.673214,12.754279,26950,204,,False
1780231389,2026-05-31T12:43:09+00:00,45.673584,12.756881,26950,204,,False
1780231391,2026-05-31T12:43:11+00:00,45.673962,12.759596,26950,202,,False
1780231393,2026-05-31T12:43:13+00:00,45.674526,12.762115,26950,202,,False
1780231396,2026-05-31T12:43:16+00:00,45.675152,12.764672,26950,200,,False
1780231398,2026-05-31T12:43:18+00:00,45.675949,12.767432,26950,200,,False
1780231400,2026-05-31T12:43:20+00:00,45.676941,12.769636,26950,198,,False
1780231402,2026-05-31T12:43:22+00:00,45.678024,12.772095,26950,198,,False
1780231404,2026-05-31T12:43:24+00:00,45.679268,12.774251,26950,196,,False
1780231406,2026-05-31T12:43:26+00:00,45.680599,12.776235,26950,196,,False
1780231408,2026-05-31T12:43:28+00:00,45.681896,12.778235,26950,192,,False
1780231410,2026-05-31T12:43:30+00:00,45.683258,12.779941,26950,190,,False
1780231413,2026-05-31T12:43:33+00:00,45.684792,12.781446,26950,190,,False
1780231415,2026-05-31T12:43:35+00:00,45.686199,12.7829,26950,188,,False
1780231417,2026-05-31T12:43:37+00:00,45.687817,12.784208,26950,188,,False
1780231419,2026-05-31T12:43:39+00:00,45.689594,12.785195,26950,186,,False
1780231421,2026-05-31T12:43:41+00:00,45.691284,12.786008,26950,184,,False
1780231423,2026-05-31T12:43:43+00:00,45.692955,12.786572,26950,182,,False
1780231425,2026-05-31T12:43:45+00:00,45.695099,12.78697,26950,182,,False
1780231428,2026-05-31T12:43:48+00:00,45.696884,12.787194,26950,180,,False
1780231430,2026-05-31T12:43:50+00:00,45.698647,12.787246,26950,180,,False
1780231432,2026-05-31T12:43:52+00:00,45.700344,12.786964,26950,178,,False
1780231434,2026-05-31T12:43:54+00:00,45.70232,12.786503,26950,176,,False
1780231436,2026-05-31T12:43:56+00:00,45.703896,12.785924,26950,176,,False
1780231438,2026-05-31T12:43:58+00:00,45.705544,12.785118,26950,174,,False
1780231440,2026-05-31T12:44:00+00:00,45.707142,12.784175,26950,174,,False
1780231443,2026-05-31T12:44:03+00:00,45.708626,12.7829,26950,172,,False
1780231445,2026-05-31T12:44:05+00:00,45.710396,12.781276,26950,172,,False
1780231447,2026-05-31T12:44:07+00:00,45.711613,12.779754,26950,172,,False
1780231449,2026-05-31T12:44:09+00:00,45.712723,12.778162,26925,172,,False
1780231451,2026-05-31T12:44:11+00:00,45.713799,12.776472,26925,170,,False
1780231454,2026-05-31T12:44:14+00:00,45.714943,12.77434,26925,170,,False
1780231456,2026-05-31T12:44:16+00:00,45.715836,12.772279,26925,170,,False
1780231458,2026-05-31T12:44:18+00:00,45.716698,12.769811,26925,170,,False
1780231460,2026-05-31T12:44:20+00:00,45.717083,12.768152,26925,170,,False
1780231462,2026-05-31T12:44:22+00:00,45.717628,12.765508,26950,170,,False
1780231465,2026-05-31T12:44:25+00:00,45.718052,12.762994,26950,170,,False
1780231467,2026-05-31T12:44:27+00:00,45.718193,12.760578,26950,170,,False
1780231469,2026-05-31T12:44:29+00:00,45.71822,12.758119,26950,170,,False
1780231471,2026-05-31T12:44:31+00:00,45.718197,12.755561,26950,170,,False
1780231473,2026-05-31T12:44:33+00:00,45.717896,12.752999,26950,170,,False
1780231476,2026-05-31T12:44:36+00:00,45.717457,12.750834,26950,170,,False
1780231478,2026-05-31T12:44:38+00:00,45.716793,12.748113,26950,176,,False
1780231480,2026-05-31T12:44:40+00:00,45.716129,12.745883,26950,175,,False
1780231482,2026-05-31T12:44:42+00:00,45.715321,12.743564,26950,174,,False
1780231484,2026-05-31T12:44:44+00:00,45.714252,12.741667,26950,178,,False
1780231487,2026-05-31T12:44:47+00:00,45.713108,12.739515,26950,180,,False
1780231489,2026-05-31T12:44:49+00:00,45.711983,12.737591,26950,182,,False
1780231491,2026-05-31T12:44:51+00:00,45.710625,12.735857,26950,183,,False
1780231493,2026-05-31T12:44:53+00:00,45.709137,12.734029,26950,180,,False
1780231495,2026-05-31T12:44:55+00:00,45.707542,12.73248,26975,187,,False
1780231498,2026-05-31T12:44:58+00:00,45.70583,12.731138,26950,190,,False
1780231500,2026-05-31T12:45:00+00:00,45.70417,12.73027,26950,190,,False
1780231502,2026-05-31T12:45:02+00:00,45.702404,12.729385,26950,189,,False
1780231504,2026-05-31T12:45:04+00:00,45.700676,12.728479,26950,191,,False
1780231506,2026-05-31T12:45:06+00:00,45.698429,12.727864,26950,189,,False
1780231508,2026-05-31T12:45:08+00:00,45.696705,12.727552,26950,196,,False
1780231510,2026-05-31T12:45:10+00:00,45.694851,12.727464,26950,200,,False
1780231512,2026-05-31T12:45:12+00:00,45.69297,12.727445,26950,195,,False
1780231514,2026-05-31T12:45:14+00:00,45.691071,12.727754,26950,200,,False
1780231516,2026-05-31T12:45:16+00:00,45.689045,12.728283,26950,202,,False
1780231519,2026-05-31T12:45:19+00:00,45.68713,12.7289,26950,204,,False
1780231521,2026-05-31T12:45:21+00:00,45.684856,12.72985,26950,204,,False
1780231523,2026-05-31T12:45:23+00:00,45.68351,12.730582,26950,206,,False
1780231525,2026-05-31T12:45:25+00:00,45.681534,12.73191,26950,206,,False
1780231527,2026-05-31T12:45:27+00:00,45.679619,12.733479,26950,208,,False
1780231529,2026-05-31T12:45:29+00:00,45.677971,12.734959,26950,208,,False
1780231531,2026-05-31T12:45:31+00:00,45.676369,12.73676,26950,208,,False
1780231534,2026-05-31T12:45:34+00:00,45.674862,12.73873,26950,208,,False
1780231536,2026-05-31T12:45:36+00:00,45.673264,12.741056,26950,208,,False
1780231538,2026-05-31T12:45:38+00:00,45.671654,12.7437,26950,210,,False
1780231540,2026-05-31T12:45:40+00:00,45.67046,12.746136,26950,210,,False
1780231543,2026-05-31T12:45:43+00:00,45.669453,12.748562,26950,210,,False
1780231545,2026-05-31T12:45:45+00:00,45.668533,12.751245,26950,210,,False
1780231547,2026-05-31T12:45:47+00:00,45.667747,12.753766,26950,210,,False
1780231549,2026-05-31T12:45:49+00:00,45.666981,12.756726,26950,210,,False
1780231551,2026-05-31T12:45:51+00:00,45.666462,12.759545,26950,208,,False
1780231553,2026-05-31T12:45:53+00:00,45.666115,12.762286,26950,208,,False
1780231556,2026-05-31T12:45:56+00:00,45.66581,12.765442,26950,208,,False
1780231558,2026-05-31T12:45:58+00:00,45.665676,12.768445,26950,208,,False
1780231560,2026-05-31T12:46:00+00:00,45.665756,12.771507,26950,206,,False
1780231562,2026-05-31T12:46:02+00:00,45.665897,12.774103,26950,206,,False
1780231564,2026-05-31T12:46:04+00:00,45.666065,12.777246,26950,206,,False
1780231566,2026-05-31T12:46:06+00:00,45.666512,12.779715,26950,204,,False
1780231568,2026-05-31T12:46:08+00:00,45.667149,12.782459,26950,204,,False
1780231570,2026-05-31T12:46:10+00:00,45.66766,12.784944,26950,202,,False
1780231572,2026-05-31T12:46:12+00:00,45.668659,12.787769,26950,202,,False
1780231574,2026-05-31T12:46:14+00:00,45.669552,12.790023,26950,200,,False
1780231576,2026-05-31T12:46:16+00:00,45.670635,12.792383,26950,200,,False
1780231578,2026-05-31T12:46:18+00:00,45.671772,12.794672,26950,198,,False
1780231581,2026-05-31T12:46:21+00:00,45.672935,12.796555,26950,196,,False
1780231583,2026-05-31T12:46:23+00:00,45.674408,12.798661,26950,194,,False
1780231585,2026-05-31T12:46:25+00:00,45.675777,12.800253,26950,194,,False
1780231587,2026-05-31T12:46:27+00:00,45.677383,12.802013,26950,192,,False
1780231589,2026-05-31T12:46:29+00:00,45.678947,12.803396,26950,190,,False
1780231591,2026-05-31T12:46:31+00:00,45.680546,12.804629,26950,190,,False
1780231593,2026-05-31T12:46:33+00:00,45.682514,12.805762,26950,188,,False
1780231596,2026-05-31T12:46:36+00:00,45.684139,12.806445,26950,186,,False
1780231598,2026-05-31T12:46:38+00:00,45.685757,12.807031,26950,186,,False
1780231600,2026-05-31T12:46:40+00:00,45.687698,12.807638,26950,184,,False
1780231602,2026-05-31T12:46:42+00:00,45.689659,12.807794,26950,182,,False
1780231604,2026-05-31T12:46:44+00:00,45.691753,12.807827,26950,180,,False
1780231607,2026-05-31T12:46:47+00:00,45.693321,12.807553,26950,178,,False
1780231609,2026-05-31T12:46:49+00:00,45.695408,12.807135,26950,178,,False
1780231611,2026-05-31T12:46:51+00:00,45.697075,12.80652,26950,176,,False
1780231613,2026-05-31T12:46:53+00:00,45.698864,12.805486,26950,176,,False
1780231615,2026-05-31T12:46:55+00:00,45.700119,12.804692,26950,174,,False
1780231617,2026-05-31T12:46:57+00:00,45.701668,12.803516,26950,174,,False
1780231619,2026-05-31T12:46:59+00:00,45.703045,12.80228,26950,172,,False
1780231621,2026-05-31T12:47:01+00:00,45.704384,12.800794,26950,172,,False
1780231623,2026-05-31T12:47:03+00:00,45.705555,12.799273,26950,172,,False
1780231625,2026-05-31T12:47:05+00:00,45.706699,12.797451,26950,172,,False
1780231628,2026-05-31T12:47:08+00:00,45.707733,12.795726,26950,172,,False
1780231630,2026-05-31T12:47:10+00:00,45.708557,12.793941,26950,172,,False
1780231632,2026-05-31T12:47:12+00:00,45.709309,12.791804,26925,172,,False
1780231634,2026-05-31T12:47:14+00:00,45.710041,12.789741,26925,172,,False
1780231636,2026-05-31T12:47:16+00:00,45.710648,12.787379,26925,172,,False
1780231638,2026-05-31T12:47:18+00:00,45.711075,12.784802,26925,172,,False
1780231640,2026-05-31T12:47:20+00:00,45.7113,12.782592,26925,172,,False
1780231642,2026-05-31T12:47:22+00:00,45.711517,12.780064,26925,172,,False
1780231645,2026-05-31T12:47:25+00:00,45.71146,12.777682,26925,172,,False
1780231647,2026-05-31T12:47:27+00:00,45.711357,12.775314,26950,172,,False
1780231649,2026-05-31T12:47:29+00:00,45.711094,12.772554,26950,172,,False
1780231651,2026-05-31T12:47:31+00:00,45.710526,12.770002,26950,177,,False
1780231653,2026-05-31T12:47:33+00:00,45.709892,12.767649,26950,177,,False
1780231655,2026-05-31T12:47:35+00:00,45.709282,12.76575,26950,175,,False
1780231658,2026-05-31T12:47:38+00:00,45.708389,12.763295,26950,178,,False
1780231660,2026-05-31T12:47:40+00:00,45.707275,12.761063,26950,179,,False
1780231662,2026-05-31T12:47:42+00:00,45.7062,12.75894,26950,183,,False
1780231664,2026-05-31T12:47:44+00:00,45.70483,12.756991,26950,183,,False
1780231666,2026-05-31T12:47:46+00:00,45.703594,12.755314,26950,180,,False
1780231668,2026-05-31T12:47:48+00:00,45.70211,12.753691,26950,179,,False
1780231671,2026-05-31T12:47:51+00:00,45.70071,12.752261,26950,190,,False
1780231673,2026-05-31T12:47:53+00:00,45.699062,12.751107,26950,187,,False
1780231675,2026-05-31T12:47:55+00:00,45.697392,12.749938,26950,194,,False
1780231677,2026-05-31T12:47:57+00:00,45.695557,12.749014,26950,190,,False
1780231679,2026-05-31T12:47:59+00:00,45.693935,12.74824,26950,186,,False
1780231681,2026-05-31T12:48:01+00:00,45.692169,12.747558,26950,185,,False
1780231683,2026-05-31T12:48:03+00:00,45.690308,12.747202,26950,197,,False
1780231685,2026-05-31T12:48:05+00:00,45.688278,12.747232,26950,201,,False
1780231687,2026-05-31T12:48:07+00:00,45.686157,12.747272,26950,204,,False
1780231689,2026-05-31T12:48:09+00:00,45.684189,12.747403,26950,202,,False
1780231691,2026-05-31T12:48:11+00:00,45.682178,12.747969,26950,204,,False
1780231694,2026-05-31T12:48:14+00:00,45.680172,12.748682,26950,204,,False
1780231696,2026-05-31T12:48:16+00:00,45.678257,12.74949,26950,206,,False
1780231698,2026-05-31T12:48:18+00:00,45.676304,12.750518,26950,206,,False
1780231700,2026-05-31T12:48:20+00:00,45.674713,12.751471,26950,208,,False
1780231702,2026-05-31T12:48:22+00:00,45.672855,12.752995,26975,208,,False
1780231704,2026-05-31T12:48:24+00:00,45.671066,12.754748,26975,210,,False
1780231707,2026-05-31T12:48:27+00:00,45.669106,12.756928,26975,210,,False
1780231709,2026-05-31T12:48:29+00:00,45.667606,12.758849,26975,212,,False
1780231711,2026-05-31T12:48:31+00:00,45.665955,12.761196,26975,212,,False
1780231713,2026-05-31T12:48:33+00:00,45.664646,12.763347,26975,212,,False
1780231715,2026-05-31T12:48:35+00:00,45.663452,12.765789,26950,212,,False
1780231718,2026-05-31T12:48:38+00:00,45.66243,12.768186,26950,212,,False
1780231720,2026-05-31T12:48:40+00:00,45.661274,12.771084,26950,212,,False
1780231722,2026-05-31T12:48:42+00:00,45.660202,12.774316,26950,212,,False
1780231724,2026-05-31T12:48:44+00:00,45.65942,12.777311,26950,212,,False
1780231727,2026-05-31T12:48:47+00:00,45.658916,12.77998,26950,210,,False
1780231729,2026-05-31T12:48:49+00:00,45.658524,12.78308,26950,210,,False
1780231731,2026-05-31T12:48:51+00:00,45.658287,12.785834,26950,210,,False
1780231733,2026-05-31T12:48:53+00:00,45.658134,12.78882,26950,210,,False
1780231735,2026-05-31T12:48:55+00:00,45.658184,12.79184,26950,208,,False
1780231737,2026-05-31T12:48:57+00:00,45.65836,12.794729,26950,208,,False
1780231740,2026-05-31T12:49:00+00:00,45.658657,12.797865,26950,206,,False
1780231742,2026-05-31T12:49:02+00:00,45.659145,12.800737,26950,204,,False
1780231744,2026-05-31T12:49:04+00:00,45.659824,12.803804,26950,204,,False
1780231746,2026-05-31T12:49:06+00:00,45.660549,12.806272,26950,202,,False
1780231748,2026-05-31T12:49:08+00:00,45.661385,12.808987,26950,202,,False
1780231750,2026-05-31T12:49:10+00:00,45.662403,12.811336,26950,200,,False
1780231753,2026-05-31T12:49:13+00:00,45.663345,12.813892,26950,198,,False
1780231755,2026-05-31T12:49:15+00:00,45.664764,12.815678,26950,196,,False
1780231757,2026-05-31T12:49:17+00:00,45.666042,12.817928,26925,194,,False
1780231759,2026-05-31T12:49:19+00:00,45.667706,12.820122,26925,192,,False
1780231761,2026-05-31T12:49:21+00:00,45.669209,12.821755,26925,190,,False
1780231764,2026-05-31T12:49:24+00:00,45.670784,12.823281,26925,190,,False
1780231766,2026-05-31T12:49:26+00:00,45.672512,12.824654,26950,188,,False
1780231768,2026-05-31T12:49:28+00:00,45.674015,12.825645,26950,186,,False
1780231770,2026-05-31T12:49:30+00:00,45.676067,12.826573,26950,184,,False
1780231773,2026-05-31T12:49:33+00:00,45.677967,12.827333,26950,182,,False
1780231775,2026-05-31T12:49:35+00:00,45.679771,12.827759,26950,182,,False
1780231777,2026-05-31T12:49:37+00:00,45.681641,12.82795,26950,180,,False
1780231779,2026-05-31T12:49:39+00:00,45.683472,12.828094,26950,178,,False
1780231782,2026-05-31T12:49:42+00:00,45.685398,12.827873,26950,176,,False
1780231784,2026-05-31T12:49:44+00:00,45.687084,12.82751,26950,176,,False
1780231786,2026-05-31T12:49:46+00:00,45.688736,12.826905,26950,174,,False
1780231788,2026-05-31T12:49:48+00:00,45.69038,12.826007,26950,174,,False
1780231790,2026-05-31T12:49:50+00:00,45.691864,12.825036,26950,172,,False
1780231792,2026-05-31T12:49:52+00:00,45.693638,12.82371,26950,172,,False
1780231794,2026-05-31T12:49:54+00:00,45.694942,12.822527,26950,172,,False
1780231797,2026-05-31T12:49:57+00:00,45.696358,12.820967,26950,170,,False
1780231799,2026-05-31T12:49:59+00:00,45.697407,12.819423,26950,170,,False
1780231801,2026-05-31T12:50:01+00:00,45.698471,12.817624,26950,170,,False
1780231803,2026-05-31T12:50:03+00:00,45.699635,12.81559,26950,170,,False
1780231805,2026-05-31T12:50:05+00:00,45.700718,12.813342,26950,172,,False
1780231807,2026-05-31T12:50:07+00:00,45.701473,12.81114,26950,172,,False
1780231810,2026-05-31T12:50:10+00:00,45.702118,12.809001,26950,172,,False
1780231812,2026-05-31T12:50:12+00:00,45.702534,12.806602,26950,172,,False
1780231814,2026-05-31T12:50:14+00:00,45.702873,12.804411,26950,174,,False
1780231816,2026-05-31T12:50:16+00:00,45.703144,12.801951,26950,174,,False
1780231818,2026-05-31T12:50:18+00:00,45.703259,12.799517,26950,174,,False
1780231820,2026-05-31T12:50:20+00:00,45.703175,12.796959,26950,174,,False
1780231822,2026-05-31T12:50:22+00:00,45.702976,12.794559,26950,174,,False
1780231824,2026-05-31T12:50:24+00:00,45.702625,12.792182,26950,174,,False
1780231827,2026-05-31T12:50:27+00:00,45.702106,12.789615,26950,174,,False
1780231829,2026-05-31T12:50:29+00:00,45.70153,12.787306,26950,177,,False
1780231831,2026-05-31T12:50:31+00:00,45.700592,12.784719,26950,181,,False
1780231833,2026-05-31T12:50:33+00:00,45.69965,12.782429,26950,180,,False
1780231835,2026-05-31T12:50:35+00:00,45.698719,12.78071,26950,186,,False
1780231837,2026-05-31T12:50:37+00:00,45.697754,12.778707,26950,181,,False
1780231839,2026-05-31T12:50:39+00:00,45.696342,12.776731,26950,188,,False
1780231842,2026-05-31T12:50:42+00:00,45.694981,12.774703,26950,189,,False
1780231844,2026-05-31T12:50:44+00:00,45.693394,12.773226,26950,190,,False
1780231846,2026-05-31T12:50:46+00:00,45.691837,12.77176,26950,193,,False
1780231848,2026-05-31T12:50:48+00:00,45.690113,12.770333,26950,194,,False
1780231850,2026-05-31T12:50:50+00:00,45.68824,12.769112,26950,193,,False
1780231852,2026-05-31T12:50:52+00:00,45.686539,12.768243,26950,200,,False
1780231854,2026-05-31T12:50:54+00:00,45.684715,12.76749,26950,195,,False
1780231856,2026-05-31T12:50:56+00:00,45.682907,12.766928,26950,195,,False
1780231859,2026-05-31T12:50:59+00:00,45.680862,12.766499,26950,201,,False
1780231861,2026-05-31T12:51:01+00:00,45.678802,12.766437,26950,80,,False
1780231863,2026-05-31T12:51:03+00:00,45.676888,12.766467,26950,209,,False
1780231865,2026-05-31T12:51:05+00:00,45.675098,12.766501,26950,206,,False
1780231867,2026-05-31T12:51:07+00:00,45.672787,12.767063,26950,208,,False
1780231869,2026-05-31T12:51:09+00:00,45.670391,12.76791,26950,208,,False
1780231872,2026-05-31T12:51:12+00:00,45.668579,12.768869,26950,210,,False
1780231874,2026-05-31T12:51:14+00:00,45.666725,12.769876,26975,210,,False
1780231876,2026-05-31T12:51:16+00:00,45.664253,12.771527,26950,210,,False
1780231878,2026-05-31T12:51:18+00:00,45.662617,12.772747,26950,212,,False
1780231881,2026-05-31T12:51:21+00:00,45.66077,12.774385,26950,212,,False
1780231883,2026-05-31T12:51:23+00:00,45.659122,12.776452,26950,212,,False
1780231885,2026-05-31T12:51:25+00:00,45.657558,12.778419,26950,214,,False
1780231887,2026-05-31T12:51:27+00:00,45.656075,12.780708,26950,214,,False
1780231889,2026-05-31T12:51:29+00:00,45.654335,12.7836,26950,214,,False
1780231892,2026-05-31T12:51:32+00:00,45.653225,12.785715,26950,214,,False
1780231894,2026-05-31T12:51:34+00:00,45.652279,12.787836,26950,214,,False
1780231896,2026-05-31T12:51:36+00:00,45.651165,12.790687,26950,214,,False
1780231898,2026-05-31T12:51:38+00:00,45.650364,12.793081,26950,212,,False
1780231900,2026-05-31T12:51:40+00:00,45.649704,12.795672,26950,212,,False
1780231902,2026-05-31T12:51:42+00:00,45.649105,12.79858,26950,212,,False
1780231904,2026-05-31T12:51:44+00:00,45.648582,12.801876,26950,212,,False
1780231906,2026-05-31T12:51:46+00:00,45.648369,12.804217,26950,210,,False
1780231908,2026-05-31T12:51:48+00:00,45.648121,12.807304,26950,208,,False
1780231910,2026-05-31T12:51:50+00:00,45.64809,12.810463,26925,208,,False
1780231913,2026-05-31T12:51:53+00:00,45.648243,12.813114,26925,206,,False
1780231915,2026-05-31T12:51:55+00:00,45.64846,12.816209,26925,206,,False
1780231917,2026-05-31T12:51:57+00:00,45.648849,12.818944,26950,204,,False
1780231919,2026-05-31T12:51:59+00:00,45.649517,12.822335,26950,202,,False
1780231922,2026-05-31T12:52:02+00:00,45.650166,12.824909,26950,200,,False
1780231924,2026-05-31T12:52:04+00:00,45.650967,12.827456,26950,188,,False
1780231926,2026-05-31T12:52:06+00:00,45.651878,12.829808,26950,198,,False
1780231928,2026-05-31T12:52:08+00:00,45.652988,12.831961,26950,196,,False
1780231930,2026-05-31T12:52:10+00:00,45.654118,12.83418,26950,194,,False
1780231932,2026-05-31T12:52:12+00:00,45.655445,12.836328,26950,192,,False
1780231934,2026-05-31T12:52:14+00:00,45.656616,12.838027,26950,190,,False
1780231936,2026-05-31T12:52:16+00:00,45.658192,12.840071,26950,190,,False
1780231938,2026-05-31T12:52:18+00:00,45.659668,12.841431,26950,188,,False
1780231940,2026-05-31T12:52:20+00:00,45.661121,12.842775,26950,184,,False
1780231942,2026-05-31T12:52:22+00:00,45.662598,12.843882,26925,184,,False
1780231945,2026-05-31T12:52:25+00:00,45.664165,12.84481,26925,182,,False
1780231947,2026-05-31T12:52:27+00:00,45.66608,12.845733,26950,180,,False
1780231949,2026-05-31T12:52:29+00:00,45.667786,12.84628,26950,178,,False
1780231951,2026-05-31T12:52:31+00:00,45.669968,12.846681,26950,176,,False
1780231954,2026-05-31T12:52:34+00:00,45.671795,12.846929,26950,176,,False
1780231956,2026-05-31T12:52:36+00:00,45.673634,12.84681,26950,176,,False
1780231958,2026-05-31T12:52:38+00:00,45.675331,12.846605,26950,172,,False
1780231960,2026-05-31T12:52:40+00:00,45.676914,12.846071,26950,172,,False
1780231962,2026-05-31T12:52:42+00:00,45.678692,12.845204,26950,172,,False
1780231965,2026-05-31T12:52:45+00:00,45.680168,12.844341,26950,170,,False
1780231967,2026-05-31T12:52:47+00:00,45.681747,12.843263,26950,170,,False
1780231969,2026-05-31T12:52:49+00:00,45.683205,12.841982,26950,168,,False
1780231971,2026-05-31T12:52:51+00:00,45.68446,12.840715,26950,168,,False
1780231973,2026-05-31T12:52:53+00:00,45.685635,12.839211,26950,168,,False
1780231976,2026-05-31T12:52:56+00:00,45.687111,12.837081,26950,168,,False
1780231978,2026-05-31T12:52:58+00:00,45.688171,12.835253,26975,168,,False
1780231980,2026-05-31T12:53:00+00:00,45.689087,12.833104,26975,168,,False
1780231982,2026-05-31T12:53:02+00:00,45.689919,12.830779,26975,170,,False
1780231984,2026-05-31T12:53:04+00:00,45.69062,12.828655,26950,170,,False
1780231987,2026-05-31T12:53:07+00:00,45.691219,12.82613,26975,170,,False
1780231989,2026-05-31T12:53:09+00:00,45.691483,12.824011,26975,172,,False
1780231991,2026-05-31T12:53:11+00:00,45.691727,12.821619,26975,172,,False
1780231993,2026-05-31T12:53:13+00:00,45.691853,12.819207,26975,172,,False
1780231995,2026-05-31T12:53:15+00:00,45.691879,12.816764,26950,172,,False
1780231997,2026-05-31T12:53:17+00:00,45.691753,12.814342,26950,172,,False
1780232000,2026-05-31T12:53:20+00:00,45.691368,12.811746,26950,172,,False
1780232002,2026-05-31T12:53:22+00:00,45.690926,12.809149,26950,172,,False
1780232004,2026-05-31T12:53:24+00:00,45.690231,12.806745,26950,182,,False
1780232006,2026-05-31T12:53:26+00:00,45.689617,12.804441,26950,179,,False
1780232008,2026-05-31T12:53:28+00:00,45.688587,12.801941,26950,182,,False
1780232010,2026-05-31T12:53:30+00:00,45.687496,12.79966,26950,186,,False
1780232013,2026-05-31T12:53:33+00:00,45.686222,12.797365,26950,185,,False
1780232015,2026-05-31T12:53:35+00:00,45.684963,12.795613,26950,191,,False
1780232017,2026-05-31T12:53:37+00:00,45.68354,12.793564,26950,189,,False
1780232020,2026-05-31T12:53:40+00:00,45.681904,12.79187,26950,193,,False
1780232022,2026-05-31T12:53:42+00:00,45.679909,12.790125,26950,195,,False
1780232024,2026-05-31T12:53:44+00:00,45.678169,12.788606,26950,195,,False
1780232026,2026-05-31T12:53:46+00:00,45.676373,12.787549,26950,202,,False
1780232028,2026-05-31T12:53:48+00:00,45.674309,12.786379,26950,200,,False
1780232031,2026-05-31T12:53:51+00:00,45.672245,12.785733,26950,198,,False
1780232033,2026-05-31T12:53:53+00:00,45.670532,12.785322,26950,200,,False
1780232035,2026-05-31T12:53:55+00:00,45.668365,12.78491,26950,199,,False
1780232038,2026-05-31T12:53:58+00:00,45.66589,12.784818,26950,204,,False
1780232040,2026-05-31T12:54:00+00:00,45.663681,12.78483,26950,208,,False
1780232042,2026-05-31T12:54:02+00:00,45.661694,12.78524,26950,208,,False
1780232044,2026-05-31T12:54:04+00:00,45.659649,12.785675,26950,210,,False
1780232047,2026-05-31T12:54:07+00:00,45.657272,12.786668,26950,212,,False
1780232049,2026-05-31T12:54:09+00:00,45.65522,12.787718,26950,212,,False
1780232052,2026-05-31T12:54:12+00:00,45.652977,12.789065,26950,212,,False
1780232054,2026-05-31T12:54:14+00:00,45.650505,12.791018,26950,214,,False
1780232056,2026-05-31T12:54:16+00:00,45.648773,12.792672,26950,214,,False
1780232058,2026-05-31T12:54:18+00:00,45.646584,12.79493,26950,214,,False
1780232060,2026-05-31T12:54:20+00:00,45.645454,12.796402,26925,214,,False
1780232063,2026-05-31T12:54:23+00:00,45.643894,12.798547,26950,214,,False
1780232065,2026-05-31T12:54:25+00:00,45.642799,12.800569,26950,214,,False
1780232067,2026-05-31T12:54:27+00:00,45.640728,12.804177,26950,214,,False
1780232070,2026-05-31T12:54:30+00:00,45.639858,12.806272,26950,214,,False
1780232072,2026-05-31T12:54:32+00:00,45.638607,12.809514,26950,214,,False
1780232074,2026-05-31T12:54:34+00:00,45.637642,12.812515,26950,192,,False
1780232076,2026-05-31T12:54:36+00:00,45.63699,12.81509,26925,212,,False
1780232079,2026-05-31T12:54:39+00:00,45.63604,12.819077,26925,212,,False
1780232081,2026-05-31T12:54:41+00:00,45.635845,12.821133,26950,210,,False
1780232083,2026-05-31T12:54:43+00:00,45.635609,12.82386,26950,210,,False
1780232085,2026-05-31T12:54:45+00:00,45.635471,12.826766,26950,208,,False
1780232087,2026-05-31T12:54:47+00:00,45.635429,12.829639,26950,206,,False
1780232090,2026-05-31T12:54:50+00:00,45.635643,12.832757,26950,206,,False
1780232092,2026-05-31T12:54:52+00:00,45.635902,12.835674,26950,204,,False
1780232094,2026-05-31T12:54:54+00:00,45.636395,12.838817,26950,204,,False
1780232096,2026-05-31T12:54:56+00:00,45.636902,12.841314,26950,202,,False
1780232098,2026-05-31T12:54:58+00:00,45.637638,12.844078,26950,202,,False
1780232101,2026-05-31T12:55:01+00:00,45.638493,12.84653,26950,200,,False
1780232103,2026-05-31T12:55:03+00:00,45.639778,12.849713,26950,196,,False
1780232105,2026-05-31T12:55:05+00:00,45.640808,12.851821,26950,196,,False
1780232107,2026-05-31T12:55:07+00:00,45.641895,12.854036,26950,194,,False
1780232110,2026-05-31T12:55:10+00:00,45.643169,12.85604,26950,192,,False
1780232112,2026-05-31T12:55:12+00:00,45.644669,12.858089,26950,190,,False
1780232114,2026-05-31T12:55:14+00:00,45.646671,12.860285,26950,190,,False
1780232116,2026-05-31T12:55:16+00:00,45.647873,12.861281,26950,188,,False
1780232118,2026-05-31T12:55:18+00:00,45.649776,12.862876,26950,188,,False
1780232121,2026-05-31T12:55:21+00:00,45.651428,12.863876,26950,184,,False
1780232123,2026-05-31T12:55:23+00:00,45.653328,12.864793,26950,184,,False
1780232125,2026-05-31T12:55:25+00:00,45.654968,12.865418,26950,182,,False
1780232127,2026-05-31T12:55:27+00:00,45.657124,12.865896,26950,180,,False
1780232130,2026-05-31T12:55:30+00:00,45.658794,12.866076,26950,180,,False
1780232132,2026-05-31T12:55:32+00:00,45.660381,12.866128,26950,178,,False
1780232134,2026-05-31T12:55:34+00:00,45.662849,12.865881,26950,178,,False
1780232136,2026-05-31T12:55:36+00:00,45.663795,12.865634,26950,176,,False
1780232138,2026-05-31T12:55:38+00:00,45.665527,12.86493,26950,176,,False
1780232141,2026-05-31T12:55:41+00:00,45.667553,12.864019,26950,174,,False
1780232143,2026-05-31T12:55:43+00:00,45.668995,12.862903,26950,172,,False
1780232145,2026-05-31T12:55:45+00:00,45.67038,12.861968,26950,172,,False
1780232147,2026-05-31T12:55:47+00:00,45.671913,12.860615,26950,172,,False
1780232149,2026-05-31T12:55:49+00:00,45.673267,12.859051,26925,172,,False
1780232151,2026-05-31T12:55:51+00:00,45.67437,12.85745,26925,172,,False
1780232153,2026-05-31T12:55:53+00:00,45.675526,12.855803,26925,172,,False
1780232155,2026-05-31T12:55:55+00:00,45.676544,12.853832,26950,172,,False
1780232157,2026-05-31T12:55:57+00:00,45.67746,12.851616,26950,172,,False
1780232159,2026-05-31T12:55:59+00:00,45.678196,12.849615,26950,172,,False
1780232162,2026-05-31T12:56:02+00:00,45.678753,12.847381,26950,172,,False
1780232164,2026-05-31T12:56:04+00:00,45.679321,12.844859,26950,172,,False
1780232166,2026-05-31T12:56:06+00:00,45.679745,12.842615,26950,174,,False
1780232168,2026-05-31T12:56:08+00:00,45.680016,12.839942,26950,174,,False
1780232170,2026-05-31T12:56:10+00:00,45.680077,12.837795,26950,174,,False
1780232173,2026-05-31T12:56:13+00:00,45.680084,12.835313,26950,174,,False
1780232175,2026-05-31T12:56:15+00:00,45.679893,12.832148,26950,174,,False
1780232177,2026-05-31T12:56:17+00:00,45.679523,12.829983,26950,174,,False
1780232179,2026-05-31T12:56:19+00:00,45.679092,12.827466,26950,174,,False
1780232181,2026-05-31T12:56:21+00:00,45.67852,12.825202,26950,179,,False
1780232183,2026-05-31T12:56:23+00:00,45.677666,12.822771,26950,187,,False
1780232186,2026-05-31T12:56:26+00:00,45.676708,12.82039,26950,187,,False
1780232188,2026-05-31T12:56:28+00:00,45.675632,12.818111,26950,188,,False
1780232190,2026-05-31T12:56:30+00:00,45.674412,12.815812,26950,185,,False
1780232192,2026-05-31T12:56:32+00:00,45.673317,12.814235,26950,186,,False
1780232194,2026-05-31T12:56:34+00:00,45.671944,12.812281,26950,188,,False
1780232196,2026-05-31T12:56:36+00:00,45.670174,12.810302,26950,195,,False
1780232198,2026-05-31T12:56:38+00:00,45.668976,12.809095,26950,192,,False
1780232200,2026-05-31T12:56:40+00:00,45.667133,12.807503,26950,193,,False
1780232203,2026-05-31T12:56:43+00:00,45.665134,12.806187,26950,198,,False
1780232205,2026-05-31T12:56:45+00:00,45.663593,12.805363,26950,202,,False
1780232207,2026-05-31T12:56:47+00:00,45.661594,12.804489,26950,205,,False
1780232209,2026-05-31T12:56:49+00:00,45.659595,12.803712,26950,198,,False
1780232211,2026-05-31T12:56:51+00:00,45.657516,12.803249,26950,203,,False
1780232214,2026-05-31T12:56:54+00:00,45.655357,12.802938,26950,203,,False
1780232216,2026-05-31T12:56:56+00:00,45.653339,12.80295,26950,207,,False
1780232218,2026-05-31T12:56:58+00:00,45.651417,12.803061,26950,210,,False
1780232220,2026-05-31T12:57:00+00:00,45.649269,12.803361,26950,212,,False
1780232222,2026-05-31T12:57:02+00:00,45.647346,12.80383,26950,212,,False
1780232224,2026-05-31T12:57:04+00:00,45.644821,12.805478,26925,214,,False
1780232226,2026-05-31T12:57:06+00:00,45.642685,12.806164,26925,214,,False
1780232228,2026-05-31T12:57:08+00:00,45.640999,12.806942,26950,214,,False
1780232231,2026-05-31T12:57:11+00:00,45.639141,12.808208,26950,216,,False
1780232233,2026-05-31T12:57:13+00:00,45.63747,12.809532,26950,216,,False
1780232235,2026-05-31T12:57:15+00:00,45.635689,12.811216,26950,216,,False
1780232237,2026-05-31T12:57:17+00:00,45.6339,12.813129,26950,216,,False
1780232239,2026-05-31T12:57:19+00:00,45.632252,12.815215,26950,216,,False
1780232241,2026-05-31T12:57:21+00:00,45.630569,12.817498,26950,216,,False
1780232243,2026-05-31T12:57:23+00:00,45.629364,12.819774,26950,216,,False
1780232245,2026-05-31T12:57:25+00:00,45.628075,12.822004,26950,216,,False
1780232248,2026-05-31T12:57:28+00:00,45.626865,12.824593,26950,216,,False
1780232250,2026-05-31T12:57:30+00:00,45.625725,12.827432,26950,216,,False
1780232252,2026-05-31T12:57:32+00:00,45.624744,12.830509,26950,214,,False
1780232254,2026-05-31T12:57:34+00:00,45.623981,12.833192,26950,214,,False
1780232257,2026-05-31T12:57:37+00:00,45.623295,12.836638,26950,214,,False
1780232259,2026-05-31T12:57:39+00:00,45.62278,12.839616,26950,214,,False
1780232261,2026-05-31T12:57:41+00:00,45.622555,12.842827,26950,212,,False
1780232264,2026-05-31T12:57:44+00:00,45.622337,12.845879,26950,212,,False
1780232266,2026-05-31T12:57:46+00:00,45.622196,12.84946,26950,210,,False
1780232268,2026-05-31T12:57:48+00:00,45.622444,12.851873,26950,210,,False
1780232270,2026-05-31T12:57:50+00:00,45.622612,12.855301,26950,208,,False
1780232272,2026-05-31T12:57:52+00:00,45.623058,12.857738,26950,206,,False
1780232274,2026-05-31T12:57:54+00:00,45.623577,12.860429,26950,206,,False
1780232276,2026-05-31T12:57:56+00:00,45.624218,12.863143,26950,204,,False
1780232279,2026-05-31T12:57:59+00:00,45.625114,12.866082,26950,202,,False
1780232281,2026-05-31T12:58:01+00:00,45.62587,12.868474,26950,202,,False
1780232283,2026-05-31T12:58:03+00:00,45.627068,12.871161,26950,200,,False
1780232285,2026-05-31T12:58:05+00:00,45.628365,12.873622,26950,198,,False
1780232287,2026-05-31T12:58:07+00:00,45.629482,12.875386,26950,198,,False
1780232290,2026-05-31T12:58:10+00:00,45.63084,12.877497,26950,196,,False
1780232292,2026-05-31T12:58:12+00:00,45.632214,12.879313,26950,194,,False
1780232294,2026-05-31T12:58:14+00:00,45.633854,12.881116,26950,192,,False
1780232296,2026-05-31T12:58:16+00:00,45.635204,12.882316,26950,190,,False
1780232298,2026-05-31T12:58:18+00:00,45.636997,12.883675,26950,188,,False
1780232300,2026-05-31T12:58:20+00:00,45.638935,12.885011,26950,188,,False
1780232302,2026-05-31T12:58:22+00:00,45.640671,12.885916,26950,186,,False
1780232305,2026-05-31T12:58:25+00:00,45.642265,12.886468,26950,184,,False
1780232307,2026-05-31T12:58:27+00:00,45.643974,12.886945,26950,182,,False
1780232309,2026-05-31T12:58:29+00:00,45.645691,12.887204,26950,182,,False
1780232311,2026-05-31T12:58:31+00:00,45.647686,12.887268,26950,180,,False
1780232313,2026-05-31T12:58:33+00:00,45.649315,12.887262,26950,178,,False
1780232315,2026-05-31T12:58:35+00:00,45.65115,12.88695,26950,178,,False
1780232318,2026-05-31T12:58:38+00:00,45.653069,12.886342,26950,176,,False
1780232320,2026-05-31T12:58:40+00:00,45.654694,12.885697,26950,176,,False
1780232322,2026-05-31T12:58:42+00:00,45.656403,12.884665,26950,176,,False
1780232324,2026-05-31T12:58:44+00:00,45.657928,12.883564,26950,174,,False
1780232326,2026-05-31T12:58:46+00:00,45.659508,12.882187,26950,174,,False
1780232328,2026-05-31T12:58:48+00:00,45.660889,12.880602,26950,174,,False
1780232330,2026-05-31T12:58:50+00:00,45.662067,12.879223,26950,174,,False
1780232333,2026-05-31T12:58:53+00:00,45.663506,12.877356,26950,174,,False
1780232335,2026-05-31T12:58:55+00:00,45.66444,12.875701,26925,174,,False
1780232337,2026-05-31T12:58:57+00:00,45.665401,12.873811,26925,174,,False
1780232339,2026-05-31T12:58:59+00:00,45.666103,12.871874,26925,174,,False
1780232341,2026-05-31T12:59:01+00:00,45.667084,12.869267,26925,174,,False
1780232343,2026-05-31T12:59:03+00:00,45.667728,12.866851,26925,174,,False
1780232345,2026-05-31T12:59:05+00:00,45.668159,12.864958,26925,174,,False
1780232347,2026-05-31T12:59:07+00:00,45.668381,12.862308,26950,174,,False
1780232349,2026-05-31T12:59:09+00:00,45.668575,12.859938,26950,174,,False
1780232352,2026-05-31T12:59:12+00:00,45.668671,12.857471,26950,174,,False
1780232354,2026-05-31T12:59:14+00:00,45.668587,12.855134,26950,174,,False
1780232356,2026-05-31T12:59:16+00:00,45.668495,12.852614,26950,174,,False
1780232358,2026-05-31T12:59:18+00:00,45.668083,12.849949,26950,174,,False
1780232361,2026-05-31T12:59:21+00:00,45.667416,12.847151,26950,181,,False
1780232363,2026-05-31T12:59:23+00:00,45.666782,12.844773,26950,184,,False
1780232365,2026-05-31T12:59:25+00:00,45.666012,12.842496,26950,185,,False
1780232367,2026-05-31T12:59:27+00:00,45.66507,12.840137,26950,183,,False
1780232369,2026-05-31T12:59:29+00:00,45.66404,12.838017,26950,189,,False
1780232371,2026-05-31T12:59:31+00:00,45.662861,12.835956,26950,187,,False
1780232373,2026-05-31T12:59:33+00:00,45.661602,12.834172,26950,187,,False
1780232375,2026-05-31T12:59:35+00:00,45.660141,12.832272,26950,130,,False
1780232377,2026-05-31T12:59:37+00:00,45.658752,12.830808,26950,226,,False
1780232380,2026-05-31T12:59:40+00:00,45.657074,12.829068,26950,200,,False
1780232382,2026-05-31T12:59:42+00:00,45.655289,12.827509,26950,193,,False
1780232384,2026-05-31T12:59:44+00:00,45.653622,12.8264,26950,194,,False
1780232386,2026-05-31T12:59:46+00:00,45.651821,12.825433,26950,198,,False
1780232388,2026-05-31T12:59:48+00:00,45.649868,12.824522,26950,201,,False
1780232390,2026-05-31T12:59:50+00:00,45.648144,12.823939,26950,202,,False
1780232392,2026-05-31T12:59:52+00:00,45.64613,12.823577,26950,259,,False
1780232394,2026-05-31T12:59:54+00:00,45.643768,12.823406,26950,268,,False
1780232397,2026-05-31T12:59:57+00:00,45.641968,12.823324,26950,203,,False
1780232399,2026-05-31T12:59:59+00:00,45.639824,12.823376,26950,210,,False
1780232401,2026-05-31T13:00:01+00:00,45.637821,12.823674,26950,210,,False
1780232403,2026-05-31T13:00:03+00:00,45.635845,12.824479,26950,212,,False
1780232405,2026-05-31T13:00:05+00:00,45.633587,12.825173,26950,212,,False
1780232407,2026-05-31T13:00:07+00:00,45.631741,12.826037,26950,212,,False
1780232409,2026-05-31T13:00:09+00:00,45.629951,12.827044,26950,214,,False
1780232411,2026-05-31T13:00:11+00:00,45.628159,12.828264,26950,214,,False
1780232414,2026-05-31T13:00:14+00:00,45.625893,12.830197,26950,216,,False
1780232416,2026-05-31T13:00:16+00:00,45.624329,12.831676,26950,216,,False
1780232418,2026-05-31T13:00:18+00:00,45.622395,12.833776,26950,216,,False
1780232420,2026-05-31T13:00:20+00:00,45.621155,12.835428,26950,216,,False
1780232422,2026-05-31T13:00:22+00:00,45.619461,12.83785,26950,216,,False
1780232424,2026-05-31T13:00:24+00:00,45.61824,12.839875,26950,216,,False
1780232426,2026-05-31T13:00:26+00:00,45.617123,12.842362,26950,216,,False
1780232429,2026-05-31T13:00:29+00:00,45.615746,12.845053,26950,216,,False
1780232431,2026-05-31T13:00:31+00:00,45.614674,12.847952,26950,216,,False
1780232433,2026-05-31T13:00:33+00:00,45.613762,12.8506,26950,216,,False
1780232435,2026-05-31T13:00:35+00:00,45.612976,12.853775,26950,216,,False
1780232437,2026-05-31T13:00:37+00:00,45.612194,12.85683,26950,214,,False
1780232440,2026-05-31T13:00:40+00:00,45.611774,12.85955,26950,214,,False
1780232442,2026-05-31T13:00:42+00:00,45.611408,12.862518,26950,214,,False
1780232444,2026-05-31T13:00:44+00:00,45.611259,12.865212,26950,212,,False
1780232446,2026-05-31T13:00:46+00:00,45.611179,12.868332,26950,212,,False
1780232448,2026-05-31T13:00:48+00:00,45.611198,12.871436,26950,210,,False
1780232450,2026-05-31T13:00:50+00:00,45.61142,12.874277,26950,210,,False
1780232452,2026-05-31T13:00:52+00:00,45.611717,12.877295,26950,208,,False
1780232454,2026-05-31T13:00:54+00:00,45.612286,12.880165,26950,208,,False
1780232457,2026-05-31T13:00:57+00:00,45.612877,12.882836,26950,206,,False
1780232459,2026-05-31T13:00:59+00:00,45.613762,12.886093,26950,204,,False
1780232461,2026-05-31T13:01:01+00:00,45.614475,12.888078,26950,202,,False
1780232463,2026-05-31T13:01:03+00:00,45.615402,12.890544,26950,202,,False
1780232465,2026-05-31T13:01:05+00:00,45.616623,12.893056,26950,200,,False
1780232467,2026-05-31T13:01:07+00:00,45.617954,12.895465,26950,198,,False
1780232470,2026-05-31T13:01:10+00:00,45.619247,12.897372,26950,196,,False
1780232472,2026-05-31T13:01:12+00:00,45.620636,12.899297,26950,194,,False
1780232474,2026-05-31T13:01:14+00:00,45.622162,12.901125,26950,192,,False
1780232476,2026-05-31T13:01:16+00:00,45.62368,12.902513,26950,192,,False
1780232478,2026-05-31T13:01:18+00:00,45.625553,12.904051,26950,190,,False
1780232481,2026-05-31T13:01:21+00:00,45.627342,12.9054,26950,186,,False
1780232483,2026-05-31T13:01:23+00:00,45.629047,12.906349,26950,186,,False
1780232485,2026-05-31T13:01:25+00:00,45.630928,12.907066,26950,184,,False
1780232487,2026-05-31T13:01:27+00:00,45.632717,12.90754,26950,182,,False
1780232489,2026-05-31T13:01:29+00:00,45.634418,12.907955,26950,180,,False
1780232491,2026-05-31T13:01:31+00:00,45.636288,12.908072,26950,180,,False
1780232494,2026-05-31T13:01:34+00:00,45.638176,12.908102,26950,178,,False
1780232496,2026-05-31T13:01:36+00:00,45.640018,12.90765,26950,178,,False
1780232498,2026-05-31T13:01:38+00:00,45.641727,12.907217,26950,176,,False
1780232500,2026-05-31T13:01:40+00:00,45.644043,12.906275,26950,176,,False
1780232503,2026-05-31T13:01:43+00:00,45.645027,12.905613,26950,174,,False
1780232505,2026-05-31T13:01:45+00:00,45.646774,12.904338,26950,174,,False
1780232507,2026-05-31T13:01:47+00:00,45.64822,12.903082,26950,174,,False
1780232509,2026-05-31T13:01:49+00:00,45.649654,12.901635,26950,174,,False
1780232511,2026-05-31T13:01:51+00:00,45.65089,12.900159,26950,172,,False
1780232514,2026-05-31T13:01:54+00:00,45.652103,12.898344,26950,172,,False
1780232516,2026-05-31T13:01:56+00:00,45.653202,12.89644,26950,172,,False
1780232518,2026-05-31T13:01:58+00:00,45.654274,12.894568,26925,172,,False
1780232520,2026-05-31T13:02:00+00:00,45.65506,12.892417,26925,172,,False
1780232522,2026-05-31T13:02:02+00:00,45.655933,12.889944,26950,174,,False
1780232524,2026-05-31T13:02:04+00:00,45.656517,12.887567,26950,174,,False
1780232526,2026-05-31T13:02:06+00:00,45.65694,12.885424,26950,174,,False
1780232529,2026-05-31T13:02:09+00:00,45.657265,12.882891,26950,174,,False
1780232531,2026-05-31T13:02:11+00:00,45.657459,12.880437,26925,174,,False
1780232533,2026-05-31T13:02:13+00:00,45.65752,12.877898,26925,174,,False
1780232535,2026-05-31T13:02:15+00:00,45.65741,12.875355,26950,174,,False
1780232537,2026-05-31T13:02:17+00:00,45.657116,12.872799,26950,174,,False
1780232539,2026-05-31T13:02:19+00:00,45.656776,12.870082,26950,174,,False
1780232542,2026-05-31T13:02:22+00:00,45.656235,12.867964,26950,179,,False
1780232544,2026-05-31T13:02:24+00:00,45.655418,12.865133,26950,180,,False
1780232546,2026-05-31T13:02:26+00:00,45.654373,12.862234,26950,192,,False
1780232548,2026-05-31T13:02:28+00:00,45.653625,12.860548,26950,176,,False
1780232551,2026-05-31T13:02:31+00:00,45.65218,12.857851,26950,191,,False
1780232553,2026-05-31T13:02:33+00:00,45.651154,12.856153,26950,253,,False
1780232555,2026-05-31T13:02:35+00:00,45.649593,12.854191,26950,203,,False
1780232558,2026-05-31T13:02:38+00:00,45.648285,12.852401,26950,249,,False
1780232560,2026-05-31T13:02:40+00:00,45.646503,12.850699,26950,70,,False
1780232562,2026-05-31T13:02:42+00:00,45.644512,12.849094,26950,205,,False
1780232564,2026-05-31T13:02:44+00:00,45.642773,12.847746,26950,202,,False
1780232567,2026-05-31T13:02:47+00:00,45.640774,12.846556,26950,200,,False
1780232569,2026-05-31T13:02:49+00:00,45.638584,12.845659,26950,209,,False
1780232571,2026-05-31T13:02:51+00:00,45.636948,12.844813,26975,201,,False
1780232573,2026-05-31T13:02:53+00:00,45.635002,12.843699,26975,200,,False
1780232576,2026-05-31T13:02:56+00:00,45.633068,12.842742,26950,196,,False
1780232578,2026-05-31T13:02:58+00:00,45.630825,12.841599,26950,200,,False
1780232580,2026-05-31T13:03:00+00:00,45.628265,12.840233,26950,204,,False
1780232583,2026-05-31T13:03:03+00:00,45.626801,12.839472,26950,201,,False
1780232585,2026-05-31T13:03:05+00:00,45.624737,12.8384,26950,222,,False
1780232587,2026-05-31T13:03:07+00:00,45.623253,12.837613,26950,191,,False
1780232589,2026-05-31T13:03:09+00:00,45.621326,12.836542,26950,204,,False
1780232591,2026-05-31T13:03:11+00:00,45.619526,12.835554,26925,200,,False
1780232593,2026-05-31T13:03:13+00:00,45.617447,12.834601,26925,204,,False
1780232595,2026-05-31T13:03:15+00:00,45.615582,12.83392,26925,204,,False
1780232598,2026-05-31T13:03:18+00:00,45.61348,12.833503,26950,207,,False
1780232600,2026-05-31T13:03:20+00:00,45.611469,12.833228,26950,210,,False
1780232602,2026-05-31T13:03:22+00:00,45.609402,12.833049,26950,219,,False
1780232604,2026-05-31T13:03:24+00:00,45.607487,12.83301,26950,212,,False
1780232606,2026-05-31T13:03:26+00:00,45.605892,12.83298,26950,212,,False
1780232608,2026-05-31T13:03:28+00:00,45.602894,12.833581,26950,212,,False
1780232610,2026-05-31T13:03:30+00:00,45.600895,12.834067,26950,212,,False
1780232612,2026-05-31T13:03:32+00:00,45.599178,12.834593,26950,214,,False
1780232615,2026-05-31T13:03:35+00:00,45.597069,12.835421,26950,214,,False
1780232617,2026-05-31T13:03:37+00:00,45.595047,12.836308,26975,214,,False
1780232619,2026-05-31T13:03:39+00:00,45.593109,12.837613,26975,216,,False
1780232621,2026-05-31T13:03:41+00:00,45.59111,12.838933,26950,216,,False
1780232623,2026-05-31T13:03:43+00:00,45.589176,12.840345,26950,216,,False
1780232625,2026-05-31T13:03:45+00:00,45.587311,12.842011,26950,218,,False
1780232627,2026-05-31T13:03:47+00:00,45.585571,12.843695,26950,218,,False
1780232630,2026-05-31T13:03:50+00:00,45.583878,12.845573,26950,218,,False
1780232632,2026-05-31T13:03:52+00:00,45.582138,12.84776,26950,218,,False
1780232634,2026-05-31T13:03:54+00:00,45.580486,12.850012,26950,218,,False
1780232636,2026-05-31T13:03:56+00:00,45.578949,12.852511,26950,218,,False
1780232639,2026-05-31T13:03:59+00:00,45.57766,12.854753,26950,218,,False
1780232641,2026-05-31T13:04:01+00:00,45.576248,12.857485,26950,218,,False
1780232643,2026-05-31T13:04:03+00:00,45.575184,12.860057,26950,218,,False
1780232645,2026-05-31T13:04:05+00:00,45.573929,12.863806,26950,218,,False
1780232647,2026-05-31T13:04:07+00:00,45.573448,12.865471,26950,218,,False
1780232649,2026-05-31T13:04:09+00:00,45.572701,12.868271,26950,216,,False
1780232651,2026-05-31T13:04:11+00:00,45.572041,12.871179,26950,216,,False
1780232653,2026-05-31T13:04:13+00:00,45.571648,12.874297,26950,216,,False
1780232655,2026-05-31T13:04:15+00:00,45.571404,12.877202,26950,216,,False
1780232658,2026-05-31T13:04:18+00:00,45.571175,12.880181,26950,214,,False
1780232660,2026-05-31T13:04:20+00:00,45.571171,12.883024,26950,214,,False
1780232662,2026-05-31T13:04:22+00:00,45.571308,12.885907,26950,212,,False
1780232664,2026-05-31T13:04:24+00:00,45.571552,12.888961,26950,212,,False
1780232666,2026-05-31T13:04:26+00:00,45.571991,12.891943,26950,210,,False
1780232668,2026-05-31T13:04:28+00:00,45.572548,12.894852,26950,210,,False
1780232670,2026-05-31T13:04:30+00:00,45.573143,12.897499,26950,208,,False
1780232672,2026-05-31T13:04:32+00:00,45.574024,12.900424,26950,206,,False
1780232675,2026-05-31T13:04:35+00:00,45.574768,12.902716,26950,206,,False
1780232677,2026-05-31T13:04:37+00:00,45.575787,12.905075,26950,204,,False
1780232679,2026-05-31T13:04:39+00:00,45.577034,12.907591,26950,202,,False
1780232681,2026-05-31T13:04:41+00:00,45.578365,12.909924,27000,200,,False
1780232683,2026-05-31T13:04:43+00:00,45.579624,12.912,26950,198,,False
1780232685,2026-05-31T13:04:45+00:00,45.581127,12.914012,26950,196,,False
1780232688,2026-05-31T13:04:48+00:00,45.582794,12.91574,26950,196,,False
1780232690,2026-05-31T13:04:50+00:00,45.584164,12.917136,26950,194,,False
1780232692,2026-05-31T13:04:52+00:00,45.585861,12.918479,26950,192,,False
1780232694,2026-05-31T13:04:54+00:00,45.58791,12.919878,26950,190,,False
1780232696,2026-05-31T13:04:56+00:00,45.589725,12.920814,26950,188,,False
1780232699,2026-05-31T13:04:59+00:00,45.591545,12.921522,26950,188,,False
1780232701,2026-05-31T13:05:01+00:00,45.59322,12.922044,26950,184,,False
1780232703,2026-05-31T13:05:03+00:00,45.594929,12.922419,26950,184,,False
1780232705,2026-05-31T13:05:05+00:00,45.596981,12.922551,26950,182,,False
1780232708,2026-05-31T13:05:08+00:00,45.598991,12.922379,26950,180,,False
1780232710,2026-05-31T13:05:10+00:00,45.601521,12.921959,26950,180,,False
1780232712,2026-05-31T13:05:12+00:00,45.602707,12.921549,26950,180,,False
1780232714,2026-05-31T13:05:14+00:00,45.604568,12.920703,26950,178,,False
1780232716,2026-05-31T13:05:16+00:00,45.605968,12.919901,26950,178,,False
1780232718,2026-05-31T13:05:18+00:00,45.607597,12.918693,26950,176,,False
1780232720,2026-05-31T13:05:20+00:00,45.608967,12.91757,26950,176,,False
1780232723,2026-05-31T13:05:23+00:00,45.610542,12.916095,26950,176,,False
1780232725,2026-05-31T13:05:25+00:00,45.611828,12.914598,26950,176,,False
1780232727,2026-05-31T13:05:27+00:00,45.613064,12.912737,26950,176,,False
1780232729,2026-05-31T13:05:29+00:00,45.614155,12.910851,26950,176,,False
1780232731,2026-05-31T13:05:31+00:00,45.615166,12.908964,26950,176,,False
1780232733,2026-05-31T13:05:33+00:00,45.61607,12.906982,26950,176,,False
1780232736,2026-05-31T13:05:36+00:00,45.616997,12.904275,26950,176,,False
1780232738,2026-05-31T13:05:38+00:00,45.617687,12.902091,26950,176,,False
1780232740,2026-05-31T13:05:40+00:00,45.618172,12.899744,26950,176,,False
1780232742,2026-05-31T13:05:42+00:00,45.618526,12.897337,26950,178,,False
1780232744,2026-05-31T13:05:44+00:00,45.618755,12.89471,26950,178,,False
1780232746,2026-05-31T13:05:46+00:00,45.618904,12.892406,26950,178,,False
1780232749,2026-05-31T13:05:49+00:00,45.618843,12.88985,26950,178,,False
1780232751,2026-05-31T13:05:51+00:00,45.618649,12.887259,26950,178,,False
1780232753,2026-05-31T13:05:53+00:00,45.61829,12.884628,26950,178,,False
1780232755,2026-05-31T13:05:55+00:00,45.617832,12.882052,26950,179,,False
1780232757,2026-05-31T13:05:57+00:00,45.617172,12.879665,26950,183,,False
1780232759,2026-05-31T13:05:59+00:00,45.616425,12.877217,26950,186,,False
1780232761,2026-05-31T13:06:01+00:00,45.615479,12.874894,26950,186,,False
1780232764,2026-05-31T13:06:04+00:00,45.614368,12.872455,26950,189,,False
1780232766,2026-05-31T13:06:06+00:00,45.613277,12.870469,26950,191,,False
1780232768,2026-05-31T13:06:08+00:00,45.611866,12.868321,26950,195,,False
1780232770,2026-05-31T13:06:10+00:00,45.61026,12.866198,26950,194,,False
1780232772,2026-05-31T13:06:12+00:00,45.609035,12.864719,26950,194,,False
1780232774,2026-05-31T13:06:14+00:00,45.607464,12.863145,26950,199,,False
1780232776,2026-05-31T13:06:16+00:00,45.605583,12.861613,26950,201,,False
1780232779,2026-05-31T13:06:19+00:00,45.603737,12.860254,26950,200,,False
1780232781,2026-05-31T13:06:21+00:00,45.602276,12.859493,26950,199,,False
1780232783,2026-05-31T13:06:23+00:00,45.60025,12.858375,26950,203,,False
1780232785,2026-05-31T13:06:25+00:00,45.598183,12.857742,26950,202,,False
1780232787,2026-05-31T13:06:27+00:00,45.596188,12.857278,26950,205,,False
1780232790,2026-05-31T13:06:30+00:00,45.594219,12.857034,26950,206,,False
1780232792,2026-05-31T13:06:32+00:00,45.591877,12.856819,26950,210,,False
1780232794,2026-05-31T13:06:34+00:00,45.589428,12.856861,26950,210,,False
1780232796,2026-05-31T13:06:36+00:00,45.587669,12.857284,26950,212,,False
1780232799,2026-05-31T13:06:39+00:00,45.585304,12.857845,26950,212,,False
1780232801,2026-05-31T13:06:41+00:00,45.583233,12.858655,26950,214,,False
1780232803,2026-05-31T13:06:43+00:00,45.581295,12.859632,26950,216,,False
1780232805,2026-05-31T13:06:45+00:00,45.579056,12.86114,26950,216,,False
1780232808,2026-05-31T13:06:48+00:00,45.577065,12.862747,26950,216,,False
1780232810,2026-05-31T13:06:50+00:00,45.575142,12.864592,26975,216,,False
1780232812,2026-05-31T13:06:52+00:00,45.573532,12.866377,26975,216,,False
1780232814,2026-05-31T13:06:54+00:00,45.571686,12.868781,26975,216,,False
1780232816,2026-05-31T13:06:56+00:00,45.570354,12.870868,26975,216,,False
1780232819,2026-05-31T13:06:59+00:00,45.568771,12.873549,26975,216,,False
1780232821,2026-05-31T13:07:01+00:00,45.56768,12.875981,26975,216,,False
1780232823,2026-05-31T13:07:03+00:00,45.566559,12.878674,26975,216,,False
1780232825,2026-05-31T13:07:05+00:00,45.565552,12.881577,26975,216,,False
1780232827,2026-05-31T13:07:07+00:00,45.56477,12.884426,26975,216,,False
1780232830,2026-05-31T13:07:10+00:00,45.564178,12.887337,26975,216,,False
1780232832,2026-05-31T13:07:12+00:00,45.56366,12.890368,26975,216,,False
1780232834,2026-05-31T13:07:14+00:00,45.563251,12.893428,26975,216,,False
1780232836,2026-05-31T13:07:16+00:00,45.563232,12.896769,26950,214,,False
1780232838,2026-05-31T13:07:18+00:00,45.563244,12.899755,26950,212,,False
1780232840,2026-05-31T13:07:20+00:00,45.5634,12.902648,26950,212,,False
1780232843,2026-05-31T13:07:23+00:00,45.563774,12.905718,26950,210,,False
1780232845,2026-05-31T13:07:25+00:00,45.564285,12.908549,26950,210,,False
1780232847,2026-05-31T13:07:27+00:00,45.564896,12.911564,26950,208,,False
1780232849,2026-05-31T13:07:29+00:00,45.565674,12.914236,26950,208,,False
1780232851,2026-05-31T13:07:31+00:00,45.566578,12.916532,26950,204,,False
1780232854,2026-05-31T13:07:34+00:00,45.567738,12.919363,26950,204,,False
1780232856,2026-05-31T13:07:36+00:00,45.569057,12.921618,26950,200,,False
1780232858,2026-05-31T13:07:38+00:00,45.570259,12.923667,26950,198,,False
1780232860,2026-05-31T13:07:40+00:00,45.571671,12.925622,26950,196,,False
1780232862,2026-05-31T13:07:42+00:00,45.573452,12.927665,26950,194,,False
1780232864,2026-05-31T13:07:44+00:00,45.574947,12.928964,26950,194,,False
1780232867,2026-05-31T13:07:47+00:00,45.576786,12.930409,26950,190,,False
1780232869,2026-05-31T13:07:49+00:00,45.578442,12.931399,26950,190,,False
1780232871,2026-05-31T13:07:51+00:00,45.580128,12.93231,26950,188,,False
1780232873,2026-05-31T13:07:53+00:00,45.582191,12.933037,26950,188,,False
1780232875,2026-05-31T13:07:55+00:00,45.583988,12.933455,26950,184,,False
1780232877,2026-05-31T13:07:57+00:00,45.585938,12.93359,26950,184,,False
1780232880,2026-05-31T13:08:00+00:00,45.58749,12.933551,26950,182,,False
1780232882,2026-05-31T13:08:02+00:00,45.58939,12.933357,26950,180,,False
1780232884,2026-05-31T13:08:04+00:00,45.59108,12.932775,26950,178,,False
1780232886,2026-05-31T13:08:06+00:00,45.592682,12.932098,26950,178,,False
1780232888,2026-05-31T13:08:08+00:00,45.594437,12.931262,26950,178,,False
1780232890,2026-05-31T13:08:10+00:00,45.596096,12.930506,26950,178,,False
1780232892,2026-05-31T13:08:12+00:00,45.597832,12.9298,26950,178,,False
1780232895,2026-05-31T13:08:15+00:00,45.599655,12.929058,26950,180,,False
1780232897,2026-05-31T13:08:17+00:00,45.601265,12.928457,26950,180,,False
1780232899,2026-05-31T13:08:19+00:00,45.602962,12.927708,26950,180,,False
1780232901,2026-05-31T13:08:21+00:00,45.604664,12.927166,26925,180,,False
1780232903,2026-05-31T13:08:23+00:00,45.606453,12.926474,26925,180,,False
1780232906,2026-05-31T13:08:26+00:00,45.608406,12.925756,26925,180,,False
1780232908,2026-05-31T13:08:28+00:00,45.610279,12.925031,26925,182,,False
1780232910,2026-05-31T13:08:30+00:00,45.611916,12.924363,26925,182,,False
1780232912,2026-05-31T13:08:32+00:00,45.613628,12.923859,26925,182,,False
1780232914,2026-05-31T13:08:34+00:00,45.615414,12.92316,26925,180,,False
1780232916,2026-05-31T13:08:36+00:00,45.617096,12.922578,26925,180,,False
1780232919,2026-05-31T13:08:39+00:00,45.619297,12.921752,26925,180,,False
1780232921,2026-05-31T13:08:41+00:00,45.621063,12.921123,26925,180,,False
1780232923,2026-05-31T13:08:43+00:00,45.623104,12.920432,26925,180,,False
1780232926,2026-05-31T13:08:46+00:00,45.62466,12.9199,26925,180,,False
1780232928,2026-05-31T13:08:48+00:00,45.626564,12.919153,26925,180,,False
1780232930,2026-05-31T13:08:50+00:00,45.62822,12.91858,26925,180,,False
1780232932,2026-05-31T13:08:52+00:00,45.629917,12.917933,26925,180,,False
1780232935,2026-05-31T13:08:55+00:00,45.631664,12.917165,26925,180,,False
1780232937,2026-05-31T13:08:57+00:00,45.633301,12.916017,26925,178,,False
1780232939,2026-05-31T13:08:59+00:00,45.634926,12.914639,26950,178,,False
1780232941,2026-05-31T13:09:01+00:00,45.636581,12.913037,26950,178,,False
1780232944,2026-05-31T13:09:04+00:00,45.637924,12.91157,26950,178,,False
1780232946,2026-05-31T13:09:06+00:00,45.639263,12.909728,26950,176,,False
1780232948,2026-05-31T13:09:08+00:00,45.640358,12.907578,26950,176,,False
1780232950,2026-05-31T13:09:10+00:00,45.641476,12.90548,26950,176,,False
1780232952,2026-05-31T13:09:12+00:00,45.64238,12.903026,26950,176,,False
1780232955,2026-05-31T13:09:15+00:00,45.643093,12.900817,26950,176,,False
1780232957,2026-05-31T13:09:17+00:00,45.643677,12.89838,26950,178,,False
1780232959,2026-05-31T13:09:19+00:00,45.644077,12.896101,26950,178,,False
1780232961,2026-05-31T13:09:21+00:00,45.644344,12.893404,26950,178,,False
1780232963,2026-05-31T13:09:23+00:00,45.644428,12.890865,26975,178,,False
1780232965,2026-05-31T13:09:25+00:00,45.64439,12.888534,26975,178,,False
1780232968,2026-05-31T13:09:28+00:00,45.644138,12.885692,26975,178,,False
1780232970,2026-05-31T13:09:30+00:00,45.643673,12.882449,26975,178,,False
1780232972,2026-05-31T13:09:32+00:00,45.643295,12.880551,26975,178,,False
1780232974,2026-05-31T13:09:34+00:00,45.642715,12.878242,26975,186,,False
1780232976,2026-05-31T13:09:36+00:00,45.641922,12.875939,26975,188,,False
1780232978,2026-05-31T13:09:38+00:00,45.641033,12.873614,26975,192,,False
1780232980,2026-05-31T13:09:40+00:00,45.639805,12.871112,26975,192,,False
1780232982,2026-05-31T13:09:42+00:00,45.638622,12.869323,26975,199,,False
1780232984,2026-05-31T13:09:44+00:00,45.637405,12.867961,26975,40,,False
1780232987,2026-05-31T13:09:47+00:00,45.635704,12.865738,26975,214,,False
1780232989,2026-05-31T13:09:49+00:00,45.63401,12.863935,26975,204,,False
1780232992,2026-05-31T13:09:52+00:00,45.632088,12.862195,26975,198,,False
1780232994,2026-05-31T13:09:54+00:00,45.630161,12.860765,26975,197,,False
1780232996,2026-05-31T13:09:56+00:00,45.628334,12.859768,26975,210,,False
1780232998,2026-05-31T13:09:58+00:00,45.626297,12.858864,26975,205,,False
1780233000,2026-05-31T13:10:00+00:00,45.62431,12.858389,26975,207,,False
1780233002,2026-05-31T13:10:02+00:00,45.622112,12.858046,26975,210,,False
1780233005,2026-05-31T13:10:05+00:00,45.619865,12.857912,26975,212,,False
1780233007,2026-05-31T13:10:07+00:00,45.61755,12.858134,26950,216,,False
1780233009,2026-05-31T13:10:09+00:00,45.615116,12.85842,26950,218,,False
1780233011,2026-05-31T13:10:11+00:00,45.61311,12.858947,26950,220,,False
1780233013,2026-05-31T13:10:13+00:00,45.610977,12.859857,26950,220,,False
1780233015,2026-05-31T13:10:15+00:00,45.608791,12.861081,26950,222,,False
1780233017,2026-05-31T13:10:17+00:00,45.607105,12.86216,26950,222,,False
1780233020,2026-05-31T13:10:20+00:00,45.605003,12.863747,26950,222,,False
1780233022,2026-05-31T13:10:22+00:00,45.60302,12.865502,26950,222,,False
1780233024,2026-05-31T13:10:24+00:00,45.601238,12.86753,26950,222,,False
1780233026,2026-05-31T13:10:26+00:00,45.599499,12.869924,26950,222,,False
1780233028,2026-05-31T13:10:28+00:00,45.598045,12.872134,26950,222,,False
1780233030,2026-05-31T13:10:30+00:00,45.596748,12.874446,26950,222,,False
1780233033,2026-05-31T13:10:33+00:00,45.5951,12.877358,26950,222,,False
1780233035,2026-05-31T13:10:35+00:00,45.59412,12.879975,26950,222,,False
1780233037,2026-05-31T13:10:37+00:00,45.593239,12.882536,26950,220,,False
1780233039,2026-05-31T13:10:39+00:00,45.592289,12.885791,26950,220,,False
1780233041,2026-05-31T13:10:41+00:00,45.591717,12.888414,26950,220,,False
1780233043,2026-05-31T13:10:43+00:00,45.591175,12.891186,26950,218,,False
1780233045,2026-05-31T13:10:45+00:00,45.590759,12.894395,26950,218,,False
1780233048,2026-05-31T13:10:48+00:00,45.590611,12.897301,26950,216,,False
1780233050,2026-05-31T13:10:50+00:00,45.590538,12.900385,26950,214,,False
1780233052,2026-05-31T13:10:52+00:00,45.590672,12.903598,26950,214,,False
1780233054,2026-05-31T13:10:54+00:00,45.590981,12.906615,26950,212,,False
1780233056,2026-05-31T13:10:56+00:00,45.591473,12.909371,26950,210,,False
1780233059,2026-05-31T13:10:59+00:00,45.592072,12.912337,26950,208,,False
1780233061,2026-05-31T13:11:01+00:00,45.592873,12.915319,26950,206,,False
1780233063,2026-05-31T13:11:03+00:00,45.593716,12.917763,26950,206,,False
1780233065,2026-05-31T13:11:05+00:00,45.594971,12.920568,26950,202,,False
1780233067,2026-05-31T13:11:07+00:00,45.596092,12.922703,26950,202,,False
1780233069,2026-05-31T13:11:09+00:00,45.597439,12.924891,26950,198,,False
1780233071,2026-05-31T13:11:11+00:00,45.598701,12.92667,26950,198,,False
1780233074,2026-05-31T13:11:14+00:00,45.600182,12.92857,26950,196,,False
1780233076,2026-05-31T13:11:16+00:00,45.602062,12.930349,26950,194,,False
1780233078,2026-05-31T13:11:18+00:00,45.603672,12.931746,26950,192,,False
1780233081,2026-05-31T13:11:21+00:00,45.605526,12.932927,26950,190,,False
1780233083,2026-05-31T13:11:23+00:00,45.607437,12.933904,26950,188,,False
1780233085,2026-05-31T13:11:25+00:00,45.609264,12.934597,26950,186,,False
1780233087,2026-05-31T13:11:27+00:00,45.610939,12.935025,26950,184,,False
1780233089,2026-05-31T13:11:29+00:00,45.613037,12.935112,26950,182,,False
1780233091,2026-05-31T13:11:31+00:00,45.614716,12.935163,26950,180,,False
1780233094,2026-05-31T13:11:34+00:00,45.616756,12.9348,26950,178,,False
1780233096,2026-05-31T13:11:36+00:00,45.618576,12.934106,26950,178,,False
1780233099,2026-05-31T13:11:39+00:00,45.620453,12.933311,26950,176,,False
1780233101,2026-05-31T13:11:41+00:00,45.622135,12.932245,26950,176,,False
1780233103,2026-05-31T13:11:43+00:00,45.623638,12.930562,26950,176,,False
1780233105,2026-05-31T13:11:45+00:00,45.625072,12.929269,26950,176,,False
1780233107,2026-05-31T13:11:47+00:00,45.626526,12.927804,26950,176,,False
1780233110,2026-05-31T13:11:50+00:00,45.627846,12.925704,26950,176,,False
1780233112,2026-05-31T13:11:52+00:00,45.629013,12.923364,26950,176,,False
1780233114,2026-05-31T13:11:54+00:00,45.62999,12.921325,26975,176,,False
1780233117,2026-05-31T13:11:57+00:00,45.630844,12.918843,26950,178,,False
1780233119,2026-05-31T13:11:59+00:00,45.631638,12.915933,26950,178,,False
1780233121,2026-05-31T13:12:01+00:00,45.631939,12.913722,26950,178,,False
1780233123,2026-05-31T13:12:03+00:00,45.632267,12.911322,26950,178,,False
1780233125,2026-05-31T13:12:05+00:00,45.632347,12.908811,26950,178,,False
1780233128,2026-05-31T13:12:08+00:00,45.632278,12.905755,26950,178,,False
1780233130,2026-05-31T13:12:10+00:00,45.632099,12.903594,26950,178,,False
1780233132,2026-05-31T13:12:12+00:00,45.631683,12.900973,26950,178,,False
1780233134,2026-05-31T13:12:14+00:00,45.631042,12.898132,26950,178,,False
1780233136,2026-05-31T13:12:16+00:00,45.630322,12.895798,26950,188,,False
1780233138,2026-05-31T13:12:18+00:00,45.629543,12.893534,26950,185,,False
1780233141,2026-05-31T13:12:21+00:00,45.628475,12.891169,26950,191,,False
1780233143,2026-05-31T13:12:23+00:00,45.627407,12.889105,26950,190,,False
1780233145,2026-05-31T13:12:25+00:00,45.625954,12.886978,26950,195,,False
1780233147,2026-05-31T13:12:27+00:00,45.62471,12.885175,26950,188,,False
1780233149,2026-05-31T13:12:29+00:00,45.623093,12.883462,26950,199,,False
1780233151,2026-05-31T13:12:31+00:00,45.621284,12.881758,26975,201,,False
1780233154,2026-05-31T13:12:34+00:00,45.619576,12.880377,26975,201,,False
1780233156,2026-05-31T13:12:36+00:00,45.617702,12.879141,26975,203,,False
1780233158,2026-05-31T13:12:38+00:00,45.616093,12.878328,26975,204,,False
1780233160,2026-05-31T13:12:40+00:00,45.613785,12.877406,26975,202,,False
1780233162,2026-05-31T13:12:42+00:00,45.611736,12.876954,26950,207,,False
1780233164,2026-05-31T13:12:44+00:00,45.609707,12.876525,26950,209,,False
1780233167,2026-05-31T13:12:47+00:00,45.607628,12.876739,26950,120,,False
1780233169,2026-05-31T13:12:49+00:00,45.604973,12.876836,26950,216,,False
1780233171,2026-05-31T13:12:51+00:00,45.602886,12.877079,26950,216,,False
1780233173,2026-05-31T13:12:53+00:00,45.600605,12.878096,26950,218,,False
1780233176,2026-05-31T13:12:56+00:00,45.598576,12.878888,26950,218,,False
1780233178,2026-05-31T13:12:58+00:00,45.596386,12.880151,26950,218,,False
1780233180,2026-05-31T13:13:00+00:00,45.594246,12.881669,26950,220,,False
1780233182,2026-05-31T13:13:02+00:00,45.592548,12.88318,26950,220,,False
1780233185,2026-05-31T13:13:05+00:00,45.590393,12.8853,26950,220,,False
1780233187,2026-05-31T13:13:07+00:00,45.588806,12.887282,26950,220,,False
1780233189,2026-05-31T13:13:09+00:00,45.587074,12.889736,26950,220,,False
1780233191,2026-05-31T13:13:11+00:00,45.585625,12.892014,26950,220,,False
1780233193,2026-05-31T13:13:13+00:00,45.584408,12.894455,26950,220,,False
1780233196,2026-05-31T13:13:16+00:00,45.583107,12.897324,26950,220,,False
1780233198,2026-05-31T13:13:18+00:00,45.582161,12.899958,26950,220,,False
1780233200,2026-05-31T13:13:20+00:00,45.581264,12.90307,26950,218,,False
1780233202,2026-05-31T13:13:22+00:00,45.580532,12.905979,26950,218,,False
1780233204,2026-05-31T13:13:24+00:00,45.580009,12.908814,26950,218,,False
1780233206,2026-05-31T13:13:26+00:00,45.579613,12.911903,26950,216,,False
1780233208,2026-05-31T13:13:28+00:00,45.579384,12.91473,26950,214,,False
1780233211,2026-05-31T13:13:31+00:00,45.579311,12.917674,26950,214,,False
1780233213,2026-05-31T13:13:33+00:00,45.579502,12.920582,26950,212,,False
1780233215,2026-05-31T13:13:35+00:00,45.579685,12.923561,26950,210,,False
1780233217,2026-05-31T13:13:37+00:00,45.580147,12.926238,26950,208,,False
1780233219,2026-05-31T13:13:39+00:00,45.580669,12.928966,26950,208,,False
1780233221,2026-05-31T13:13:41+00:00,45.58144,12.932237,26950,206,,False
1780233223,2026-05-31T13:13:43+00:00,45.582237,12.934652,26950,204,,False
1780233225,2026-05-31T13:13:45+00:00,45.583263,12.937052,26950,202,,False
1780233228,2026-05-31T13:13:48+00:00,45.584415,12.939587,26950,200,,False
1780233230,2026-05-31T13:13:50+00:00,45.585926,12.942211,26950,198,,False
1780233232,2026-05-31T13:13:52+00:00,45.58728,12.94412,26950,196,,False
1780233234,2026-05-31T13:13:54+00:00,45.58889,12.946028,26950,196,,False
1780233236,2026-05-31T13:13:56+00:00,45.590336,12.947509,26950,194,,False
1780233239,2026-05-31T13:13:59+00:00,45.592312,12.949135,26950,192,,False
1780233241,2026-05-31T13:14:01+00:00,45.593746,12.949917,26950,190,,False
1780233243,2026-05-31T13:14:03+00:00,45.595715,12.951077,26950,188,,False
1780233246,2026-05-31T13:14:06+00:00,45.597466,12.951816,26950,188,,False
1780233248,2026-05-31T13:14:08+00:00,45.5998,12.952361,26950,186,,False
1780233250,2026-05-31T13:14:10+00:00,45.601402,12.952582,26950,184,,False
1780233252,2026-05-31T13:14:12+00:00,45.603207,12.952603,26950,182,,False
1780233254,2026-05-31T13:14:14+00:00,45.604942,12.952375,26950,182,,False
1780233257,2026-05-31T13:14:17+00:00,45.606918,12.951831,26950,180,,False
1780233259,2026-05-31T13:14:19+00:00,45.608704,12.950986,26950,178,,False
1780233261,2026-05-31T13:14:21+00:00,45.610363,12.950113,26950,178,,False
1780233263,2026-05-31T13:14:23+00:00,45.61195,12.948825,26950,176,,False
1780233265,2026-05-31T13:14:25+00:00,45.613342,12.947648,26950,176,,False
1780233267,2026-05-31T13:14:27+00:00,45.614616,12.9461,26950,176,,False
1780233270,2026-05-31T13:14:30+00:00,45.61623,12.944407,26950,176,,False
1780233272,2026-05-31T13:14:32+00:00,45.617214,12.942737,26950,176,,False
1780233274,2026-05-31T13:14:34+00:00,45.618286,12.940221,26950,176,,False
1780233276,2026-05-31T13:14:36+00:00,45.619007,12.938242,26950,178,,False
1780233278,2026-05-31T13:14:38+00:00,45.620064,12.935186,26950,178,,False
1780233281,2026-05-31T13:14:41+00:00,45.620693,12.932928,26950,180,,False
1780233283,2026-05-31T13:14:43+00:00,45.621033,12.930157,26950,180,,False
1780233285,2026-05-31T13:14:45+00:00,45.621307,12.927754,26950,182,,False
1780233288,2026-05-31T13:14:48+00:00,45.621437,12.924993,26950,182,,False
1780233290,2026-05-31T13:14:50+00:00,45.621342,12.922417,26950,182,,False
1780233292,2026-05-31T13:14:52+00:00,45.621147,12.919224,26950,182,,False
1780233294,2026-05-31T13:14:54+00:00,45.620548,12.916823,26950,182,,False
1780233296,2026-05-31T13:14:56+00:00,45.619999,12.914462,27000,182,,False
1780233299,2026-05-31T13:14:59+00:00,45.619305,12.911972,26950,189,,False
1780233301,2026-05-31T13:15:01+00:00,45.618511,12.909384,26950,186,,False
1780233303,2026-05-31T13:15:03+00:00,45.617905,12.907093,26950,180,,False
1780233305,2026-05-31T13:15:05+00:00,45.617149,12.904366,26950,191,,False
1780233308,2026-05-31T13:15:08+00:00,45.616528,12.902109,26950,185,,False
1780233310,2026-05-31T13:15:10+00:00,45.615707,12.898973,26925,191,,False
1780233312,2026-05-31T13:15:12+00:00,45.615025,12.896433,26925,192,,False
1780233314,2026-05-31T13:15:14+00:00,45.614414,12.894065,26925,186,,False
1780233316,2026-05-31T13:15:16+00:00,45.613762,12.891524,26925,191,,False
1780233319,2026-05-31T13:15:19+00:00,45.613014,12.888567,26925,189,,False
1780233321,2026-05-31T13:15:21+00:00,45.612415,12.88631,26925,191,,False
1780233323,2026-05-31T13:15:23+00:00,45.611813,12.883839,26925,179,,False
1780233342,2026-05-31T13:15:42+00:00,45.605331,12.860822,26925,198,,False
1780233345,2026-05-31T13:15:45+00:00,45.604206,12.858509,26950,190,,False
1780233347,2026-05-31T13:15:47+00:00,45.602936,12.85657,26950,130,,False
1780233349,2026-05-31T13:15:49+00:00,45.601887,12.854665,26950,206,,False
1780233351,2026-05-31T13:15:51+00:00,45.600376,12.85244,26950,201,,False
1780233353,2026-05-31T13:15:53+00:00,45.598961,12.850703,26950,194,,False
1780233355,2026-05-31T13:15:55+00:00,45.59724,12.848792,26950,207,,False
1780233357,2026-05-31T13:15:57+00:00,45.595604,12.847346,26950,204,,False
1780233359,2026-05-31T13:15:59+00:00,45.593937,12.84597,26975,202,,False
1780233362,2026-05-31T13:16:02+00:00,45.591927,12.844561,26975,203,,False
1780233364,2026-05-31T13:16:04+00:00,45.590046,12.843527,26975,208,,False
1780233366,2026-05-31T13:16:06+00:00,45.588181,12.842559,26975,209,,False
1780233368,2026-05-31T13:16:08+00:00,45.585995,12.841815,26950,209,,False
1780233370,2026-05-31T13:16:10+00:00,45.584072,12.841385,26950,211,,False
1780233372,2026-05-31T13:16:12+00:00,45.581898,12.840915,26950,211,,False
1780233375,2026-05-31T13:16:15+00:00,45.57975,12.840678,26950,212,,False
1780233377,2026-05-31T13:16:17+00:00,45.577293,12.840613,26950,215,,False
1780233379,2026-05-31T13:16:19+00:00,45.57465,12.840977,26950,218,,False
1780233381,2026-05-31T13:16:21+00:00,45.573078,12.84127,26950,218,,False
1780233383,2026-05-31T13:16:23+00:00,45.570572,12.841983,26950,218,,False
1780233385,2026-05-31T13:16:25+00:00,45.568943,12.84264,26950,220,,False
1780233388,2026-05-31T13:16:28+00:00,45.566761,12.843646,26950,220,,False
1780233390,2026-05-31T13:16:30+00:00,45.564671,12.84481,26950,222,,False
1780233392,2026-05-31T13:16:32+00:00,45.562775,12.846083,26950,222,,False
1780233394,2026-05-31T13:16:34+00:00,45.560619,12.847805,26950,222,,False
1780233397,2026-05-31T13:16:37+00:00,45.558498,12.849756,26950,222,,False
1780233399,2026-05-31T13:16:39+00:00,45.556721,12.851509,26950,222,,False
1780233401,2026-05-31T13:16:41+00:00,45.555016,12.853511,26950,222,,False
1780233403,2026-05-31T13:16:43+00:00,45.553291,12.855873,26950,222,,False
1780233405,2026-05-31T13:16:45+00:00,45.551971,12.85784,26950,222,,False
1780233407,2026-05-31T13:16:47+00:00,45.550167,12.860839,26950,222,,False
1780233410,2026-05-31T13:16:50+00:00,45.549026,12.863138,26950,222,,False
1780233412,2026-05-31T13:16:52+00:00,45.547935,12.865675,26950,222,,False
1780233414,2026-05-31T13:16:54+00:00,45.546799,12.868479,26950,222,,False
1780233416,2026-05-31T13:16:56+00:00,45.545788,12.871403,26950,222,,False
1780233418,2026-05-31T13:16:58+00:00,45.544964,12.874267,26950,222,,False
1780233421,2026-05-31T13:17:01+00:00,45.544319,12.877215,26950,220,,False
1780233423,2026-05-31T13:17:03+00:00,45.543617,12.880609,26950,220,,False
1780233425,2026-05-31T13:17:05+00:00,45.543152,12.883318,26950,218,,False
1780233427,2026-05-31T13:17:07+00:00,45.542927,12.886323,26950,218,,False
1780233429,2026-05-31T13:17:09+00:00,45.542774,12.889418,26950,218,,False
1780233431,2026-05-31T13:17:11+00:00,45.542667,12.892656,26950,216,,False
1780233434,2026-05-31T13:17:14+00:00,45.542824,12.895797,26950,216,,False
1780233436,2026-05-31T13:17:16+00:00,45.543087,12.89928,26950,214,,False
1780233438,2026-05-31T13:17:18+00:00,45.543491,12.902637,26950,214,,False
1780233440,2026-05-31T13:17:20+00:00,45.543919,12.905178,26950,212,,False
1780233442,2026-05-31T13:17:22+00:00,45.544495,12.907933,26950,212,,False
1780233444,2026-05-31T13:17:24+00:00,45.545277,12.910387,26950,210,,False
1780233447,2026-05-31T13:17:27+00:00,45.546112,12.913054,26950,208,,False
1780233449,2026-05-31T13:17:29+00:00,45.547096,12.91585,26950,206,,False
1780233451,2026-05-31T13:17:31+00:00,45.548203,12.918342,26950,206,,False
1780233453,2026-05-31T13:17:33+00:00,45.54937,12.920579,26950,204,,False
1780233455,2026-05-31T13:17:35+00:00,45.550636,12.922813,26950,202,,False
1780233458,2026-05-31T13:17:38+00:00,45.552296,12.92524,26950,202,,False
1780233460,2026-05-31T13:17:40+00:00,45.553795,12.927214,26950,200,,False
1780233462,2026-05-31T13:17:42+00:00,45.55558,12.929256,26950,200,,False
1780233464,2026-05-31T13:17:44+00:00,45.557125,12.930824,26950,196,,False
1780233466,2026-05-31T13:17:46+00:00,45.558769,12.932144,26950,196,,False
1780233469,2026-05-31T13:17:49+00:00,45.560619,12.933551,26950,194,,False
1780233471,2026-05-31T13:17:51+00:00,45.562386,12.934454,26950,192,,False
1780233473,2026-05-31T13:17:53+00:00,45.564377,12.935467,26950,192,,False
1780233476,2026-05-31T13:17:56+00:00,45.566486,12.936263,26950,190,,False
1780233478,2026-05-31T13:17:58+00:00,45.568256,12.936748,26950,190,,False
1780233480,2026-05-31T13:18:00+00:00,45.570148,12.936939,26950,188,,False
1780233483,2026-05-31T13:18:03+00:00,45.572124,12.937031,26950,188,,False
1780233485,2026-05-31T13:18:05+00:00,45.574261,12.936881,26950,186,,False
1780233487,2026-05-31T13:18:07+00:00,45.576496,12.936431,26950,184,,False
1780233489,2026-05-31T13:18:09+00:00,45.578117,12.936036,26950,184,,False
1780233491,2026-05-31T13:18:11+00:00,45.5798,12.935256,26950,182,,False
1780233494,2026-05-31T13:18:14+00:00,45.581749,12.934388,26950,182,,False
1780233496,2026-05-31T13:18:16+00:00,45.583229,12.93327,26950,182,,False
1780233498,2026-05-31T13:18:18+00:00,45.584797,12.932063,26950,182,,False
1780233500,2026-05-31T13:18:20+00:00,45.586365,12.930666,26950,182,,False
1780233502,2026-05-31T13:18:22+00:00,45.588154,12.928764,26950,182,,False
1780233505,2026-05-31T13:18:25+00:00,45.589222,12.927516,26950,182,,False
1780233507,2026-05-31T13:18:27+00:00,45.590553,12.925222,26950,182,,False
1780233509,2026-05-31T13:18:29+00:00,45.591679,12.92347,26950,182,,False
1780233511,2026-05-31T13:18:31+00:00,45.592735,12.921501,26950,182,,False
1780233514,2026-05-31T13:18:34+00:00,45.593895,12.918736,26950,182,,False
1780233516,2026-05-31T13:18:36+00:00,45.594662,12.916409,26950,182,,False
1780233518,2026-05-31T13:18:38+00:00,45.595478,12.913667,26950,182,,False
1780233520,2026-05-31T13:18:40+00:00,45.595982,12.911478,26950,182,,False
1780233522,2026-05-31T13:18:42+00:00,45.596371,12.908779,26925,182,,False
1780233524,2026-05-31T13:18:44+00:00,45.596645,12.906175,26925,184,,False
1780233527,2026-05-31T13:18:47+00:00,45.596863,12.903481,26925,184,,False
1780233529,2026-05-31T13:18:49+00:00,45.596928,12.901032,26925,184,,False
1780233531,2026-05-31T13:18:51+00:00,45.596802,12.898605,26950,184,,False
1780233533,2026-05-31T13:18:53+00:00,45.596493,12.895516,26950,184,,False
1780233536,2026-05-31T13:18:56+00:00,45.596104,12.89257,26950,184,,False
1780233538,2026-05-31T13:18:58+00:00,45.59552,12.88977,26950,186,,False
1780233540,2026-05-31T13:19:00+00:00,45.594765,12.887108,26950,191,,False
1780233543,2026-05-31T13:19:03+00:00,45.593933,12.884425,26950,192,,False
1780233545,2026-05-31T13:19:05+00:00,45.592937,12.882128,26950,191,,False
1780233547,2026-05-31T13:19:07+00:00,45.591953,12.880064,26950,193,,False
1780233549,2026-05-31T13:19:09+00:00,45.590874,12.877895,26950,195,,False
1780233551,2026-05-31T13:19:11+00:00,45.58963,12.87584,26950,196,,False
1780233553,2026-05-31T13:19:13+00:00,45.587967,12.873459,26950,193,,False
1780233555,2026-05-31T13:19:15+00:00,45.586826,12.872037,26950,194,,False
1780233557,2026-05-31T13:19:17+00:00,45.585331,12.87054,26950,193,,False
1780233560,2026-05-31T13:19:20+00:00,45.583324,12.86851,26950,207,,False
1780233562,2026-05-31T13:19:22+00:00,45.581554,12.866982,26950,206,,False
1780233564,2026-05-31T13:19:24+00:00,45.579853,12.865757,26950,203,,False
1780233566,2026-05-31T13:19:26+00:00,45.578045,12.864876,26950,203,,False
1780233568,2026-05-31T13:19:28+00:00,45.575947,12.863806,26950,204,,False
1780233571,2026-05-31T13:19:31+00:00,45.574066,12.86305,26950,206,,False
1780233573,2026-05-31T13:19:33+00:00,45.571922,12.862504,26950,207,,False
1780233575,2026-05-31T13:19:35+00:00,45.569908,12.862194,26950,209,,False
1780233577,2026-05-31T13:19:37+00:00,45.567894,12.86198,26950,211,,False
1780233579,2026-05-31T13:19:39+00:00,45.565697,12.861925,26950,214,,False
1780233581,2026-05-31T13:19:41+00:00,45.563698,12.862171,26950,214,,False
1780233583,2026-05-31T13:19:43+00:00,45.56171,12.862523,26950,216,,False
1780233585,2026-05-31T13:19:45+00:00,45.55957,12.863039,26950,216,,False
1780233588,2026-05-31T13:19:48+00:00,45.557358,12.863826,26950,216,,False
1780233590,2026-05-31T13:19:50+00:00,45.555077,12.864973,26950,218,,False
1780233592,2026-05-31T13:19:52+00:00,45.55291,12.866214,26950,218,,False
1780233594,2026-05-31T13:19:54+00:00,45.550999,12.867552,26950,218,,False
1780233597,2026-05-31T13:19:57+00:00,45.548904,12.869206,26950,218,,False
1780233599,2026-05-31T13:19:59+00:00,45.547039,12.87097,26950,218,,False
1780233601,2026-05-31T13:20:01+00:00,45.545395,12.872681,26950,218,,False
1780233603,2026-05-31T13:20:03+00:00,45.543785,12.874672,26950,218,,False
1780233605,2026-05-31T13:20:05+00:00,45.542198,12.87687,26950,218,,False
1780233607,2026-05-31T13:20:07+00:00,45.540516,12.879476,26950,218,,False
1780233609,2026-05-31T13:20:09+00:00,45.53915,12.881724,26950,218,,False
1780233611,2026-05-31T13:20:11+00:00,45.538094,12.883941,26950,218,,False
1780233614,2026-05-31T13:20:14+00:00,45.536934,12.886758,26950,218,,False
1780233616,2026-05-31T13:20:16+00:00,45.535957,12.889395,26950,216,,False
1780233618,2026-05-31T13:20:18+00:00,45.534996,12.892108,26950,216,,False
1780233621,2026-05-31T13:20:21+00:00,45.5341,12.895232,26950,216,,False
1780233623,2026-05-31T13:20:23+00:00,45.533409,12.898568,26950,216,,False
1780233625,2026-05-31T13:20:25+00:00,45.532894,12.901302,26950,216,,False
1780233627,2026-05-31T13:20:27+00:00,45.532574,12.904207,27000,216,,False
1780233629,2026-05-31T13:20:29+00:00,45.532291,12.907116,26950,214,,False
1780233631,2026-05-31T13:20:31+00:00,45.532162,12.910242,26950,214,,False
1780233633,2026-05-31T13:20:33+00:00,45.532257,12.91312,26950,212,,False
1780233636,2026-05-31T13:20:36+00:00,45.532356,12.916245,26950,212,,False
1780233638,2026-05-31T13:20:38+00:00,45.532673,12.919741,26950,210,,False
1780233640,2026-05-31T13:20:40+00:00,45.533195,12.923318,26950,210,,False
1780233643,2026-05-31T13:20:43+00:00,45.533787,12.925799,26950,208,,False
1780233645,2026-05-31T13:20:45+00:00,45.53447,12.928636,26950,206,,False
1780233647,2026-05-31T13:20:47+00:00,45.535252,12.93124,26950,206,,False
1780233649,2026-05-31T13:20:49+00:00,45.536125,12.933688,26950,204,,False
1780233651,2026-05-31T13:20:51+00:00,45.537231,12.936182,26950,202,,False
1780233653,2026-05-31T13:20:53+00:00,45.538456,12.938582,26950,202,,False
1780233655,2026-05-31T13:20:55+00:00,45.539768,12.940979,26950,200,,False
1780233658,2026-05-31T13:20:58+00:00,45.540936,12.94292,26950,198,,False
1780233660,2026-05-31T13:21:00+00:00,45.542389,12.944916,26950,196,,False
1780233662,2026-05-31T13:21:02+00:00,45.543812,12.946582,26950,196,,False
1780233664,2026-05-31T13:21:04+00:00,45.545353,12.94823,26950,196,,False
1780233666,2026-05-31T13:21:06+00:00,45.547161,12.949844,26950,192,,False
1780233668,2026-05-31T13:21:08+00:00,45.548771,12.951131,26950,192,,False
1780233670,2026-05-31T13:21:10+00:00,45.550484,12.952229,26950,190,,False
1780233673,2026-05-31T13:21:13+00:00,45.552246,12.953011,26950,188,,False
1780233675,2026-05-31T13:21:15+00:00,45.554108,12.953866,26950,188,,False
1780233677,2026-05-31T13:21:17+00:00,45.555927,12.954395,26950,186,,False
1780233679,2026-05-31T13:21:19+00:00,45.557606,12.954738,26950,184,,False
1780233681,2026-05-31T13:21:21+00:00,45.559803,12.954928,26950,184,,False
1780233683,2026-05-31T13:21:23+00:00,45.561565,12.954955,26950,184,,False
1780233686,2026-05-31T13:21:26+00:00,45.563423,12.954626,26950,182,,False
1780233688,2026-05-31T13:21:28+00:00,45.565166,12.954413,26950,180,,False
1780233690,2026-05-31T13:21:30+00:00,45.566658,12.95393,26950,180,,False
1780233692,2026-05-31T13:21:32+00:00,45.568363,12.953047,26950,180,,False
1780233694,2026-05-31T13:21:34+00:00,45.570038,12.952209,26950,180,,False
1780233696,2026-05-31T13:21:36+00:00,45.571888,12.951398,26950,180,,False
1780233698,2026-05-31T13:21:38+00:00,45.573639,12.950742,26950,180,,False
1780233701,2026-05-31T13:21:41+00:00,45.57526,12.949988,26950,180,,False
1780233703,2026-05-31T13:21:43+00:00,45.57745,12.949077,26950,180,,False
1780233705,2026-05-31T13:21:45+00:00,45.578972,12.948512,26950,182,,False
1780233707,2026-05-31T13:21:47+00:00,45.580788,12.947778,26950,182,,False
1780233710,2026-05-31T13:21:50+00:00,45.582539,12.947056,26925,182,,False
1780233712,2026-05-31T13:21:52+00:00,45.584278,12.9464,26925,182,,False
1780233714,2026-05-31T13:21:54+00:00,45.586201,12.945657,26925,182,,False
1780233716,2026-05-31T13:21:56+00:00,45.587944,12.945068,26925,182,,False
1780233718,2026-05-31T13:21:58+00:00,45.589607,12.944415,26925,182,,False
1780233720,2026-05-31T13:22:00+00:00,45.591419,12.943764,26925,184,,False
1780233723,2026-05-31T13:22:03+00:00,45.59317,12.943089,26925,184,,False
1780233731,2026-05-31T13:22:11+00:00,45.600269,12.939953,26925,182,,False
1780233734,2026-05-31T13:22:14+00:00,45.602028,12.938977,26925,182,,False
1780233736,2026-05-31T13:22:16+00:00,45.603657,12.937962,26925,180,,False
1780233738,2026-05-31T13:22:18+00:00,45.605461,12.936598,26925,180,,False
1780233740,2026-05-31T13:22:20+00:00,45.607101,12.935276,26950,180,,False
1780233743,2026-05-31T13:22:23+00:00,45.608643,12.933949,26950,180,,False
1780233745,2026-05-31T13:22:25+00:00,45.610096,12.932481,26950,178,,False
1780233747,2026-05-31T13:22:27+00:00,45.611656,12.930653,26950,178,,False
1780233749,2026-05-31T13:22:29+00:00,45.612965,12.92899,26950,178,,False
1780233752,2026-05-31T13:22:32+00:00,45.614292,12.926909,26950,178,,False
1780233754,2026-05-31T13:22:34+00:00,45.615406,12.925045,26950,178,,False
1780233756,2026-05-31T13:22:36+00:00,45.616348,12.923026,26950,178,,False
1780233758,2026-05-31T13:22:38+00:00,45.617176,12.920862,26950,178,,False
1780233760,2026-05-31T13:22:40+00:00,45.618011,12.918697,26950,178,,False
1780233762,2026-05-31T13:22:42+00:00,45.619106,12.916172,26975,178,,False
1780233764,2026-05-31T13:22:44+00:00,45.619186,12.913765,26975,180,,False
1780233767,2026-05-31T13:22:47+00:00,45.619629,12.911305,26975,180,,False
1780233769,2026-05-31T13:22:49+00:00,45.619991,12.908795,26975,180,,False
1780233771,2026-05-31T13:22:51+00:00,45.620255,12.906281,26975,180,,False
1780233773,2026-05-31T13:22:53+00:00,45.62027,12.903874,26975,180,,False
1780233775,2026-05-31T13:22:55+00:00,45.620266,12.901058,26975,180,,False
1780233777,2026-05-31T13:22:57+00:00,45.620113,12.898425,26975,180,,False
1780233780,2026-05-31T13:23:00+00:00,45.619774,12.895553,26975,180,,False
1780233782,2026-05-31T13:23:02+00:00,45.619415,12.893379,26975,182,,False
1780233784,2026-05-31T13:23:04+00:00,45.618793,12.890683,26950,187,,False
1780233786,2026-05-31T13:23:06+00:00,45.618137,12.888211,26975,182,,False
1780233788,2026-05-31T13:23:08+00:00,45.617447,12.885465,26975,189,,False
1780233790,2026-05-31T13:23:10+00:00,45.616848,12.883032,26950,188,,False
1780233793,2026-05-31T13:23:13+00:00,45.616238,12.880544,26950,188,,False
1780233795,2026-05-31T13:23:15+00:00,45.615677,12.878296,26950,187,,False
1780233797,2026-05-31T13:23:17+00:00,45.615017,12.875731,26950,188,,False
1780233799,2026-05-31T13:23:19+00:00,45.614441,12.873309,26950,184,,False
1780233802,2026-05-31T13:23:22+00:00,45.613609,12.869959,26925,187,,False
1780233804,2026-05-31T13:23:24+00:00,45.613033,12.867657,26925,185,,False
1780233806,2026-05-31T13:23:26+00:00,45.612423,12.865235,26950,189,,False
1780233808,2026-05-31T13:23:28+00:00,45.611679,12.861981,26950,190,,False
1780233811,2026-05-31T13:23:31+00:00,45.611073,12.8596,26950,191,,False
1780233835,2026-05-31T13:23:55+00:00,45.604019,12.830825,26925,189,,False
1780233837,2026-05-31T13:23:57+00:00,45.603539,12.828734,26925,187,,False
1780233839,2026-05-31T13:23:59+00:00,45.602901,12.825918,26900,191,,False
1780233841,2026-05-31T13:24:01+00:00,45.6022,12.823038,26900,191,,False
1780233843,2026-05-31T13:24:03+00:00,45.601631,12.820761,26900,190,,False
1780233846,2026-05-31T13:24:06+00:00,45.601051,12.818312,26900,190,,False
1780233848,2026-05-31T13:24:08+00:00,45.600376,12.815655,26900,189,,False
1780233850,2026-05-31T13:24:10+00:00,45.599758,12.813092,26875,192,,False
1780233852,2026-05-31T13:24:12+00:00,45.599133,12.810324,26850,194,,False
1780233854,2026-05-31T13:24:14+00:00,45.598579,12.808084,26825,192,,False
1780233856,2026-05-31T13:24:16+00:00,45.598,12.805697,26800,187,,False
1780233858,2026-05-31T13:24:18+00:00,45.597389,12.802868,26750,190,,False
1780233861,2026-05-31T13:24:21+00:00,45.596737,12.800281,26700,189,,False
1780233863,2026-05-31T13:24:23+00:00,45.596134,12.797751,26650,188,,False
1780233865,2026-05-31T13:24:25+00:00,45.595562,12.795295,26600,192,,False
1780233867,2026-05-31T13:24:27+00:00,45.594982,12.792883,26525,193,,False
1780233869,2026-05-31T13:24:29+00:00,45.594452,12.790474,26425,192,,False
1780233871,2026-05-31T13:24:31+00:00,45.593731,12.787497,26300,194,,False
1780233873,2026-05-31T13:24:33+00:00,45.593113,12.784919,26225,197,,False
1780233875,2026-05-31T13:24:35+00:00,45.59248,12.782024,26075,205,,False
1780233878,2026-05-31T13:24:38+00:00,45.591873,12.779352,25975,201,,False
1780233880,2026-05-31T13:24:40+00:00,45.591145,12.776336,25850,205,,False
1780233913,2026-05-31T13:25:13+00:00,45.580059,12.729766,24075,235,,False
1780233944,2026-05-31T13:25:44+00:00,45.568985,12.681678,22450,243,,False
1780233975,2026-05-31T13:26:15+00:00,45.558342,12.634612,20875,243,,False
1780234007,2026-05-31T13:26:47+00:00,45.547123,12.586096,20000,242,,False
1780234038,2026-05-31T13:27:18+00:00,45.536369,12.540128,19850,222,,False
1780234045,2026-05-31T13:27:25+00:00,45.534603,12.530528,19750,228,,False
1780234048,2026-05-31T13:27:28+00:00,45.534275,12.527547,19675,231,,False
1780234050,2026-05-31T13:27:30+00:00,45.53392,12.52357,19625,225,,False
1780234052,2026-05-31T13:27:32+00:00,45.533825,12.520278,19550,224,,False
1780234054,2026-05-31T13:27:34+00:00,45.533825,12.516968,19500,227,,False
1780234056,2026-05-31T13:27:36+00:00,45.533909,12.513919,19425,231,,False
1780234059,2026-05-31T13:27:39+00:00,45.533932,12.510455,19375,233,,False
1780234061,2026-05-31T13:27:41+00:00,45.533936,12.507021,19275,231,,False
1780234064,2026-05-31T13:27:44+00:00,45.533924,12.502925,19225,234,,False
1780234066,2026-05-31T13:27:46+00:00,45.533905,12.499552,19175,238,,False
1780234068,2026-05-31T13:27:48+00:00,45.533894,12.49647,19100,234,,False
1780234070,2026-05-31T13:27:50+00:00,45.533886,12.492454,19050,238,,False
1780234072,2026-05-31T13:27:52+00:00,45.533848,12.489683,18950,241,,False
1780234074,2026-05-31T13:27:54+00:00,45.533806,12.485933,18900,239,,False
1780234077,2026-05-31T13:27:57+00:00,45.533787,12.481483,18775,243,,False
1780234108,2026-05-31T13:28:28+00:00,45.533485,12.430182,17800,254,,False
1780234140,2026-05-31T13:29:00+00:00,45.532997,12.37708,16450,260,,False
1780234172,2026-05-31T13:29:32+00:00,45.531548,12.322182,14925,260,,False
1780234205,2026-05-31T13:30:05+00:00,45.530872,12.267212,14000,238,,False
1780234236,2026-05-31T13:30:36+00:00,45.530712,12.221539,13950,210,,False
1780234269,2026-05-31T13:31:09+00:00,45.530491,12.179567,13875,193,,False
1780234274,2026-05-31T13:31:14+00:00,45.530449,12.174032,13725,196,,False
1780234276,2026-05-31T13:31:16+00:00,45.530499,12.170773,13650,198,,False
1780234278,2026-05-31T13:31:18+00:00,45.530487,12.167948,13575,198,,False
1780234280,2026-05-31T13:31:20+00:00,45.530434,12.164982,13475,198,,False
1780234282,2026-05-31T13:31:22+00:00,45.53046,12.161912,13350,198,,False
1780234284,2026-05-31T13:31:24+00:00,45.530422,12.15862,13250,198,,False
1780234315,2026-05-31T13:31:55+00:00,45.527607,12.112155,11675,245,,False
1780234329,2026-05-31T13:32:09+00:00,45.526119,12.089884,10975,251,,False
1780234342,2026-05-31T13:32:22+00:00,45.524586,12.068464,10325,253,,False
1780234355,2026-05-31T13:32:35+00:00,45.523022,12.046721,9650,253,,False
1780234369,2026-05-31T13:32:49+00:00,45.521355,12.022476,8975,253,,False
1780234383,2026-05-31T13:33:03+00:00,45.519787,11.999581,8275,247,,False
1780234396,2026-05-31T13:33:16+00:00,45.518364,11.978662,7550,250,,False
1780234410,2026-05-31T13:33:30+00:00,45.516891,11.953969,6700,251,,False
1780234424,2026-05-31T13:33:44+00:00,45.515965,11.931532,5850,252,,False
1780234438,2026-05-31T13:33:58+00:00,45.515282,11.90921,5200,252,,False
1780234452,2026-05-31T13:34:12+00:00,45.515038,11.88788,5025,228,,False
1780234459,2026-05-31T13:34:19+00:00,45.515064,11.87725,5000,219,,False
1780234461,2026-05-31T13:34:21+00:00,45.514965,11.873438,5000,219,,False
1780234464,2026-05-31T13:34:24+00:00,45.515007,11.869875,5000,214,,False
1780234466,2026-05-31T13:34:26+00:00,45.515007,11.867533,5000,212,,False
1780234468,2026-05-31T13:34:28+00:00,45.514988,11.864652,4975,209,,False
1780234471,2026-05-31T13:34:31+00:00,45.514977,11.861161,4975,206,,False
1780234473,2026-05-31T13:34:33+00:00,45.515007,11.858157,4975,205,,False
1780234475,2026-05-31T13:34:35+00:00,45.515053,11.854969,4975,200,,False
1780234477,2026-05-31T13:34:37+00:00,45.515068,11.852406,4975,199,,False
1780234480,2026-05-31T13:34:40+00:00,45.515076,11.849504,4975,196,,False
1780234482,2026-05-31T13:34:42+00:00,45.515251,11.846391,4975,193,,False
1780234485,2026-05-31T13:34:45+00:00,45.51556,11.843696,4975,190,,False
1780234487,2026-05-31T13:34:47+00:00,45.516266,11.840164,4975,187,,False
1780234489,2026-05-31T13:34:49+00:00,45.517048,11.837751,5000,188,,False
1780234491,2026-05-31T13:34:51+00:00,45.517929,11.835481,5000,186,,False
1780234493,2026-05-31T13:34:53+00:00,45.518883,11.833332,4975,186,,False
1780234496,2026-05-31T13:34:56+00:00,45.520203,11.830638,4975,185,,False
1780234498,2026-05-31T13:34:58+00:00,45.52153,11.828605,4975,189,,False
1780234501,2026-05-31T13:35:01+00:00,45.522778,11.827107,4950,188,,False
1780234503,2026-05-31T13:35:03+00:00,45.525265,11.82449,4925,188,,False
1780234505,2026-05-31T13:35:05+00:00,45.526531,11.823388,4900,191,,False
1780234508,2026-05-31T13:35:08+00:00,45.528324,11.822222,4850,185,,False
1780234510,2026-05-31T13:35:10+00:00,45.529991,11.821251,4775,185,,False
1780234512,2026-05-31T13:35:12+00:00,45.531975,11.820468,4700,187,,False
1780234514,2026-05-31T13:35:14+00:00,45.534222,11.819807,4625,194,,False
1780234517,2026-05-31T13:35:17+00:00,45.53619,11.819425,4550,195,,False
1780234519,2026-05-31T13:35:19+00:00,45.537933,11.819329,4425,197,,False
1780234521,2026-05-31T13:35:21+00:00,45.540138,11.819293,4325,199,,False
1780234524,2026-05-31T13:35:24+00:00,45.542595,11.819877,4225,206,,False
1780234526,2026-05-31T13:35:26+00:00,45.54475,11.82049,4125,208,,False
1780234528,2026-05-31T13:35:28+00:00,45.547363,11.821645,4025,212,,False
1780234530,2026-05-31T13:35:30+00:00,45.54903,11.822898,3950,214,,False
1780234534,2026-05-31T13:35:34+00:00,45.550674,11.827836,3825,241,,False
1780234536,2026-05-31T13:35:36+00:00,45.551975,11.830573,3725,219,,False
1780234539,2026-05-31T13:35:39+00:00,45.55307,11.833908,3600,213,,False
1780234541,2026-05-31T13:35:41+00:00,45.553814,11.837044,3525,210,,False
1780234544,2026-05-31T13:35:44+00:00,45.554283,11.839808,3450,212,,False
1780234546,2026-05-31T13:35:46+00:00,45.555153,11.84439,3400,218,,False
1780234548,2026-05-31T13:35:48+00:00,45.55584,11.848082,3375,217,,False
1780234550,2026-05-31T13:35:50+00:00,45.556396,11.850695,3350,215,,False
1780234553,2026-05-31T13:35:53+00:00,45.556793,11.853359,3300,212,,False
1780234555,2026-05-31T13:35:55+00:00,45.557407,11.856272,3275,210,,False
1780234558,2026-05-31T13:35:58+00:00,45.557957,11.859623,3250,205,,False
1780234560,2026-05-31T13:36:00+00:00,45.558666,11.863548,3225,204,,False
1780234563,2026-05-31T13:36:03+00:00,45.559097,11.866084,3200,203,,False
1780234565,2026-05-31T13:36:05+00:00,45.559807,11.869594,3200,199,,False
1780234568,2026-05-31T13:36:08+00:00,45.560337,11.872131,3175,196,,False
1780234570,2026-05-31T13:36:10+00:00,45.560894,11.874833,3150,199,,False
1780234573,2026-05-31T13:36:13+00:00,45.561569,11.877832,3125,194,,False
1780234575,2026-05-31T13:36:15+00:00,45.562435,11.882126,3125,192,,False
1780234577,2026-05-31T13:36:17+00:00,45.562901,11.884492,3100,188,,False
1780234579,2026-05-31T13:36:19+00:00,45.563313,11.885961,3075,188,,False
1780234581,2026-05-31T13:36:21+00:00,45.563934,11.888267,3050,188,,False
1780234583,2026-05-31T13:36:23+00:00,45.564575,11.890727,3025,188,,False
1780234586,2026-05-31T13:36:26+00:00,45.565254,11.893254,3025,186,,False
1780234588,2026-05-31T13:36:28+00:00,45.566116,11.896252,3000,182,,False
1780234590,2026-05-31T13:36:30+00:00,45.567036,11.899162,3000,186,,False
1780234593,2026-05-31T13:36:33+00:00,45.567822,11.901626,2975,182,,False
1780234596,2026-05-31T13:36:36+00:00,45.568584,11.903976,3000,178,,False
1780234598,2026-05-31T13:36:38+00:00,45.569553,11.90663,3000,179,,False
1780234601,2026-05-31T13:36:41+00:00,45.570381,11.909148,3025,176,,False
1780234603,2026-05-31T13:36:43+00:00,45.571278,11.911781,3025,178,,False
1780234605,2026-05-31T13:36:45+00:00,45.57206,11.91416,3025,175,,False
1780234608,2026-05-31T13:36:48+00:00,45.572979,11.917044,3025,179,,False
1780234610,2026-05-31T13:36:50+00:00,45.573689,11.919288,3025,177,,False
1780234612,2026-05-31T13:36:52+00:00,45.57452,11.921889,3025,173,,False
1780234615,2026-05-31T13:36:55+00:00,45.575294,11.924265,3000,172,,False
1780234617,2026-05-31T13:36:57+00:00,45.575993,11.926419,3000,171,,False
1780234624,2026-05-31T13:37:04+00:00,45.578472,11.934463,2975,173,,False
1780234631,2026-05-31T13:37:11+00:00,45.58073,11.941751,2975,169,,False
1780234634,2026-05-31T13:37:14+00:00,45.581493,11.943881,3000,172,,False
1780234636,2026-05-31T13:37:16+00:00,45.582359,11.946582,3000,170,,False
1780234639,2026-05-31T13:37:19+00:00,45.583107,11.949001,3000,173,,False
1780234641,2026-05-31T13:37:21+00:00,45.583828,11.951279,3025,173,,False
1780234643,2026-05-31T13:37:23+00:00,45.584732,11.953899,3025,171,,False
1780234645,2026-05-31T13:37:25+00:00,45.585468,11.95618,3025,172,,False
1780234648,2026-05-31T13:37:28+00:00,45.586212,11.958714,3050,173,,False
1780234650,2026-05-31T13:37:30+00:00,45.58683,11.960755,3075,179,,False
1780234652,2026-05-31T13:37:32+00:00,45.587616,11.963443,3100,176,,False
1780234654,2026-05-31T13:37:34+00:00,45.588356,11.965856,3100,173,,False
1780234657,2026-05-31T13:37:37+00:00,45.58923,11.968841,3100,172,,False
1780234660,2026-05-31T13:37:40+00:00,45.589844,11.970827,3100,172,,False
1780234662,2026-05-31T13:37:42+00:00,45.590572,11.973603,3075,175,,False
1780234664,2026-05-31T13:37:44+00:00,45.591125,11.975765,3075,171,,False
1780234666,2026-05-31T13:37:46+00:00,45.591812,11.978495,3050,173,,False
1780234669,2026-05-31T13:37:49+00:00,45.592445,11.981028,3025,172,,False
1780234671,2026-05-31T13:37:51+00:00,45.593025,11.983568,3025,169,,False
1780234674,2026-05-31T13:37:54+00:00,45.593422,11.985523,3000,166,,False
1780234676,2026-05-31T13:37:56+00:00,45.59425,11.988837,2950,166,,False
1780234678,2026-05-31T13:37:58+00:00,45.594776,11.991131,2925,169,,False
1780234681,2026-05-31T13:38:01+00:00,45.595379,11.993278,2900,168,,False
1780234683,2026-05-31T13:38:03+00:00,45.595997,11.99586,2850,169,,False
1780234685,2026-05-31T13:38:05+00:00,45.596733,11.998881,2825,169,,False
1780234688,2026-05-31T13:38:08+00:00,45.597313,12.000822,2775,168,,False
1780234691,2026-05-31T13:38:11+00:00,45.598049,12.003755,2725,168,,False
1780234693,2026-05-31T13:38:13+00:00,45.598904,12.006719,2675,168,,False
1780234695,2026-05-31T13:38:15+00:00,45.599442,12.00874,2650,168,,False
1780234698,2026-05-31T13:38:18+00:00,45.600189,12.011415,2600,168,,False
1780234700,2026-05-31T13:38:20+00:00,45.600815,12.013977,2575,167,,False
1780234703,2026-05-31T13:38:23+00:00,45.601479,12.016641,2525,170,,False
1780234705,2026-05-31T13:38:25+00:00,45.602268,12.019563,2475,171,,False
1780234708,2026-05-31T13:38:28+00:00,45.60276,12.021413,2450,168,,False
1780234714,2026-05-31T13:38:34+00:00,45.604557,12.0283,2325,165,,False
1780234721,2026-05-31T13:38:41+00:00,45.606625,12.036207,2225,168,,False
1780234729,2026-05-31T13:38:49+00:00,45.608757,12.044131,2100,166,,False
1780234735,2026-05-31T13:38:55+00:00,45.610188,12.050137,2000,169,,False
1780234742,2026-05-31T13:39:02+00:00,45.611603,12.057742,1900,168,,False
1780234745,2026-05-31T13:39:05+00:00,45.612286,12.060086,1850,167,,False
1780234747,2026-05-31T13:39:07+00:00,45.613251,12.063145,1825,163,,False
1780234749,2026-05-31T13:39:09+00:00,45.613739,12.065044,1800,166,,False
1780234752,2026-05-31T13:39:12+00:00,45.614223,12.067345,1750,168,,False
1780234754,2026-05-31T13:39:14+00:00,45.614937,12.070362,1725,171,,False
1780234756,2026-05-31T13:39:16+00:00,45.615337,12.071467,1700,169,,False
1780234758,2026-05-31T13:39:18+00:00,45.616096,12.074029,1675,168,,False
1780234761,2026-05-31T13:39:21+00:00,45.616859,12.076612,1650,167,,False
1780234763,2026-05-31T13:39:23+00:00,45.617695,12.079451,1600,169,,False
1780234765,2026-05-31T13:39:25+00:00,45.618385,12.081477,1575,169,,False
1780234768,2026-05-31T13:39:28+00:00,45.619041,12.083728,1525,168,,False
1780234770,2026-05-31T13:39:30+00:00,45.61977,12.086829,1475,166,,False
1780234773,2026-05-31T13:39:33+00:00,45.620499,12.089664,1400,166,,False
1780234776,2026-05-31T13:39:36+00:00,45.621078,12.091932,1375,165,,False
1780234779,2026-05-31T13:39:39+00:00,45.621933,12.094642,1350,162,,False
1780234782,2026-05-31T13:39:42+00:00,45.622868,12.098324,1300,159,,False
1780234784,2026-05-31T13:39:44+00:00,45.623402,12.100646,1250,159,,False
1780234787,2026-05-31T13:39:47+00:00,45.623882,12.102617,1225,158,,False
1780234790,2026-05-31T13:39:50+00:00,45.624634,12.105995,1200,159,,False
1780234792,2026-05-31T13:39:52+00:00,45.625149,12.107589,1175,155,,False
1780234795,2026-05-31T13:39:55+00:00,45.625759,12.110515,1150,158,,False
1780234798,2026-05-31T13:39:58+00:00,45.627808,12.113997,1100,152,,False
1780234801,2026-05-31T13:40:01+00:00,45.628445,12.114762,1050,144,,False
1780234803,2026-05-31T13:40:03+00:00,45.628914,12.117723,1025,151,,False
1780234807,2026-05-31T13:40:07+00:00,45.629402,12.122233,975,159,,False
1780234809,2026-05-31T13:40:09+00:00,45.630196,12.123756,950,154,,False
1780234812,2026-05-31T13:40:12+00:00,45.631069,12.125995,925,148,,False
1780234815,2026-05-31T13:40:15+00:00,45.631397,12.129132,875,146,,False
1780234817,2026-05-31T13:40:17+00:00,45.631626,12.130857,850,146,,False
1780234821,2026-05-31T13:40:21+00:00,45.632183,12.133411,800,142,,False
1780234824,2026-05-31T13:40:24+00:00,45.63287,12.137287,750,141,,False
1780234827,2026-05-31T13:40:27+00:00,45.633743,12.138644,725,134,,False
1780234829,2026-05-31T13:40:29+00:00,45.634197,12.140496,700,130,,False
1780234831,2026-05-31T13:40:31+00:00,45.634716,12.14258,675,129,,False
1780234834,2026-05-31T13:40:34+00:00,45.635262,12.144921,650,129,,False
1780234836,2026-05-31T13:40:36+00:00,45.635784,12.146846,625,127,,False
1780234841,2026-05-31T13:40:41+00:00,45.636765,12.149967,575,124,,False
1780234843,2026-05-31T13:40:43+00:00,45.637199,12.151288,550,124,,False
1780234846,2026-05-31T13:40:46+00:00,45.637806,12.153538,525,121,,False
1780234848,2026-05-31T13:40:48+00:00,45.638775,12.155267,500,120,,False
1780234851,2026-05-31T13:40:51+00:00,45.639389,12.156384,475,119,,False
1780234854,2026-05-31T13:40:54+00:00,45.64048,12.159305,425,119,,False
